ISO-10303-21;
HEADER;
FILE_DESCRIPTION(('FreeCAD Model'),'2;1');
FILE_NAME('Open CASCADE Shape Model','2026-03-24T12:01:41',('Author'),(
    ''),'Open CASCADE STEP processor 7.9','FreeCAD','Unknown');
FILE_SCHEMA(('AUTOMOTIVE_DESIGN { 1 0 10303 214 1 1 1 1 }'));
ENDSEC;
DATA;
#1 = APPLICATION_PROTOCOL_DEFINITION('international standard',
  'automotive_design',2000,#2);
#2 = APPLICATION_CONTEXT(
  'core data for automotive mechanical design processes');
#3 = SHAPE_DEFINITION_REPRESENTATION(#4,#10);
#4 = PRODUCT_DEFINITION_SHAPE('','',#5);
#5 = PRODUCT_DEFINITION('design','',#6,#9);
#6 = PRODUCT_DEFINITION_FORMATION('','',#7);
#7 = PRODUCT('MicroSD_Card001 (Solid)','MicroSD_Card001 (Solid)','',(#8)
  );
#8 = PRODUCT_CONTEXT('',#2,'mechanical');
#9 = PRODUCT_DEFINITION_CONTEXT('part definition',#2,'design');
#10 = ADVANCED_BREP_SHAPE_REPRESENTATION('',(#11,#15),#14295);
#11 = AXIS2_PLACEMENT_3D('',#12,#13,#14);
#12 = CARTESIAN_POINT('',(0.,0.,0.));
#13 = DIRECTION('',(0.,0.,1.));
#14 = DIRECTION('',(1.,0.,-0.));
#15 = MANIFOLD_SOLID_BREP('',#16);
#16 = CLOSED_SHELL('',(#17,#49,#72,#95,#118,#141,#164,#187,#210,#233,
    #256,#279,#302,#325,#348,#371,#394,#417,#440,#463,#486,#509,#532,
    #555,#578,#601,#624,#647,#670,#693,#716,#739,#762,#785,#808,#831,
    #854,#877,#900,#923,#946,#969,#992,#1015,#1038,#1061,#1084,#1107,
    #1130,#1153,#1176,#1199,#1222,#1245,#1261,#1284,#1307,#1330,#1353,
    #1376,#1399,#1422,#1445,#1468,#1491,#1514,#1537,#1560,#1583,#1606,
    #1629,#1652,#1675,#1698,#1721,#1744,#1767,#1790,#1813,#1836,#1859,
    #1882,#1905,#1928,#1951,#1974,#1997,#2020,#2043,#2066,#2089,#2112,
    #2135,#2158,#2174,#2190,#2206,#2222,#2238,#2254,#2270,#2286,#2302,
    #2318,#2334,#2350,#2366,#2382,#2398,#2414,#2430,#2446,#2462,#2478,
    #2494,#2510,#2526,#2542,#2565,#2588,#2604,#2627,#2650,#2673,#2689,
    #2705,#2728,#2744,#2760,#2783,#2799,#2822,#2838,#2861,#2877,#2900,
    #2916,#2939,#2960,#2983,#3006,#3029,#3052,#3075,#3098,#3121,#3144,
    #3160,#3176,#3192,#3208,#3224,#3240,#3256,#3267,#3290,#3306,#3322,
    #3338,#3354,#3370,#3386,#3402,#3418,#3441,#3457,#3473,#3496,#3512,
    #3528,#3551,#3567,#3583,#3599,#3615,#3631,#3647,#3663,#3679,#3695,
    #3718,#3741,#3764,#3787,#3808,#3831,#3854,#3865,#3895,#3918,#3941,
    #3964,#3980,#4003,#4026,#4049,#4072,#4088,#4111,#4134,#4157,#4180,
    #4203,#4226,#4249,#4272,#4295,#4318,#4341,#4364,#4387,#4410,#4433,
    #4456,#4479,#4502,#4525,#4548,#4571,#4594,#4617,#4640,#4663,#4686,
    #4709,#4732,#4755,#4778,#4801,#4824,#4847,#4870,#4893,#4916,#4939,
    #4962,#4985,#5008,#5031,#5054,#5077,#5100,#5123,#5146,#5169,#5192,
    #5215,#5238,#5261,#5284,#5307,#5330,#5353,#5376,#5399,#5422,#5445,
    #5468,#5491,#5514,#5537,#5560,#5583,#5606,#5638,#5661,#5684,#5707,
    #5730,#5753,#5774,#5790,#5806,#5817,#5849,#5872,#5895,#5918,#5941,
    #5964,#5985,#6001,#6017,#6028,#6060,#6083,#6106,#6129,#6152,#6175,
    #6196,#6212,#6228,#6239,#6271,#6294,#6317,#6340,#6363,#6386,#6407,
    #6423,#6439,#6450,#6482,#6505,#6528,#6551,#6574,#6597,#6618,#6634,
    #6650,#6661,#6693,#6716,#6739,#6762,#6785,#6808,#6829,#6845,#6861,
    #6872,#6904,#6927,#6950,#6973,#6996,#7019,#7040,#7056,#7072,#7083,
    #7115,#7138,#7161,#7184,#7207,#7230,#7251,#7267,#7283,#7294,#7317,
    #7340,#7356,#7379,#7395,#7418,#7434,#7457,#7473,#7496,#7512,#7535,
    #7551,#7574,#7590,#7613,#7629,#7652,#7675,#7691,#7714,#7737,#7753,
    #7776,#7792,#7815,#7831,#7854,#7870,#7893,#7909,#7925,#7955,#7971,
    #7994,#8010,#8033,#8049,#8072,#8088,#8109,#8120,#8136,#8152,#8173,
    #8189,#8210,#8226,#8242,#8258,#8281,#8304,#8327,#8343,#8364,#8385,
    #8401,#8417,#8433,#8454,#8477,#8493,#8514,#8530,#8546,#8562,#8573,
    #8596,#8617,#8633,#8654,#8670,#8686,#8709,#8730,#8746,#8762,#8778,
    #8799,#8822,#8845,#8861,#8884,#8907,#8930,#8953,#8976,#8999,#9022,
    #9045,#9068,#9091,#9114,#9137,#9160,#9183,#9206,#9229,#9252,#9275,
    #9291,#9312,#9323,#9334,#9355,#9371,#9392,#9408,#9424,#9435,#9456,
    #9479,#9495,#9511,#9532,#9543,#9559,#9580,#9596,#9607,#9618,#9641,
    #9664,#9680,#9703,#9726,#9742,#9765,#9788,#9811,#9832,#9848,#9864,
    #9880,#9891,#9907,#9928,#9939,#9955,#9971,#9987,#10003,#10019,#10035
    ,#10051,#10067,#10083,#10099,#10115,#10131,#10147,#10163,#10179,
    #10195,#10211,#10227,#10238,#10261,#10284,#10307,#10330,#10353,
    #10376,#10399,#10422,#10445,#10468,#10491,#10514,#10537,#10560,
    #10583,#10606,#10629,#10652,#10675,#10698,#10714,#10737,#10760,
    #10783,#10806,#10829,#10852,#10875,#10898,#10921,#10944,#10967,
    #10990,#11013,#11036,#11059,#11075,#11103,#11119,#11135,#11165,
    #11186,#11202,#11225,#11248,#11271,#11299,#11315,#11326,#11356,
    #11379,#11402,#11425,#11448,#11471,#11494,#11515,#11526,#11537,
    #11553,#11564,#11585,#11601,#11617,#11633,#11649,#11665,#11681,
    #11697,#11713,#11729,#11745,#11761,#11777,#11793,#11809,#11825,
    #11841,#11852,#11868,#11884,#11905,#11921,#11937,#11953,#11969,
    #11985,#12001,#12017,#12033,#12044,#12060,#12076,#12092,#12108,
    #12124,#12140,#12156,#12172,#12188,#12204,#12220,#12236,#12252,
    #12268,#12289,#12305,#12321,#12337,#12353,#12369,#12385,#12401,
    #12417,#12433,#12449,#12465,#12481,#12497,#12513,#12529,#12545,
    #12561,#12577,#12593,#12609,#12625,#12641,#12657,#12673,#12689,
    #12705,#12721,#12737,#12753,#12769,#12785,#12801,#12817,#12833,
    #12849,#12865,#12881,#12897,#12908,#12924,#12940,#12961,#12977,
    #12993,#13009,#13025,#13041,#13057,#13073,#13089,#13105,#13121,
    #13137,#13153,#13169,#13185,#13201,#13217,#13233,#13249,#13265,
    #13281,#13297,#13313,#13329,#13345,#13361,#13377,#13393,#13409,
    #13425,#13441,#13457,#13473,#13489,#13505,#13521,#13537,#13553,
    #13569,#13580,#13601,#13617,#13628,#13644,#13660,#13676,#13692,
    #13708,#13724,#13740,#13756,#13772,#13788,#13804,#13820,#13836,
    #13852,#13868,#13884,#13900,#13916,#13932,#13948,#13964,#13980,
    #13996,#14012,#14028,#14044,#14060,#14076,#14092,#14108,#14124,
    #14140,#14156,#14172,#14188,#14204,#14220,#14236,#14252,#14268,
    #14284));
#17 = ADVANCED_FACE('',(#18),#44,.T.);
#18 = FACE_BOUND('',#19,.T.);
#19 = EDGE_LOOP('',(#20,#30,#38));
#20 = ORIENTED_EDGE('',*,*,#21,.T.);
#21 = EDGE_CURVE('',#22,#24,#26,.T.);
#22 = VERTEX_POINT('',#23);
#23 = CARTESIAN_POINT('',(-6.400000095367,5.5,0.938673973083));
#24 = VERTEX_POINT('',#25);
#25 = CARTESIAN_POINT('',(-6.462132930756,5.498243808746,1.));
#26 = LINE('',#27,#28);
#27 = CARTESIAN_POINT('',(-6.400000095367,5.5,0.938673973083));
#28 = VECTOR('',#29,1.);
#29 = DIRECTION('',(-0.711568590411,-2.011256249699E-02,0.702328716464)
  );
#30 = ORIENTED_EDGE('',*,*,#31,.T.);
#31 = EDGE_CURVE('',#24,#32,#34,.T.);
#32 = VERTEX_POINT('',#33);
#33 = CARTESIAN_POINT('',(-6.377691745758,5.045027256012,1.));
#34 = LINE('',#35,#36);
#35 = CARTESIAN_POINT('',(-6.462132930756,5.498243808746,1.));
#36 = VECTOR('',#37,1.);
#37 = DIRECTION('',(0.183163325583,-0.983082497129,0.));
#38 = ORIENTED_EDGE('',*,*,#39,.T.);
#39 = EDGE_CURVE('',#32,#22,#40,.T.);
#40 = LINE('',#41,#42);
#41 = CARTESIAN_POINT('',(-6.377691745758,5.045027256012,1.));
#42 = VECTOR('',#43,1.);
#43 = DIRECTION('',(-4.853556588697E-02,0.989869711533,-0.133425083976)
  );
#44 = PLANE('',#45);
#45 = AXIS2_PLACEMENT_3D('',#46,#47,#48);
#46 = CARTESIAN_POINT('',(-6.40671238496,5.291742704051,0.98336144547));
#47 = DIRECTION('',(0.694706072019,0.129434380965,0.707552269818));
#48 = DIRECTION('',(0.713554699404,1.387778780781E-17,-0.700599522522));
#49 = ADVANCED_FACE('',(#50),#67,.T.);
#50 = FACE_BOUND('',#51,.T.);
#51 = EDGE_LOOP('',(#52,#60,#61));
#52 = ORIENTED_EDGE('',*,*,#53,.T.);
#53 = EDGE_CURVE('',#54,#22,#56,.T.);
#54 = VERTEX_POINT('',#55);
#55 = CARTESIAN_POINT('',(-6.156902313232,5.5,0.699999988079));
#56 = LINE('',#57,#58);
#57 = CARTESIAN_POINT('',(-6.156902313232,5.5,0.699999988079));
#58 = VECTOR('',#59,1.);
#59 = DIRECTION('',(-0.713569601476,0.,0.700584344565));
#60 = ORIENTED_EDGE('',*,*,#39,.F.);
#61 = ORIENTED_EDGE('',*,*,#62,.T.);
#62 = EDGE_CURVE('',#32,#54,#63,.T.);
#63 = LINE('',#64,#65);
#64 = CARTESIAN_POINT('',(-6.377691745758,5.045027256012,1.));
#65 = VECTOR('',#66,1.);
#66 = DIRECTION('',(0.375489963228,0.773758494488,-0.510201018935));
#67 = PLANE('',#68);
#68 = AXIS2_PLACEMENT_3D('',#69,#70,#71);
#69 = CARTESIAN_POINT('',(-6.310275422511,5.328336644721,0.881984547678)
  );
#70 = DIRECTION('',(0.694690909,0.129435613771,0.707566931704));
#71 = DIRECTION('',(0.713569601476,0.,-0.700584344565));
#72 = ADVANCED_FACE('',(#73),#90,.T.);
#73 = FACE_BOUND('',#74,.T.);
#74 = EDGE_LOOP('',(#75,#83,#84));
#75 = ORIENTED_EDGE('',*,*,#76,.T.);
#76 = EDGE_CURVE('',#77,#54,#79,.T.);
#77 = VERTEX_POINT('',#78);
#78 = CARTESIAN_POINT('',(-6.073289871216,5.046538352966,0.699999988079)
  );
#79 = LINE('',#80,#81);
#80 = CARTESIAN_POINT('',(-6.073289871216,5.046538352966,0.699999988079)
  );
#81 = VECTOR('',#82,1.);
#82 = DIRECTION('',(-0.181330298683,0.983422250501,0.));
#83 = ORIENTED_EDGE('',*,*,#62,.F.);
#84 = ORIENTED_EDGE('',*,*,#85,.T.);
#85 = EDGE_CURVE('',#32,#77,#86,.T.);
#86 = LINE('',#87,#88);
#87 = CARTESIAN_POINT('',(-6.377691745758,5.045027256012,1.));
#88 = VECTOR('',#89,1.);
#89 = DIRECTION('',(0.71223330336,3.535633862667E-03,-0.701933914894));
#90 = PLANE('',#91);
#91 = AXIS2_PLACEMENT_3D('',#92,#93,#94);
#92 = CARTESIAN_POINT('',(-6.207663899183,5.207119618931,0.803155520382)
  );
#93 = DIRECTION('',(0.695813990732,0.128299068587,0.706669823398));
#94 = DIRECTION('',(0.712558748274,0.,-0.701612450188));
#95 = ADVANCED_FACE('',(#96),#113,.T.);
#96 = FACE_BOUND('',#97,.T.);
#97 = EDGE_LOOP('',(#98,#106,#107));
#98 = ORIENTED_EDGE('',*,*,#99,.T.);
#99 = EDGE_CURVE('',#100,#77,#102,.T.);
#100 = VERTEX_POINT('',#101);
#101 = CARTESIAN_POINT('',(-6.300520420074,4.59051656723,1.));
#102 = LINE('',#103,#104);
#103 = CARTESIAN_POINT('',(-6.300520420074,4.59051656723,1.));
#104 = VECTOR('',#105,1.);
#105 = DIRECTION('',(0.384315115691,0.771269823635,-0.507390136879));
#106 = ORIENTED_EDGE('',*,*,#85,.F.);
#107 = ORIENTED_EDGE('',*,*,#108,.T.);
#108 = EDGE_CURVE('',#32,#100,#109,.T.);
#109 = LINE('',#110,#111);
#110 = CARTESIAN_POINT('',(-6.377691745758,5.045027256012,1.));
#111 = VECTOR('',#112,1.);
#112 = DIRECTION('',(0.167394175726,-0.985890049617,0.));
#113 = PLANE('',#114);
#114 = AXIS2_PLACEMENT_3D('',#115,#116,#117);
#115 = CARTESIAN_POINT('',(-6.245471120928,4.883933038937,0.896735055514
    ));
#116 = DIRECTION('',(0.696711717095,0.118294614746,0.707530329657));
#117 = DIRECTION('',(0.712533352937,-6.938893903907E-18,-0.701638240799)
  );
#118 = ADVANCED_FACE('',(#119),#136,.T.);
#119 = FACE_BOUND('',#120,.T.);
#120 = EDGE_LOOP('',(#121,#129,#130));
#121 = ORIENTED_EDGE('',*,*,#122,.T.);
#122 = EDGE_CURVE('',#123,#77,#125,.T.);
#123 = VERTEX_POINT('',#124);
#124 = CARTESIAN_POINT('',(-5.996877670288,4.591808319092,0.699999988079
    ));
#125 = LINE('',#126,#127);
#126 = CARTESIAN_POINT('',(-5.996877670288,4.591808319092,0.699999988079
    ));
#127 = VECTOR('',#128,1.);
#128 = DIRECTION('',(-0.165715244399,0.986173644838,0.));
#129 = ORIENTED_EDGE('',*,*,#99,.F.);
#130 = ORIENTED_EDGE('',*,*,#131,.T.);
#131 = EDGE_CURVE('',#100,#123,#132,.T.);
#132 = LINE('',#133,#134);
#133 = CARTESIAN_POINT('',(-6.300520420074,4.59051656723,1.));
#134 = VECTOR('',#135,1.);
#135 = DIRECTION('',(0.711357672374,3.026245804253E-03,-0.702823664792)
  );
#136 = PLANE('',#137);
#137 = AXIS2_PLACEMENT_3D('',#138,#139,#140);
#138 = CARTESIAN_POINT('',(-6.128554021376,4.753119265456,0.803241565841
    ));
#139 = DIRECTION('',(0.697727048639,0.117245080513,0.706704009252));
#140 = DIRECTION('',(0.711611989084,0.,-0.70257268449));
#141 = ADVANCED_FACE('',(#142),#159,.T.);
#142 = FACE_BOUND('',#143,.T.);
#143 = EDGE_LOOP('',(#144,#152,#153));
#144 = ORIENTED_EDGE('',*,*,#145,.T.);
#145 = EDGE_CURVE('',#146,#123,#148,.T.);
#146 = VERTEX_POINT('',#147);
#147 = CARTESIAN_POINT('',(-6.230638980865,4.134828567505,1.));
#148 = LINE('',#149,#150);
#149 = CARTESIAN_POINT('',(-6.230638980865,4.134828567505,1.));
#150 = VECTOR('',#151,1.);
#151 = DIRECTION('',(0.393181770086,0.768630647984,-0.504593918564));
#152 = ORIENTED_EDGE('',*,*,#131,.F.);
#153 = ORIENTED_EDGE('',*,*,#154,.T.);
#154 = EDGE_CURVE('',#100,#146,#155,.T.);
#155 = LINE('',#156,#157);
#156 = CARTESIAN_POINT('',(-6.300520420074,4.59051656723,1.));
#157 = VECTOR('',#158,1.);
#158 = DIRECTION('',(0.151581654509,-0.988444738979,0.));
#159 = PLANE('',#160);
#160 = AXIS2_PLACEMENT_3D('',#161,#162,#163);
#161 = CARTESIAN_POINT('',(-6.171034537327,4.428724012983,0.8966487859)
  );
#162 = DIRECTION('',(0.69855181718,0.107125503362,0.707495219237));
#163 = DIRECTION('',(0.71159005985,0.,-0.702594895173));
#164 = ADVANCED_FACE('',(#165),#182,.T.);
#165 = FACE_BOUND('',#166,.T.);
#166 = EDGE_LOOP('',(#167,#175,#176));
#167 = ORIENTED_EDGE('',*,*,#168,.T.);
#168 = EDGE_CURVE('',#169,#123,#171,.T.);
#169 = VERTEX_POINT('',#170);
#170 = CARTESIAN_POINT('',(-5.927684783936,4.135923862457,0.699999988079
    ));
#171 = LINE('',#172,#173);
#172 = CARTESIAN_POINT('',(-5.927684783936,4.135923862457,0.699999988079
    ));
#173 = VECTOR('',#174,1.);
#174 = DIRECTION('',(-0.150058684035,0.988677091545,0.));
#175 = ORIENTED_EDGE('',*,*,#145,.F.);
#176 = ORIENTED_EDGE('',*,*,#177,.T.);
#177 = EDGE_CURVE('',#146,#169,#178,.T.);
#178 = LINE('',#179,#180);
#179 = CARTESIAN_POINT('',(-6.230638980865,4.134828567505,1.));
#180 = VECTOR('',#181,1.);
#181 = DIRECTION('',(0.710560390345,2.56894678074E-03,-0.703631531546));
#182 = PLANE('',#183);
#183 = AXIS2_PLACEMENT_3D('',#184,#185,#186);
#184 = CARTESIAN_POINT('',(-6.056675125482,4.297911795667,0.803329474289
    ));
#185 = DIRECTION('',(0.699463644926,0.106162664216,0.706739059451));
#186 = DIRECTION('',(0.710755698975,6.938893903907E-18,-0.703438935783)
  );
#187 = ADVANCED_FACE('',(#188),#205,.T.);
#188 = FACE_BOUND('',#189,.T.);
#189 = EDGE_LOOP('',(#190,#198,#199));
#190 = ORIENTED_EDGE('',*,*,#191,.T.);
#191 = EDGE_CURVE('',#192,#169,#194,.T.);
#192 = VERTEX_POINT('',#193);
#193 = CARTESIAN_POINT('',(-6.168065071106,3.678079128265,1.));
#194 = LINE('',#195,#196);
#195 = CARTESIAN_POINT('',(-6.168065071106,3.678079128265,1.));
#196 = VECTOR('',#197,1.);
#197 = DIRECTION('',(0.402085903275,0.76584030943,-0.501812262544));
#198 = ORIENTED_EDGE('',*,*,#177,.F.);
#199 = ORIENTED_EDGE('',*,*,#200,.T.);
#200 = EDGE_CURVE('',#146,#192,#201,.T.);
#201 = LINE('',#202,#203);
#202 = CARTESIAN_POINT('',(-6.230638980865,4.134828567505,1.));
#203 = VECTOR('',#204,1.);
#204 = DIRECTION('',(0.135730517712,-0.990745793108,0.));
#205 = PLANE('',#206);
#206 = AXIS2_PLACEMENT_3D('',#207,#208,#209);
#207 = CARTESIAN_POINT('',(-6.10387570115,3.972391147253,0.89656070944)
  );
#208 = DIRECTION('',(0.700213751099,9.592811355521E-02,0.707459185962));
#209 = DIRECTION('',(0.710736916658,-6.938893903907E-18,-0.703457912955)
  );
#210 = ADVANCED_FACE('',(#211),#228,.T.);
#211 = FACE_BOUND('',#212,.T.);
#212 = EDGE_LOOP('',(#213,#221,#222));
#213 = ORIENTED_EDGE('',*,*,#214,.T.);
#214 = EDGE_CURVE('',#215,#169,#217,.T.);
#215 = VERTEX_POINT('',#216);
#216 = CARTESIAN_POINT('',(-5.865728378296,3.678999423981,0.699999988079
    ));
#217 = LINE('',#218,#219);
#218 = CARTESIAN_POINT('',(-5.865728378296,3.678999423981,0.699999988079
    ));
#219 = VECTOR('',#220,1.);
#220 = DIRECTION('',(-0.134364843319,0.990931929488,0.));
#221 = ORIENTED_EDGE('',*,*,#191,.F.);
#222 = ORIENTED_EDGE('',*,*,#223,.T.);
#223 = EDGE_CURVE('',#192,#215,#224,.T.);
#224 = LINE('',#225,#226);
#225 = CARTESIAN_POINT('',(-6.168065071106,3.678079128265,1.));
#226 = VECTOR('',#227,1.);
#227 = DIRECTION('',(0.709842904521,2.160721470881E-03,-0.704356715155)
  );
#228 = PLANE('',#229);
#229 = AXIS2_PLACEMENT_3D('',#230,#231,#232);
#230 = CARTESIAN_POINT('',(-5.992045503074,3.841611752618,0.803419244085
    ));
#231 = DIRECTION('',(0.701023242841,9.505484219904E-02,0.706775063207));
#232 = DIRECTION('',(0.709989870885,-6.938893903907E-18,-0.704211888028)
  );
#233 = ADVANCED_FACE('',(#234),#251,.T.);
#234 = FACE_BOUND('',#235,.T.);
#235 = EDGE_LOOP('',(#236,#244,#245));
#236 = ORIENTED_EDGE('',*,*,#237,.T.);
#237 = EDGE_CURVE('',#238,#215,#240,.T.);
#238 = VERTEX_POINT('',#239);
#239 = CARTESIAN_POINT('',(-6.112814903259,3.22038602829,1.));
#240 = LINE('',#241,#242);
#241 = CARTESIAN_POINT('',(-6.112814903259,3.22038602829,1.));
#242 = VECTOR('',#243,1.);
#243 = DIRECTION('',(0.411024967504,0.76289694911,-0.49904581065));
#244 = ORIENTED_EDGE('',*,*,#223,.F.);
#245 = ORIENTED_EDGE('',*,*,#246,.T.);
#246 = EDGE_CURVE('',#192,#238,#247,.T.);
#247 = LINE('',#248,#249);
#248 = CARTESIAN_POINT('',(-6.168065071106,3.678079128265,1.));
#249 = VECTOR('',#250,1.);
#250 = DIRECTION('',(0.119844416485,-0.992792685226,0.));
#251 = PLANE('',#252);
#252 = AXIS2_PLACEMENT_3D('',#253,#254,#255);
#253 = CARTESIAN_POINT('',(-6.044011230525,3.515050826607,0.89647075073)
  );
#254 = DIRECTION('',(0.701697018563,8.47049650851E-02,0.707422337101));
#255 = DIRECTION('',(0.709973929231,0.,-0.704227960118));
#256 = ADVANCED_FACE('',(#257),#274,.T.);
#257 = FACE_BOUND('',#258,.T.);
#258 = EDGE_LOOP('',(#259,#267,#268));
#259 = ORIENTED_EDGE('',*,*,#260,.T.);
#260 = EDGE_CURVE('',#261,#215,#263,.T.);
#261 = VERTEX_POINT('',#262);
#262 = CARTESIAN_POINT('',(-5.811024188995,3.221150398254,0.699999988079
    ));
#263 = LINE('',#264,#265);
#264 = CARTESIAN_POINT('',(-5.811024188995,3.221150398254,0.699999988079
    ));
#265 = VECTOR('',#266,1.);
#266 = DIRECTION('',(-0.118637035871,0.99293768874,0.));
#267 = ORIENTED_EDGE('',*,*,#237,.F.);
#268 = ORIENTED_EDGE('',*,*,#269,.T.);
#269 = EDGE_CURVE('',#238,#261,#270,.T.);
#270 = LINE('',#271,#272);
#271 = CARTESIAN_POINT('',(-6.112814903259,3.22038602829,1.));
#272 = VECTOR('',#273,1.);
#273 = DIRECTION('',(0.70920658048,1.796265369321E-03,-0.704998439456));
#274 = PLANE('',#275);
#275 = AXIS2_PLACEMENT_3D('',#276,#277,#278);
#276 = CARTESIAN_POINT('',(-5.934681857543,3.38433473534,0.80351088519)
  );
#277 = DIRECTION('',(0.70240552834,8.392400732341E-02,0.706812022218));
#278 = DIRECTION('',(0.709314371489,-6.938893903907E-18,-0.70489227716)
  );
#279 = ADVANCED_FACE('',(#280),#297,.T.);
#280 = FACE_BOUND('',#281,.T.);
#281 = EDGE_LOOP('',(#282,#290,#291));
#282 = ORIENTED_EDGE('',*,*,#283,.T.);
#283 = EDGE_CURVE('',#284,#261,#286,.T.);
#284 = VERTEX_POINT('',#285);
#285 = CARTESIAN_POINT('',(-6.064903259277,2.761867046356,1.));
#286 = LINE('',#287,#288);
#287 = CARTESIAN_POINT('',(-6.064903259277,2.761867046356,1.));
#288 = VECTOR('',#289,1.);
#289 = DIRECTION('',(0.419995978034,0.759799381496,-0.496294547939));
#290 = ORIENTED_EDGE('',*,*,#269,.F.);
#291 = ORIENTED_EDGE('',*,*,#292,.T.);
#292 = EDGE_CURVE('',#238,#284,#293,.T.);
#293 = LINE('',#294,#295);
#294 = CARTESIAN_POINT('',(-6.112814903259,3.22038602829,1.));
#295 = VECTOR('',#296,1.);
#296 = DIRECTION('',(0.103926345746,-0.994584996197,0.));
#297 = PLANE('',#298);
#298 = AXIS2_PLACEMENT_3D('',#299,#300,#301);
#299 = CARTESIAN_POINT('',(-5.991456394529,3.056820209069,0.896378941359
    ));
#300 = DIRECTION('',(0.703001294302,7.345813163374E-02,0.707384678309));
#301 = DIRECTION('',(0.709300995488,6.938893903907E-18,-0.704905736819)
  );
#302 = ADVANCED_FACE('',(#303),#320,.T.);
#303 = FACE_BOUND('',#304,.T.);
#304 = EDGE_LOOP('',(#305,#313,#314));
#305 = ORIENTED_EDGE('',*,*,#306,.T.);
#306 = EDGE_CURVE('',#307,#261,#309,.T.);
#307 = VERTEX_POINT('',#308);
#308 = CARTESIAN_POINT('',(-5.763586044312,2.762491464615,0.699999988079
    ));
#309 = LINE('',#310,#311);
#310 = CARTESIAN_POINT('',(-5.763586044312,2.762491464615,0.699999988079
    ));
#311 = VECTOR('',#312,1.);
#312 = DIRECTION('',(-0.102879128735,0.994693864901,0.));
#313 = ORIENTED_EDGE('',*,*,#283,.F.);
#314 = ORIENTED_EDGE('',*,*,#315,.T.);
#315 = EDGE_CURVE('',#284,#307,#316,.T.);
#316 = LINE('',#317,#318);
#317 = CARTESIAN_POINT('',(-6.064903259277,2.761867046356,1.));
#318 = VECTOR('',#319,1.);
#319 = DIRECTION('',(0.708653255005,1.468538833864E-03,-0.705555389437)
  );
#320 = PLANE('',#321);
#321 = AXIS2_PLACEMENT_3D('',#322,#323,#324);
#322 = CARTESIAN_POINT('',(-5.884599255258,2.92619655108,0.8036043241));
#323 = DIRECTION('',(0.703609657089,7.277289128341E-02,0.706850448642));
#324 = DIRECTION('',(0.708729618278,-6.938893903907E-18,-0.705480211045)
  );
#325 = ADVANCED_FACE('',(#326),#343,.T.);
#326 = FACE_BOUND('',#327,.T.);
#327 = EDGE_LOOP('',(#328,#336,#337));
#328 = ORIENTED_EDGE('',*,*,#329,.T.);
#329 = EDGE_CURVE('',#330,#307,#332,.T.);
#330 = VERTEX_POINT('',#331);
#331 = CARTESIAN_POINT('',(-6.024341106415,2.302639245987,1.));
#332 = LINE('',#333,#334);
#333 = CARTESIAN_POINT('',(-6.024341106415,2.302639245987,1.));
#334 = VECTOR('',#335,1.);
#335 = DIRECTION('',(0.428993427329,0.756547457767,-0.493559098238));
#336 = ORIENTED_EDGE('',*,*,#315,.F.);
#337 = ORIENTED_EDGE('',*,*,#338,.T.);
#338 = EDGE_CURVE('',#284,#330,#339,.T.);
#339 = LINE('',#340,#341);
#340 = CARTESIAN_POINT('',(-6.064903259277,2.761867046356,1.));
#341 = VECTOR('',#342,1.);
#342 = DIRECTION('',(8.798432303267E-02,-0.996121859463,0.));
#343 = PLANE('',#344);
#344 = AXIS2_PLACEMENT_3D('',#345,#346,#347);
#345 = CARTESIAN_POINT('',(-5.946224087914,2.597815970862,0.896285390688
    ));
#346 = DIRECTION('',(0.704125557838,6.219320452395E-02,0.707346594047));
#347 = DIRECTION('',(0.708718581899,0.,-0.705491298084));
#348 = ADVANCED_FACE('',(#349),#366,.T.);
#349 = FACE_BOUND('',#350,.T.);
#350 = EDGE_LOOP('',(#351,#359,#360));
#351 = ORIENTED_EDGE('',*,*,#352,.T.);
#352 = EDGE_CURVE('',#353,#307,#355,.T.);
#353 = VERTEX_POINT('',#354);
#354 = CARTESIAN_POINT('',(-5.72342634201,2.303138017654,0.699999988079)
  );
#355 = LINE('',#356,#357);
#356 = CARTESIAN_POINT('',(-5.72342634201,2.303138017654,0.699999988079)
  );
#357 = VECTOR('',#358,1.);
#358 = DIRECTION('',(-8.709436783234E-02,0.996200065796,0.));
#359 = ORIENTED_EDGE('',*,*,#329,.F.);
#360 = ORIENTED_EDGE('',*,*,#361,.T.);
#361 = EDGE_CURVE('',#330,#353,#362,.T.);
#362 = LINE('',#363,#364);
#363 = CARTESIAN_POINT('',(-6.024341106415,2.302639245987,1.));
#364 = VECTOR('',#365,1.);
#365 = DIRECTION('',(0.708181877787,1.17382427799E-03,-0.706029071717));
#366 = PLANE('',#367);
#367 = AXIS2_PLACEMENT_3D('',#368,#369,#370);
#368 = CARTESIAN_POINT('',(-5.841810381015,2.467312812878,0.803699514683
    ));
#369 = DIRECTION('',(0.704637361113,6.160403680376E-02,0.706888344771));
#370 = DIRECTION('',(0.708233515639,-3.469446951954E-18,-0.705978248479)
  );
#371 = ADVANCED_FACE('',(#372),#389,.T.);
#372 = FACE_BOUND('',#373,.T.);
#373 = EDGE_LOOP('',(#374,#382,#383));
#374 = ORIENTED_EDGE('',*,*,#375,.T.);
#375 = EDGE_CURVE('',#376,#353,#378,.T.);
#376 = VERTEX_POINT('',#377);
#377 = CARTESIAN_POINT('',(-5.991140365601,1.842820644379,1.));
#378 = LINE('',#379,#380);
#379 = CARTESIAN_POINT('',(-5.991140365601,1.842820644379,1.));
#380 = VECTOR('',#381,1.);
#381 = DIRECTION('',(0.43801527719,0.753139634402,-0.490839391289));
#382 = ORIENTED_EDGE('',*,*,#361,.F.);
#383 = ORIENTED_EDGE('',*,*,#384,.T.);
#384 = EDGE_CURVE('',#330,#376,#385,.T.);
#385 = LINE('',#386,#387);
#386 = CARTESIAN_POINT('',(-6.024341106415,2.302639245987,1.));
#387 = VECTOR('',#388,1.);
#388 = DIRECTION('',(7.20165147174E-02,-0.997403439741,0.));
#389 = PLANE('',#390);
#390 = AXIS2_PLACEMENT_3D('',#391,#392,#393);
#391 = CARTESIAN_POINT('',(-5.908325776256,2.138155026556,0.896190084262
    ));
#392 = DIRECTION('',(0.705071725985,5.090899660865E-02,0.707306252821));
#393 = DIRECTION('',(0.708224610286,0.,-0.705987182168));
#394 = ADVANCED_FACE('',(#395),#412,.T.);
#395 = FACE_BOUND('',#396,.T.);
#396 = EDGE_LOOP('',(#397,#405,#406));
#397 = ORIENTED_EDGE('',*,*,#398,.T.);
#398 = EDGE_CURVE('',#399,#353,#401,.T.);
#399 = VERTEX_POINT('',#400);
#400 = CARTESIAN_POINT('',(-5.690554141998,1.843205571175,0.699999988079
    ));
#401 = LINE('',#402,#403);
#402 = CARTESIAN_POINT('',(-5.690554141998,1.843205571175,0.699999988079
    ));
#403 = VECTOR('',#404,1.);
#404 = DIRECTION('',(-7.128995002489E-02,0.997455634615,0.));
#405 = ORIENTED_EDGE('',*,*,#375,.F.);
#406 = ORIENTED_EDGE('',*,*,#407,.T.);
#407 = EDGE_CURVE('',#376,#399,#408,.T.);
#408 = LINE('',#409,#410);
#409 = CARTESIAN_POINT('',(-5.991140365601,1.842820644379,1.));
#410 = VECTOR('',#411,1.);
#411 = DIRECTION('',(0.707796336023,9.063947527336E-04,-0.706415971763)
  );
#412 = PLANE('',#413);
#413 = AXIS2_PLACEMENT_3D('',#414,#415,#416);
#414 = CARTESIAN_POINT('',(-5.806326800305,2.007799497195,0.803796481151
    ));
#415 = DIRECTION('',(0.70548534204,5.042230755129E-02,0.706928584135));
#416 = DIRECTION('',(0.70782895216,3.469446951954E-18,-0.706383871903));
#417 = ADVANCED_FACE('',(#418),#435,.T.);
#418 = FACE_BOUND('',#419,.T.);
#419 = EDGE_LOOP('',(#420,#428,#429));
#420 = ORIENTED_EDGE('',*,*,#421,.T.);
#421 = EDGE_CURVE('',#422,#399,#424,.T.);
#422 = VERTEX_POINT('',#423);
#423 = CARTESIAN_POINT('',(-5.965308189392,1.382529377937,1.));
#424 = LINE('',#425,#426);
#425 = CARTESIAN_POINT('',(-5.965308189392,1.382529377937,1.));
#426 = VECTOR('',#427,1.);
#427 = DIRECTION('',(0.447057625312,0.749575145262,-0.488135822548));
#428 = ORIENTED_EDGE('',*,*,#407,.F.);
#429 = ORIENTED_EDGE('',*,*,#430,.T.);
#430 = EDGE_CURVE('',#376,#422,#431,.T.);
#431 = LINE('',#432,#433);
#432 = CARTESIAN_POINT('',(-5.991140365601,1.842820644379,1.));
#433 = VECTOR('',#434,1.);
#434 = DIRECTION('',(5.603319749378E-02,-0.998428906221,0.));
#435 = PLANE('',#436);
#436 = AXIS2_PLACEMENT_3D('',#437,#438,#439);
#437 = CARTESIAN_POINT('',(-5.877770378395,1.677954950806,0.896093021772
    ));
#438 = DIRECTION('',(0.705836394018,3.961250502453E-02,0.707266452141));
#439 = DIRECTION('',(0.707822009815,3.469446951954E-18,-0.706390828382)
  );
#440 = ADVANCED_FACE('',(#441),#458,.T.);
#441 = FACE_BOUND('',#442,.T.);
#442 = EDGE_LOOP('',(#443,#451,#452));
#443 = ORIENTED_EDGE('',*,*,#444,.T.);
#444 = EDGE_CURVE('',#445,#399,#447,.T.);
#445 = VERTEX_POINT('',#446);
#446 = CARTESIAN_POINT('',(-5.664978504181,1.382809758186,0.699999988079
    ));
#447 = LINE('',#448,#449);
#448 = CARTESIAN_POINT('',(-5.664978504181,1.382809758186,0.699999988079
    ));
#449 = VECTOR('',#450,1.);
#450 = DIRECTION('',(-5.546589588191E-02,0.998460582294,0.));
#451 = ORIENTED_EDGE('',*,*,#421,.F.);
#452 = ORIENTED_EDGE('',*,*,#453,.T.);
#453 = EDGE_CURVE('',#422,#445,#454,.T.);
#454 = LINE('',#455,#456);
#455 = CARTESIAN_POINT('',(-5.965308189392,1.382529377937,1.));
#456 = VECTOR('',#457,1.);
#457 = DIRECTION('',(0.707494830505,6.60499399586E-04,-0.706718210144));
#458 = PLANE('',#459);
#459 = AXIS2_PLACEMENT_3D('',#460,#461,#462);
#460 = CARTESIAN_POINT('',(-5.778157171909,1.547773042552,0.803895146721
    ));
#461 = DIRECTION('',(0.706156062573,3.922796686982E-02,0.706968727673));
#462 = DIRECTION('',(0.707513309809,0.,-0.706700018709));
#463 = ADVANCED_FACE('',(#464),#481,.T.);
#464 = FACE_BOUND('',#465,.T.);
#465 = EDGE_LOOP('',(#466,#474,#475));
#466 = ORIENTED_EDGE('',*,*,#467,.T.);
#467 = EDGE_CURVE('',#468,#445,#470,.T.);
#468 = VERTEX_POINT('',#469);
#469 = CARTESIAN_POINT('',(-5.946852207184,0.92188334465,1.));
#470 = LINE('',#471,#472);
#471 = CARTESIAN_POINT('',(-5.946852207184,0.92188334465,1.));
#472 = VECTOR('',#473,1.);
#473 = DIRECTION('',(0.456117093701,0.745853245309,-0.485448383761));
#474 = ORIENTED_EDGE('',*,*,#453,.F.);
#475 = ORIENTED_EDGE('',*,*,#476,.T.);
#476 = EDGE_CURVE('',#422,#468,#477,.T.);
#477 = LINE('',#478,#479);
#478 = CARTESIAN_POINT('',(-5.965308189392,1.382529377937,1.));
#479 = VECTOR('',#480,1.);
#480 = DIRECTION('',(4.003331312164E-02,-0.999198345595,0.));
#481 = PLANE('',#482);
#482 = AXIS2_PLACEMENT_3D('',#483,#484,#485);
#483 = CARTESIAN_POINT('',(-5.854565620953,1.217332908807,0.895994286948
    ));
#484 = DIRECTION('',(0.706422017521,2.830310313072E-02,0.707224764495));
#485 = DIRECTION('',(0.707508201527,0.,-0.706705132833));
#486 = ADVANCED_FACE('',(#487),#504,.T.);
#487 = FACE_BOUND('',#488,.T.);
#488 = EDGE_LOOP('',(#489,#497,#498));
#489 = ORIENTED_EDGE('',*,*,#490,.T.);
#490 = EDGE_CURVE('',#491,#445,#493,.T.);
#491 = VERTEX_POINT('',#492);
#492 = CARTESIAN_POINT('',(-5.646705627441,0.92206633091,0.699999988079)
  );
#493 = LINE('',#494,#495);
#494 = CARTESIAN_POINT('',(-5.646705627441,0.92206633091,0.699999988079)
  );
#495 = VECTOR('',#496,1.);
#496 = DIRECTION('',(-3.962839634551E-02,0.999214486586,0.));
#497 = ORIENTED_EDGE('',*,*,#467,.F.);
#498 = ORIENTED_EDGE('',*,*,#499,.T.);
#499 = EDGE_CURVE('',#468,#491,#500,.T.);
#500 = LINE('',#501,#502);
#501 = CARTESIAN_POINT('',(-5.946852207184,0.92188334465,1.));
#502 = VECTOR('',#503,1.);
#503 = DIRECTION('',(0.707279383984,4.311973469091E-04,-0.706934004741)
  );
#504 = PLANE('',#505);
#505 = AXIS2_PLACEMENT_3D('',#506,#507,#508);
#506 = CARTESIAN_POINT('',(-5.757309534926,1.087349663168,0.803995509381
    ));
#507 = DIRECTION('',(0.706647848919,2.802533531049E-02,0.707010182528));
#508 = DIRECTION('',(0.707287995953,-1.734723475977E-18,-0.706925519968)
  );
#509 = ADVANCED_FACE('',(#510),#527,.T.);
#510 = FACE_BOUND('',#511,.T.);
#511 = EDGE_LOOP('',(#512,#520,#521));
#512 = ORIENTED_EDGE('',*,*,#513,.T.);
#513 = EDGE_CURVE('',#514,#491,#516,.T.);
#514 = VERTEX_POINT('',#515);
#515 = CARTESIAN_POINT('',(-5.93577671051,0.461000829935,1.));
#516 = LINE('',#517,#518);
#517 = CARTESIAN_POINT('',(-5.93577671051,0.461000829935,1.));
#518 = VECTOR('',#519,1.);
#519 = DIRECTION('',(0.4651899123,0.741973281056,-0.482777376948));
#520 = ORIENTED_EDGE('',*,*,#499,.F.);
#521 = ORIENTED_EDGE('',*,*,#522,.T.);
#522 = EDGE_CURVE('',#468,#514,#523,.T.);
#523 = LINE('',#524,#525);
#524 = CARTESIAN_POINT('',(-5.946852207184,0.92188334465,1.));
#525 = VECTOR('',#526,1.);
#526 = DIRECTION('',(2.402412697218E-02,-0.999711379011,0.));
#527 = PLANE('',#528);
#528 = AXIS2_PLACEMENT_3D('',#529,#530,#531);
#529 = CARTESIAN_POINT('',(-5.838717107912,0.756406460388,0.895893874129
    ));
#530 = DIRECTION('',(0.706826901395,1.698580168537E-02,0.707182588873));
#531 = DIRECTION('',(0.707284628215,0.,-0.706928889416));
#532 = ADVANCED_FACE('',(#533),#550,.T.);
#533 = FACE_BOUND('',#534,.T.);
#534 = EDGE_LOOP('',(#535,#543,#544));
#535 = ORIENTED_EDGE('',*,*,#536,.T.);
#536 = EDGE_CURVE('',#537,#491,#539,.T.);
#537 = VERTEX_POINT('',#538);
#538 = CARTESIAN_POINT('',(-5.635739803314,0.461091130972,0.699999988079
    ));
#539 = LINE('',#540,#541);
#540 = CARTESIAN_POINT('',(-5.635739803314,0.461091130972,0.699999988079
    ));
#541 = VECTOR('',#542,1.);
#542 = DIRECTION('',(-2.378158901511E-02,0.999717178018,0.));
#543 = ORIENTED_EDGE('',*,*,#513,.F.);
#544 = ORIENTED_EDGE('',*,*,#545,.T.);
#545 = EDGE_CURVE('',#514,#537,#546,.T.);
#546 = LINE('',#547,#548);
#547 = CARTESIAN_POINT('',(-5.93577671051,0.461000829935,1.));
#548 = VECTOR('',#549,1.);
#549 = DIRECTION('',(0.707150242658,2.128284840244E-04,-0.707063285013)
  );
#550 = PLANE('',#551);
#551 = AXIS2_PLACEMENT_3D('',#552,#553,#554);
#552 = CARTESIAN_POINT('',(-5.743789161651,0.626645877274,0.804097529917
    ));
#553 = DIRECTION('',(0.706960775251,1.68174069392E-02,0.707052782386));
#554 = DIRECTION('',(0.707152789764,-1.734723475977E-18,-0.707060769615)
  );
#555 = ADVANCED_FACE('',(#556),#573,.T.);
#556 = FACE_BOUND('',#557,.T.);
#557 = EDGE_LOOP('',(#558,#566,#567));
#558 = ORIENTED_EDGE('',*,*,#559,.T.);
#559 = EDGE_CURVE('',#560,#537,#562,.T.);
#560 = VERTEX_POINT('',#561);
#561 = CARTESIAN_POINT('',(-5.932084560394,0.,1.));
#562 = LINE('',#563,#564);
#563 = CARTESIAN_POINT('',(-5.932084560394,0.,1.));
#564 = VECTOR('',#565,1.);
#565 = DIRECTION('',(0.474272886945,0.737934505694,-0.480122790561));
#566 = ORIENTED_EDGE('',*,*,#545,.F.);
#567 = ORIENTED_EDGE('',*,*,#568,.T.);
#568 = EDGE_CURVE('',#514,#560,#569,.T.);
#569 = LINE('',#570,#571);
#570 = CARTESIAN_POINT('',(-5.93577671051,0.461000829935,1.));
#571 = VECTOR('',#572,1.);
#572 = DIRECTION('',(8.008731150766E-03,-0.999967929598,0.));
#573 = PLANE('',#574);
#574 = AXIS2_PLACEMENT_3D('',#575,#576,#577);
#575 = CARTESIAN_POINT('',(-5.830228314198,0.295293112913,0.895791821987
    ));
#576 = DIRECTION('',(0.707051112017,5.662763873107E-03,0.707139772676));
#577 = DIRECTION('',(0.707151110837,4.336808689942E-19,-0.707062448757)
  );
#578 = ADVANCED_FACE('',(#579),#596,.T.);
#579 = FACE_BOUND('',#580,.T.);
#580 = EDGE_LOOP('',(#581,#589,#590));
#581 = ORIENTED_EDGE('',*,*,#582,.T.);
#582 = EDGE_CURVE('',#583,#537,#585,.T.);
#583 = VERTEX_POINT('',#584);
#584 = CARTESIAN_POINT('',(-5.632084369659,-1.110223024625E-15,
    0.699999988079));
#585 = LINE('',#586,#587);
#586 = CARTESIAN_POINT('',(-5.632084369659,-1.110223024625E-15,
    0.699999988079));
#587 = VECTOR('',#588,1.);
#588 = DIRECTION('',(-7.927540876266E-03,0.999968576554,0.));
#589 = ORIENTED_EDGE('',*,*,#559,.F.);
#590 = ORIENTED_EDGE('',*,*,#591,.T.);
#591 = EDGE_CURVE('',#560,#583,#592,.T.);
#592 = LINE('',#593,#594);
#593 = CARTESIAN_POINT('',(-5.932084560394,0.,1.));
#594 = VECTOR('',#595,1.);
#595 = DIRECTION('',(0.707106991921,-2.616819880617E-15,-0.707106570452)
  );
#596 = PLANE('',#597);
#597 = AXIS2_PLACEMENT_3D('',#598,#599,#600);
#598 = CARTESIAN_POINT('',(-5.737599866872,0.165778260461,0.804201167949
    ));
#599 = DIRECTION('',(0.707095460335,5.605704315771E-03,0.707095881796));
#600 = DIRECTION('',(0.707106991921,4.336808689942E-19,-0.707106570452)
  );
#601 = ADVANCED_FACE('',(#602),#619,.T.);
#602 = FACE_BOUND('',#603,.T.);
#603 = EDGE_LOOP('',(#604,#612,#613));
#604 = ORIENTED_EDGE('',*,*,#605,.T.);
#605 = EDGE_CURVE('',#606,#583,#608,.T.);
#606 = VERTEX_POINT('',#607);
#607 = CARTESIAN_POINT('',(-5.635739803314,-0.461091130972,
    0.699999988079));
#608 = LINE('',#609,#610);
#609 = CARTESIAN_POINT('',(-5.635739803314,-0.461091130972,
    0.699999988079));
#610 = VECTOR('',#611,1.);
#611 = DIRECTION('',(7.927540876266E-03,0.999968576554,0.));
#612 = ORIENTED_EDGE('',*,*,#591,.F.);
#613 = ORIENTED_EDGE('',*,*,#614,.T.);
#614 = EDGE_CURVE('',#560,#606,#615,.T.);
#615 = LINE('',#616,#617);
#616 = CARTESIAN_POINT('',(-5.932084560394,0.,1.));
#617 = VECTOR('',#618,1.);
#618 = DIRECTION('',(0.474272886945,-0.737934505694,-0.480122790561));
#619 = PLANE('',#620);
#620 = AXIS2_PLACEMENT_3D('',#621,#622,#623);
#621 = CARTESIAN_POINT('',(-5.737599866872,-0.165778260461,
    0.804201167949));
#622 = DIRECTION('',(0.707095460335,-5.605704315771E-03,0.707095881796)
  );
#623 = DIRECTION('',(0.707106991921,8.673617379884E-19,-0.707106570452)
  );
#624 = ADVANCED_FACE('',(#625),#642,.T.);
#625 = FACE_BOUND('',#626,.T.);
#626 = EDGE_LOOP('',(#627,#635,#636));
#627 = ORIENTED_EDGE('',*,*,#628,.T.);
#628 = EDGE_CURVE('',#629,#606,#631,.T.);
#629 = VERTEX_POINT('',#630);
#630 = CARTESIAN_POINT('',(-5.93577671051,-0.461000829935,1.));
#631 = LINE('',#632,#633);
#632 = CARTESIAN_POINT('',(-5.93577671051,-0.461000829935,1.));
#633 = VECTOR('',#634,1.);
#634 = DIRECTION('',(0.707150242658,-2.128284840244E-04,-0.707063285013)
  );
#635 = ORIENTED_EDGE('',*,*,#614,.F.);
#636 = ORIENTED_EDGE('',*,*,#637,.T.);
#637 = EDGE_CURVE('',#560,#629,#638,.T.);
#638 = LINE('',#639,#640);
#639 = CARTESIAN_POINT('',(-5.932084560394,0.,1.));
#640 = VECTOR('',#641,1.);
#641 = DIRECTION('',(-8.008731150766E-03,-0.999967929598,0.));
#642 = PLANE('',#643);
#643 = AXIS2_PLACEMENT_3D('',#644,#645,#646);
#644 = CARTESIAN_POINT('',(-5.830228314198,-0.295293112913,
    0.895791821987));
#645 = DIRECTION('',(0.707051112017,-5.662763873107E-03,0.707139772676)
  );
#646 = DIRECTION('',(0.707151110837,4.336808689942E-19,-0.707062448757)
  );
#647 = ADVANCED_FACE('',(#648),#665,.T.);
#648 = FACE_BOUND('',#649,.T.);
#649 = EDGE_LOOP('',(#650,#658,#659));
#650 = ORIENTED_EDGE('',*,*,#651,.T.);
#651 = EDGE_CURVE('',#652,#606,#654,.T.);
#652 = VERTEX_POINT('',#653);
#653 = CARTESIAN_POINT('',(-5.646705627441,-0.92206633091,0.699999988079
    ));
#654 = LINE('',#655,#656);
#655 = CARTESIAN_POINT('',(-5.646705627441,-0.92206633091,0.699999988079
    ));
#656 = VECTOR('',#657,1.);
#657 = DIRECTION('',(2.378158901511E-02,0.999717178018,0.));
#658 = ORIENTED_EDGE('',*,*,#628,.F.);
#659 = ORIENTED_EDGE('',*,*,#660,.T.);
#660 = EDGE_CURVE('',#629,#652,#661,.T.);
#661 = LINE('',#662,#663);
#662 = CARTESIAN_POINT('',(-5.93577671051,-0.461000829935,1.));
#663 = VECTOR('',#664,1.);
#664 = DIRECTION('',(0.4651899123,-0.741973281056,-0.482777376948));
#665 = PLANE('',#666);
#666 = AXIS2_PLACEMENT_3D('',#667,#668,#669);
#667 = CARTESIAN_POINT('',(-5.743789161651,-0.626645877274,
    0.804097529917));
#668 = DIRECTION('',(0.706960775251,-1.68174069392E-02,0.707052782386));
#669 = DIRECTION('',(0.707152789764,0.,-0.707060769615));
#670 = ADVANCED_FACE('',(#671),#688,.T.);
#671 = FACE_BOUND('',#672,.T.);
#672 = EDGE_LOOP('',(#673,#681,#682));
#673 = ORIENTED_EDGE('',*,*,#674,.T.);
#674 = EDGE_CURVE('',#675,#652,#677,.T.);
#675 = VERTEX_POINT('',#676);
#676 = CARTESIAN_POINT('',(-5.946852207184,-0.92188334465,1.));
#677 = LINE('',#678,#679);
#678 = CARTESIAN_POINT('',(-5.946852207184,-0.92188334465,1.));
#679 = VECTOR('',#680,1.);
#680 = DIRECTION('',(0.707279383984,-4.311973469091E-04,-0.706934004741)
  );
#681 = ORIENTED_EDGE('',*,*,#660,.F.);
#682 = ORIENTED_EDGE('',*,*,#683,.T.);
#683 = EDGE_CURVE('',#629,#675,#684,.T.);
#684 = LINE('',#685,#686);
#685 = CARTESIAN_POINT('',(-5.93577671051,-0.461000829935,1.));
#686 = VECTOR('',#687,1.);
#687 = DIRECTION('',(-2.402412697218E-02,-0.999711379011,0.));
#688 = PLANE('',#689);
#689 = AXIS2_PLACEMENT_3D('',#690,#691,#692);
#690 = CARTESIAN_POINT('',(-5.838717107912,-0.756406460388,
    0.895893874129));
#691 = DIRECTION('',(0.706826901395,-1.698580168537E-02,0.707182588873)
  );
#692 = DIRECTION('',(0.707284628215,0.,-0.706928889416));
#693 = ADVANCED_FACE('',(#694),#711,.T.);
#694 = FACE_BOUND('',#695,.T.);
#695 = EDGE_LOOP('',(#696,#704,#705));
#696 = ORIENTED_EDGE('',*,*,#697,.T.);
#697 = EDGE_CURVE('',#698,#652,#700,.T.);
#698 = VERTEX_POINT('',#699);
#699 = CARTESIAN_POINT('',(-5.664978504181,-1.382809758186,
    0.699999988079));
#700 = LINE('',#701,#702);
#701 = CARTESIAN_POINT('',(-5.664978504181,-1.382809758186,
    0.699999988079));
#702 = VECTOR('',#703,1.);
#703 = DIRECTION('',(3.962839634551E-02,0.999214486586,0.));
#704 = ORIENTED_EDGE('',*,*,#674,.F.);
#705 = ORIENTED_EDGE('',*,*,#706,.T.);
#706 = EDGE_CURVE('',#675,#698,#707,.T.);
#707 = LINE('',#708,#709);
#708 = CARTESIAN_POINT('',(-5.946852207184,-0.92188334465,1.));
#709 = VECTOR('',#710,1.);
#710 = DIRECTION('',(0.456117093701,-0.745853245309,-0.485448383761));
#711 = PLANE('',#712);
#712 = AXIS2_PLACEMENT_3D('',#713,#714,#715);
#713 = CARTESIAN_POINT('',(-5.757309534926,-1.087349663168,
    0.803995509381));
#714 = DIRECTION('',(0.706647848919,-2.802533531049E-02,0.707010182528)
  );
#715 = DIRECTION('',(0.707287995953,-1.734723475977E-18,-0.706925519968)
  );
#716 = ADVANCED_FACE('',(#717),#734,.T.);
#717 = FACE_BOUND('',#718,.T.);
#718 = EDGE_LOOP('',(#719,#727,#728));
#719 = ORIENTED_EDGE('',*,*,#720,.T.);
#720 = EDGE_CURVE('',#721,#698,#723,.T.);
#721 = VERTEX_POINT('',#722);
#722 = CARTESIAN_POINT('',(-5.965308189392,-1.382529377937,1.));
#723 = LINE('',#724,#725);
#724 = CARTESIAN_POINT('',(-5.965308189392,-1.382529377937,1.));
#725 = VECTOR('',#726,1.);
#726 = DIRECTION('',(0.707494830505,-6.60499399586E-04,-0.706718210144)
  );
#727 = ORIENTED_EDGE('',*,*,#706,.F.);
#728 = ORIENTED_EDGE('',*,*,#729,.T.);
#729 = EDGE_CURVE('',#675,#721,#730,.T.);
#730 = LINE('',#731,#732);
#731 = CARTESIAN_POINT('',(-5.946852207184,-0.92188334465,1.));
#732 = VECTOR('',#733,1.);
#733 = DIRECTION('',(-4.003331312164E-02,-0.999198345595,0.));
#734 = PLANE('',#735);
#735 = AXIS2_PLACEMENT_3D('',#736,#737,#738);
#736 = CARTESIAN_POINT('',(-5.854565620953,-1.217332908807,
    0.895994286948));
#737 = DIRECTION('',(0.706422017521,-2.830310313072E-02,0.707224764495)
  );
#738 = DIRECTION('',(0.707508201527,0.,-0.706705132833));
#739 = ADVANCED_FACE('',(#740),#757,.T.);
#740 = FACE_BOUND('',#741,.T.);
#741 = EDGE_LOOP('',(#742,#750,#751));
#742 = ORIENTED_EDGE('',*,*,#743,.T.);
#743 = EDGE_CURVE('',#744,#698,#746,.T.);
#744 = VERTEX_POINT('',#745);
#745 = CARTESIAN_POINT('',(-5.690554141998,-1.843205571175,
    0.699999988079));
#746 = LINE('',#747,#748);
#747 = CARTESIAN_POINT('',(-5.690554141998,-1.843205571175,
    0.699999988079));
#748 = VECTOR('',#749,1.);
#749 = DIRECTION('',(5.546589588191E-02,0.998460582294,0.));
#750 = ORIENTED_EDGE('',*,*,#720,.F.);
#751 = ORIENTED_EDGE('',*,*,#752,.T.);
#752 = EDGE_CURVE('',#721,#744,#753,.T.);
#753 = LINE('',#754,#755);
#754 = CARTESIAN_POINT('',(-5.965308189392,-1.382529377937,1.));
#755 = VECTOR('',#756,1.);
#756 = DIRECTION('',(0.447057625312,-0.749575145262,-0.488135822548));
#757 = PLANE('',#758);
#758 = AXIS2_PLACEMENT_3D('',#759,#760,#761);
#759 = CARTESIAN_POINT('',(-5.778157171909,-1.547773042552,
    0.803895146721));
#760 = DIRECTION('',(0.706156062573,-3.922796686982E-02,0.706968727673)
  );
#761 = DIRECTION('',(0.707513309809,3.469446951954E-18,-0.706700018709)
  );
#762 = ADVANCED_FACE('',(#763),#780,.T.);
#763 = FACE_BOUND('',#764,.T.);
#764 = EDGE_LOOP('',(#765,#773,#774));
#765 = ORIENTED_EDGE('',*,*,#766,.T.);
#766 = EDGE_CURVE('',#767,#744,#769,.T.);
#767 = VERTEX_POINT('',#768);
#768 = CARTESIAN_POINT('',(-5.991140365601,-1.842820644379,1.));
#769 = LINE('',#770,#771);
#770 = CARTESIAN_POINT('',(-5.991140365601,-1.842820644379,1.));
#771 = VECTOR('',#772,1.);
#772 = DIRECTION('',(0.707796336023,-9.063947527336E-04,-0.706415971763)
  );
#773 = ORIENTED_EDGE('',*,*,#752,.F.);
#774 = ORIENTED_EDGE('',*,*,#775,.T.);
#775 = EDGE_CURVE('',#721,#767,#776,.T.);
#776 = LINE('',#777,#778);
#777 = CARTESIAN_POINT('',(-5.965308189392,-1.382529377937,1.));
#778 = VECTOR('',#779,1.);
#779 = DIRECTION('',(-5.603319749378E-02,-0.998428906221,0.));
#780 = PLANE('',#781);
#781 = AXIS2_PLACEMENT_3D('',#782,#783,#784);
#782 = CARTESIAN_POINT('',(-5.877770378395,-1.677954950806,
    0.896093021772));
#783 = DIRECTION('',(0.705836394018,-3.961250502453E-02,0.707266452141)
  );
#784 = DIRECTION('',(0.707822009815,0.,-0.706390828382));
#785 = ADVANCED_FACE('',(#786),#803,.T.);
#786 = FACE_BOUND('',#787,.T.);
#787 = EDGE_LOOP('',(#788,#796,#797));
#788 = ORIENTED_EDGE('',*,*,#789,.T.);
#789 = EDGE_CURVE('',#790,#744,#792,.T.);
#790 = VERTEX_POINT('',#791);
#791 = CARTESIAN_POINT('',(-5.72342634201,-2.303138017654,0.699999988079
    ));
#792 = LINE('',#793,#794);
#793 = CARTESIAN_POINT('',(-5.72342634201,-2.303138017654,0.699999988079
    ));
#794 = VECTOR('',#795,1.);
#795 = DIRECTION('',(7.128995002489E-02,0.997455634615,0.));
#796 = ORIENTED_EDGE('',*,*,#766,.F.);
#797 = ORIENTED_EDGE('',*,*,#798,.T.);
#798 = EDGE_CURVE('',#767,#790,#799,.T.);
#799 = LINE('',#800,#801);
#800 = CARTESIAN_POINT('',(-5.991140365601,-1.842820644379,1.));
#801 = VECTOR('',#802,1.);
#802 = DIRECTION('',(0.43801527719,-0.753139634402,-0.490839391289));
#803 = PLANE('',#804);
#804 = AXIS2_PLACEMENT_3D('',#805,#806,#807);
#805 = CARTESIAN_POINT('',(-5.806326800305,-2.007799497195,
    0.803796481151));
#806 = DIRECTION('',(0.70548534204,-5.042230755129E-02,0.706928584135));
#807 = DIRECTION('',(0.70782895216,-3.469446951954E-18,-0.706383871903)
  );
#808 = ADVANCED_FACE('',(#809),#826,.T.);
#809 = FACE_BOUND('',#810,.T.);
#810 = EDGE_LOOP('',(#811,#819,#820));
#811 = ORIENTED_EDGE('',*,*,#812,.T.);
#812 = EDGE_CURVE('',#813,#790,#815,.T.);
#813 = VERTEX_POINT('',#814);
#814 = CARTESIAN_POINT('',(-6.024341106415,-2.302639245987,1.));
#815 = LINE('',#816,#817);
#816 = CARTESIAN_POINT('',(-6.024341106415,-2.302639245987,1.));
#817 = VECTOR('',#818,1.);
#818 = DIRECTION('',(0.708181877787,-1.17382427799E-03,-0.706029071717)
  );
#819 = ORIENTED_EDGE('',*,*,#798,.F.);
#820 = ORIENTED_EDGE('',*,*,#821,.T.);
#821 = EDGE_CURVE('',#767,#813,#822,.T.);
#822 = LINE('',#823,#824);
#823 = CARTESIAN_POINT('',(-5.991140365601,-1.842820644379,1.));
#824 = VECTOR('',#825,1.);
#825 = DIRECTION('',(-7.20165147174E-02,-0.997403439741,0.));
#826 = PLANE('',#827);
#827 = AXIS2_PLACEMENT_3D('',#828,#829,#830);
#828 = CARTESIAN_POINT('',(-5.908325776256,-2.138155026556,
    0.896190084262));
#829 = DIRECTION('',(0.705071725985,-5.090899660865E-02,0.707306252821)
  );
#830 = DIRECTION('',(0.708224610286,3.469446951954E-18,-0.705987182168)
  );
#831 = ADVANCED_FACE('',(#832),#849,.T.);
#832 = FACE_BOUND('',#833,.T.);
#833 = EDGE_LOOP('',(#834,#842,#843));
#834 = ORIENTED_EDGE('',*,*,#835,.T.);
#835 = EDGE_CURVE('',#836,#790,#838,.T.);
#836 = VERTEX_POINT('',#837);
#837 = CARTESIAN_POINT('',(-5.763586044312,-2.762491464615,
    0.699999988079));
#838 = LINE('',#839,#840);
#839 = CARTESIAN_POINT('',(-5.763586044312,-2.762491464615,
    0.699999988079));
#840 = VECTOR('',#841,1.);
#841 = DIRECTION('',(8.709436783234E-02,0.996200065796,0.));
#842 = ORIENTED_EDGE('',*,*,#812,.F.);
#843 = ORIENTED_EDGE('',*,*,#844,.T.);
#844 = EDGE_CURVE('',#813,#836,#845,.T.);
#845 = LINE('',#846,#847);
#846 = CARTESIAN_POINT('',(-6.024341106415,-2.302639245987,1.));
#847 = VECTOR('',#848,1.);
#848 = DIRECTION('',(0.428993427329,-0.756547457767,-0.493559098238));
#849 = PLANE('',#850);
#850 = AXIS2_PLACEMENT_3D('',#851,#852,#853);
#851 = CARTESIAN_POINT('',(-5.841810381015,-2.467312812878,
    0.803699514683));
#852 = DIRECTION('',(0.704637361113,-6.160403680377E-02,0.706888344771)
  );
#853 = DIRECTION('',(0.708233515639,0.,-0.705978248479));
#854 = ADVANCED_FACE('',(#855),#872,.T.);
#855 = FACE_BOUND('',#856,.T.);
#856 = EDGE_LOOP('',(#857,#865,#866));
#857 = ORIENTED_EDGE('',*,*,#858,.T.);
#858 = EDGE_CURVE('',#859,#836,#861,.T.);
#859 = VERTEX_POINT('',#860);
#860 = CARTESIAN_POINT('',(-6.064903259277,-2.761867046356,1.));
#861 = LINE('',#862,#863);
#862 = CARTESIAN_POINT('',(-6.064903259277,-2.761867046356,1.));
#863 = VECTOR('',#864,1.);
#864 = DIRECTION('',(0.708653255005,-1.468538833864E-03,-0.705555389437)
  );
#865 = ORIENTED_EDGE('',*,*,#844,.F.);
#866 = ORIENTED_EDGE('',*,*,#867,.T.);
#867 = EDGE_CURVE('',#813,#859,#868,.T.);
#868 = LINE('',#869,#870);
#869 = CARTESIAN_POINT('',(-6.024341106415,-2.302639245987,1.));
#870 = VECTOR('',#871,1.);
#871 = DIRECTION('',(-8.798432303267E-02,-0.996121859463,0.));
#872 = PLANE('',#873);
#873 = AXIS2_PLACEMENT_3D('',#874,#875,#876);
#874 = CARTESIAN_POINT('',(-5.946224087914,-2.597815970862,
    0.896285390688));
#875 = DIRECTION('',(0.704125557838,-6.219320452395E-02,0.707346594047)
  );
#876 = DIRECTION('',(0.708718581899,3.469446951954E-18,-0.705491298084)
  );
#877 = ADVANCED_FACE('',(#878),#895,.T.);
#878 = FACE_BOUND('',#879,.T.);
#879 = EDGE_LOOP('',(#880,#888,#889));
#880 = ORIENTED_EDGE('',*,*,#881,.T.);
#881 = EDGE_CURVE('',#882,#836,#884,.T.);
#882 = VERTEX_POINT('',#883);
#883 = CARTESIAN_POINT('',(-5.811024188995,-3.221150398254,
    0.699999988079));
#884 = LINE('',#885,#886);
#885 = CARTESIAN_POINT('',(-5.811024188995,-3.221150398254,
    0.699999988079));
#886 = VECTOR('',#887,1.);
#887 = DIRECTION('',(0.102879128735,0.994693864901,0.));
#888 = ORIENTED_EDGE('',*,*,#858,.F.);
#889 = ORIENTED_EDGE('',*,*,#890,.T.);
#890 = EDGE_CURVE('',#859,#882,#891,.T.);
#891 = LINE('',#892,#893);
#892 = CARTESIAN_POINT('',(-6.064903259277,-2.761867046356,1.));
#893 = VECTOR('',#894,1.);
#894 = DIRECTION('',(0.419995978034,-0.759799381496,-0.496294547939));
#895 = PLANE('',#896);
#896 = AXIS2_PLACEMENT_3D('',#897,#898,#899);
#897 = CARTESIAN_POINT('',(-5.884599255258,-2.92619655108,0.8036043241)
  );
#898 = DIRECTION('',(0.703609657089,-7.277289128341E-02,0.706850448642)
  );
#899 = DIRECTION('',(0.708729618278,-6.938893903907E-18,-0.705480211045)
  );
#900 = ADVANCED_FACE('',(#901),#918,.T.);
#901 = FACE_BOUND('',#902,.T.);
#902 = EDGE_LOOP('',(#903,#911,#912));
#903 = ORIENTED_EDGE('',*,*,#904,.T.);
#904 = EDGE_CURVE('',#905,#882,#907,.T.);
#905 = VERTEX_POINT('',#906);
#906 = CARTESIAN_POINT('',(-6.112814903259,-3.22038602829,1.));
#907 = LINE('',#908,#909);
#908 = CARTESIAN_POINT('',(-6.112814903259,-3.22038602829,1.));
#909 = VECTOR('',#910,1.);
#910 = DIRECTION('',(0.70920658048,-1.796265369321E-03,-0.704998439456)
  );
#911 = ORIENTED_EDGE('',*,*,#890,.F.);
#912 = ORIENTED_EDGE('',*,*,#913,.T.);
#913 = EDGE_CURVE('',#859,#905,#914,.T.);
#914 = LINE('',#915,#916);
#915 = CARTESIAN_POINT('',(-6.064903259277,-2.761867046356,1.));
#916 = VECTOR('',#917,1.);
#917 = DIRECTION('',(-0.103926345746,-0.994584996197,0.));
#918 = PLANE('',#919);
#919 = AXIS2_PLACEMENT_3D('',#920,#921,#922);
#920 = CARTESIAN_POINT('',(-5.991456394529,-3.056820209069,
    0.896378941359));
#921 = DIRECTION('',(0.703001294302,-7.345813163374E-02,0.707384678309)
  );
#922 = DIRECTION('',(0.709300995488,-6.938893903907E-18,-0.704905736819)
  );
#923 = ADVANCED_FACE('',(#924),#941,.T.);
#924 = FACE_BOUND('',#925,.T.);
#925 = EDGE_LOOP('',(#926,#934,#935));
#926 = ORIENTED_EDGE('',*,*,#927,.T.);
#927 = EDGE_CURVE('',#928,#882,#930,.T.);
#928 = VERTEX_POINT('',#929);
#929 = CARTESIAN_POINT('',(-5.865728378296,-3.678999423981,
    0.699999988079));
#930 = LINE('',#931,#932);
#931 = CARTESIAN_POINT('',(-5.865728378296,-3.678999423981,
    0.699999988079));
#932 = VECTOR('',#933,1.);
#933 = DIRECTION('',(0.118637035871,0.99293768874,0.));
#934 = ORIENTED_EDGE('',*,*,#904,.F.);
#935 = ORIENTED_EDGE('',*,*,#936,.T.);
#936 = EDGE_CURVE('',#905,#928,#937,.T.);
#937 = LINE('',#938,#939);
#938 = CARTESIAN_POINT('',(-6.112814903259,-3.22038602829,1.));
#939 = VECTOR('',#940,1.);
#940 = DIRECTION('',(0.411024967504,-0.76289694911,-0.49904581065));
#941 = PLANE('',#942);
#942 = AXIS2_PLACEMENT_3D('',#943,#944,#945);
#943 = CARTESIAN_POINT('',(-5.934681857543,-3.38433473534,0.80351088519)
  );
#944 = DIRECTION('',(0.70240552834,-8.392400732341E-02,0.706812022218));
#945 = DIRECTION('',(0.709314371489,0.,-0.70489227716));
#946 = ADVANCED_FACE('',(#947),#964,.T.);
#947 = FACE_BOUND('',#948,.T.);
#948 = EDGE_LOOP('',(#949,#957,#958));
#949 = ORIENTED_EDGE('',*,*,#950,.T.);
#950 = EDGE_CURVE('',#951,#928,#953,.T.);
#951 = VERTEX_POINT('',#952);
#952 = CARTESIAN_POINT('',(-6.168065071106,-3.678079128265,1.));
#953 = LINE('',#954,#955);
#954 = CARTESIAN_POINT('',(-6.168065071106,-3.678079128265,1.));
#955 = VECTOR('',#956,1.);
#956 = DIRECTION('',(0.709842904521,-2.160721470881E-03,-0.704356715155)
  );
#957 = ORIENTED_EDGE('',*,*,#936,.F.);
#958 = ORIENTED_EDGE('',*,*,#959,.T.);
#959 = EDGE_CURVE('',#905,#951,#960,.T.);
#960 = LINE('',#961,#962);
#961 = CARTESIAN_POINT('',(-6.112814903259,-3.22038602829,1.));
#962 = VECTOR('',#963,1.);
#963 = DIRECTION('',(-0.119844416485,-0.992792685226,0.));
#964 = PLANE('',#965);
#965 = AXIS2_PLACEMENT_3D('',#966,#967,#968);
#966 = CARTESIAN_POINT('',(-6.044011230525,-3.515050826607,0.89647075073
    ));
#967 = DIRECTION('',(0.701697018563,-8.47049650851E-02,0.707422337101));
#968 = DIRECTION('',(0.709973929231,-6.938893903907E-18,-0.704227960118)
  );
#969 = ADVANCED_FACE('',(#970),#987,.T.);
#970 = FACE_BOUND('',#971,.T.);
#971 = EDGE_LOOP('',(#972,#980,#981));
#972 = ORIENTED_EDGE('',*,*,#973,.T.);
#973 = EDGE_CURVE('',#974,#928,#976,.T.);
#974 = VERTEX_POINT('',#975);
#975 = CARTESIAN_POINT('',(-5.927684783936,-4.135923862457,
    0.699999988079));
#976 = LINE('',#977,#978);
#977 = CARTESIAN_POINT('',(-5.927684783936,-4.135923862457,
    0.699999988079));
#978 = VECTOR('',#979,1.);
#979 = DIRECTION('',(0.134364843319,0.990931929488,0.));
#980 = ORIENTED_EDGE('',*,*,#950,.F.);
#981 = ORIENTED_EDGE('',*,*,#982,.T.);
#982 = EDGE_CURVE('',#951,#974,#983,.T.);
#983 = LINE('',#984,#985);
#984 = CARTESIAN_POINT('',(-6.168065071106,-3.678079128265,1.));
#985 = VECTOR('',#986,1.);
#986 = DIRECTION('',(0.402085903275,-0.76584030943,-0.501812262544));
#987 = PLANE('',#988);
#988 = AXIS2_PLACEMENT_3D('',#989,#990,#991);
#989 = CARTESIAN_POINT('',(-5.992045503074,-3.841611752618,
    0.803419244085));
#990 = DIRECTION('',(0.701023242841,-9.505484219904E-02,0.706775063207)
  );
#991 = DIRECTION('',(0.709989870885,6.938893903907E-18,-0.704211888028)
  );
#992 = ADVANCED_FACE('',(#993),#1010,.T.);
#993 = FACE_BOUND('',#994,.T.);
#994 = EDGE_LOOP('',(#995,#1003,#1004));
#995 = ORIENTED_EDGE('',*,*,#996,.T.);
#996 = EDGE_CURVE('',#997,#974,#999,.T.);
#997 = VERTEX_POINT('',#998);
#998 = CARTESIAN_POINT('',(-6.230638980865,-4.134828567505,1.));
#999 = LINE('',#1000,#1001);
#1000 = CARTESIAN_POINT('',(-6.230638980865,-4.134828567505,1.));
#1001 = VECTOR('',#1002,1.);
#1002 = DIRECTION('',(0.710560390345,-2.56894678074E-03,-0.703631531546)
  );
#1003 = ORIENTED_EDGE('',*,*,#982,.F.);
#1004 = ORIENTED_EDGE('',*,*,#1005,.T.);
#1005 = EDGE_CURVE('',#951,#997,#1006,.T.);
#1006 = LINE('',#1007,#1008);
#1007 = CARTESIAN_POINT('',(-6.168065071106,-3.678079128265,1.));
#1008 = VECTOR('',#1009,1.);
#1009 = DIRECTION('',(-0.135730517712,-0.990745793108,0.));
#1010 = PLANE('',#1011);
#1011 = AXIS2_PLACEMENT_3D('',#1012,#1013,#1014);
#1012 = CARTESIAN_POINT('',(-6.10387570115,-3.972391147253,0.89656070944
    ));
#1013 = DIRECTION('',(0.700213751099,-9.592811355521E-02,0.707459185962)
  );
#1014 = DIRECTION('',(0.710736916658,6.938893903907E-18,-0.703457912955)
  );
#1015 = ADVANCED_FACE('',(#1016),#1033,.T.);
#1016 = FACE_BOUND('',#1017,.T.);
#1017 = EDGE_LOOP('',(#1018,#1026,#1027));
#1018 = ORIENTED_EDGE('',*,*,#1019,.T.);
#1019 = EDGE_CURVE('',#1020,#974,#1022,.T.);
#1020 = VERTEX_POINT('',#1021);
#1021 = CARTESIAN_POINT('',(-5.996877670288,-4.591808319092,
    0.699999988079));
#1022 = LINE('',#1023,#1024);
#1023 = CARTESIAN_POINT('',(-5.996877670288,-4.591808319092,
    0.699999988079));
#1024 = VECTOR('',#1025,1.);
#1025 = DIRECTION('',(0.150058684035,0.988677091545,0.));
#1026 = ORIENTED_EDGE('',*,*,#996,.F.);
#1027 = ORIENTED_EDGE('',*,*,#1028,.T.);
#1028 = EDGE_CURVE('',#997,#1020,#1029,.T.);
#1029 = LINE('',#1030,#1031);
#1030 = CARTESIAN_POINT('',(-6.230638980865,-4.134828567505,1.));
#1031 = VECTOR('',#1032,1.);
#1032 = DIRECTION('',(0.393181770086,-0.768630647984,-0.504593918564));
#1033 = PLANE('',#1034);
#1034 = AXIS2_PLACEMENT_3D('',#1035,#1036,#1037);
#1035 = CARTESIAN_POINT('',(-6.056675125482,-4.297911795667,
    0.803329474289));
#1036 = DIRECTION('',(0.699463644926,-0.106162664216,0.706739059451));
#1037 = DIRECTION('',(0.710755698975,-6.938893903907E-18,-0.703438935783
    ));
#1038 = ADVANCED_FACE('',(#1039),#1056,.T.);
#1039 = FACE_BOUND('',#1040,.T.);
#1040 = EDGE_LOOP('',(#1041,#1049,#1050));
#1041 = ORIENTED_EDGE('',*,*,#1042,.T.);
#1042 = EDGE_CURVE('',#1043,#1020,#1045,.T.);
#1043 = VERTEX_POINT('',#1044);
#1044 = CARTESIAN_POINT('',(-6.300520420074,-4.59051656723,1.));
#1045 = LINE('',#1046,#1047);
#1046 = CARTESIAN_POINT('',(-6.300520420074,-4.59051656723,1.));
#1047 = VECTOR('',#1048,1.);
#1048 = DIRECTION('',(0.711357672374,-3.026245804253E-03,-0.702823664792
    ));
#1049 = ORIENTED_EDGE('',*,*,#1028,.F.);
#1050 = ORIENTED_EDGE('',*,*,#1051,.T.);
#1051 = EDGE_CURVE('',#997,#1043,#1052,.T.);
#1052 = LINE('',#1053,#1054);
#1053 = CARTESIAN_POINT('',(-6.230638980865,-4.134828567505,1.));
#1054 = VECTOR('',#1055,1.);
#1055 = DIRECTION('',(-0.151581654509,-0.988444738979,0.));
#1056 = PLANE('',#1057);
#1057 = AXIS2_PLACEMENT_3D('',#1058,#1059,#1060);
#1058 = CARTESIAN_POINT('',(-6.171034537327,-4.428724012983,0.8966487859
    ));
#1059 = DIRECTION('',(0.69855181718,-0.107125503362,0.707495219237));
#1060 = DIRECTION('',(0.71159005985,6.938893903907E-18,-0.702594895173)
  );
#1061 = ADVANCED_FACE('',(#1062),#1079,.T.);
#1062 = FACE_BOUND('',#1063,.T.);
#1063 = EDGE_LOOP('',(#1064,#1072,#1073));
#1064 = ORIENTED_EDGE('',*,*,#1065,.T.);
#1065 = EDGE_CURVE('',#1066,#1020,#1068,.T.);
#1066 = VERTEX_POINT('',#1067);
#1067 = CARTESIAN_POINT('',(-6.073289871216,-5.046538352966,
    0.699999988079));
#1068 = LINE('',#1069,#1070);
#1069 = CARTESIAN_POINT('',(-6.073289871216,-5.046538352966,
    0.699999988079));
#1070 = VECTOR('',#1071,1.);
#1071 = DIRECTION('',(0.165715244399,0.986173644838,0.));
#1072 = ORIENTED_EDGE('',*,*,#1042,.F.);
#1073 = ORIENTED_EDGE('',*,*,#1074,.T.);
#1074 = EDGE_CURVE('',#1043,#1066,#1075,.T.);
#1075 = LINE('',#1076,#1077);
#1076 = CARTESIAN_POINT('',(-6.300520420074,-4.59051656723,1.));
#1077 = VECTOR('',#1078,1.);
#1078 = DIRECTION('',(0.384315115691,-0.771269823635,-0.507390136879));
#1079 = PLANE('',#1080);
#1080 = AXIS2_PLACEMENT_3D('',#1081,#1082,#1083);
#1081 = CARTESIAN_POINT('',(-6.128554021376,-4.753119265456,
    0.803241565841));
#1082 = DIRECTION('',(0.697727048639,-0.117245080513,0.706704009252));
#1083 = DIRECTION('',(0.711611989084,0.,-0.70257268449));
#1084 = ADVANCED_FACE('',(#1085),#1102,.T.);
#1085 = FACE_BOUND('',#1086,.T.);
#1086 = EDGE_LOOP('',(#1087,#1095,#1096));
#1087 = ORIENTED_EDGE('',*,*,#1088,.T.);
#1088 = EDGE_CURVE('',#1089,#1066,#1091,.T.);
#1089 = VERTEX_POINT('',#1090);
#1090 = CARTESIAN_POINT('',(-6.377691745758,-5.045027256012,1.));
#1091 = LINE('',#1092,#1093);
#1092 = CARTESIAN_POINT('',(-6.377691745758,-5.045027256012,1.));
#1093 = VECTOR('',#1094,1.);
#1094 = DIRECTION('',(0.71223330336,-3.535633862667E-03,-0.701933914894)
  );
#1095 = ORIENTED_EDGE('',*,*,#1074,.F.);
#1096 = ORIENTED_EDGE('',*,*,#1097,.T.);
#1097 = EDGE_CURVE('',#1043,#1089,#1098,.T.);
#1098 = LINE('',#1099,#1100);
#1099 = CARTESIAN_POINT('',(-6.300520420074,-4.59051656723,1.));
#1100 = VECTOR('',#1101,1.);
#1101 = DIRECTION('',(-0.167394175726,-0.985890049617,0.));
#1102 = PLANE('',#1103);
#1103 = AXIS2_PLACEMENT_3D('',#1104,#1105,#1106);
#1104 = CARTESIAN_POINT('',(-6.245471120928,-4.883933038937,
    0.896735055514));
#1105 = DIRECTION('',(0.696711717095,-0.118294614746,0.707530329657));
#1106 = DIRECTION('',(0.712533352937,0.,-0.701638240799));
#1107 = ADVANCED_FACE('',(#1108),#1125,.T.);
#1108 = FACE_BOUND('',#1109,.T.);
#1109 = EDGE_LOOP('',(#1110,#1118,#1119));
#1110 = ORIENTED_EDGE('',*,*,#1111,.T.);
#1111 = EDGE_CURVE('',#1112,#1066,#1114,.T.);
#1112 = VERTEX_POINT('',#1113);
#1113 = CARTESIAN_POINT('',(-6.156902313232,-5.5,0.699999988079));
#1114 = LINE('',#1115,#1116);
#1115 = CARTESIAN_POINT('',(-6.156902313232,-5.5,0.699999988079));
#1116 = VECTOR('',#1117,1.);
#1117 = DIRECTION('',(0.181330298683,0.983422250501,0.));
#1118 = ORIENTED_EDGE('',*,*,#1088,.F.);
#1119 = ORIENTED_EDGE('',*,*,#1120,.T.);
#1120 = EDGE_CURVE('',#1089,#1112,#1121,.T.);
#1121 = LINE('',#1122,#1123);
#1122 = CARTESIAN_POINT('',(-6.377691745758,-5.045027256012,1.));
#1123 = VECTOR('',#1124,1.);
#1124 = DIRECTION('',(0.375489963228,-0.773758494488,-0.510201018935));
#1125 = PLANE('',#1126);
#1126 = AXIS2_PLACEMENT_3D('',#1127,#1128,#1129);
#1127 = CARTESIAN_POINT('',(-6.207663899183,-5.207119618931,
    0.803155520382));
#1128 = DIRECTION('',(0.695813990732,-0.128299068587,0.706669823398));
#1129 = DIRECTION('',(0.712558748274,0.,-0.701612450188));
#1130 = ADVANCED_FACE('',(#1131),#1148,.T.);
#1131 = FACE_BOUND('',#1132,.T.);
#1132 = EDGE_LOOP('',(#1133,#1141,#1142));
#1133 = ORIENTED_EDGE('',*,*,#1134,.T.);
#1134 = EDGE_CURVE('',#1135,#1112,#1137,.T.);
#1135 = VERTEX_POINT('',#1136);
#1136 = CARTESIAN_POINT('',(-6.462132930756,-5.498243808746,1.));
#1137 = LINE('',#1138,#1139);
#1138 = CARTESIAN_POINT('',(-6.462132930756,-5.498243808746,1.));
#1139 = VECTOR('',#1140,1.);
#1140 = DIRECTION('',(0.713185196566,-4.103420602473E-03,-0.700963649085
    ));
#1141 = ORIENTED_EDGE('',*,*,#1120,.F.);
#1142 = ORIENTED_EDGE('',*,*,#1143,.T.);
#1143 = EDGE_CURVE('',#1089,#1135,#1144,.T.);
#1144 = LINE('',#1145,#1146);
#1145 = CARTESIAN_POINT('',(-6.377691745758,-5.045027256012,1.));
#1146 = VECTOR('',#1147,1.);
#1147 = DIRECTION('',(-0.183163325583,-0.983082497129,0.));
#1148 = PLANE('',#1149);
#1149 = AXIS2_PLACEMENT_3D('',#1150,#1151,#1152);
#1150 = CARTESIAN_POINT('',(-6.327166789481,-5.337902526291,
    0.896819422412));
#1151 = DIRECTION('',(0.694694298885,-0.12943218745,0.707564230264));
#1152 = DIRECTION('',(0.713566555272,0.,-0.700587447216));
#1153 = ADVANCED_FACE('',(#1154),#1171,.T.);
#1154 = FACE_BOUND('',#1155,.T.);
#1155 = EDGE_LOOP('',(#1156,#1164,#1165));
#1156 = ORIENTED_EDGE('',*,*,#1157,.T.);
#1157 = EDGE_CURVE('',#1158,#1112,#1160,.T.);
#1158 = VERTEX_POINT('',#1159);
#1159 = CARTESIAN_POINT('',(-6.400000095367,-5.5,0.938673973083));
#1160 = LINE('',#1161,#1162);
#1161 = CARTESIAN_POINT('',(-6.400000095367,-5.5,0.938673973083));
#1162 = VECTOR('',#1163,1.);
#1163 = DIRECTION('',(0.713569601476,0.,-0.700584344565));
#1164 = ORIENTED_EDGE('',*,*,#1134,.F.);
#1165 = ORIENTED_EDGE('',*,*,#1166,.T.);
#1166 = EDGE_CURVE('',#1135,#1158,#1167,.T.);
#1167 = LINE('',#1168,#1169);
#1168 = CARTESIAN_POINT('',(-6.462132930756,-5.498243808746,1.));
#1169 = VECTOR('',#1170,1.);
#1170 = DIRECTION('',(0.711568590411,-2.011256249699E-02,-0.702328716464
    ));
#1171 = PLANE('',#1172);
#1172 = AXIS2_PLACEMENT_3D('',#1173,#1174,#1175);
#1173 = CARTESIAN_POINT('',(-6.309552392061,-5.499471385271,
    0.849969683399));
#1174 = DIRECTION('',(0.694596384077,-0.130465075267,0.707470654772));
#1175 = DIRECTION('',(0.713569601476,0.,-0.700584344565));
#1176 = ADVANCED_FACE('',(#1177),#1194,.T.);
#1177 = FACE_BOUND('',#1178,.T.);
#1178 = EDGE_LOOP('',(#1179,#1180,#1188));
#1179 = ORIENTED_EDGE('',*,*,#1157,.F.);
#1180 = ORIENTED_EDGE('',*,*,#1181,.T.);
#1181 = EDGE_CURVE('',#1158,#1182,#1184,.T.);
#1182 = VERTEX_POINT('',#1183);
#1183 = CARTESIAN_POINT('',(-6.400000095367,-5.5,0.));
#1184 = LINE('',#1185,#1186);
#1185 = CARTESIAN_POINT('',(-6.400000095367,-5.5,0.938673973083));
#1186 = VECTOR('',#1187,1.);
#1187 = DIRECTION('',(0.,0.,-1.));
#1188 = ORIENTED_EDGE('',*,*,#1189,.T.);
#1189 = EDGE_CURVE('',#1182,#1112,#1190,.T.);
#1190 = LINE('',#1191,#1192);
#1191 = CARTESIAN_POINT('',(-6.400000095367,-5.5,0.));
#1192 = VECTOR('',#1193,1.);
#1193 = DIRECTION('',(0.328062547487,0.,0.944656003494));
#1194 = PLANE('',#1195);
#1195 = AXIS2_PLACEMENT_3D('',#1196,#1197,#1198);
#1196 = CARTESIAN_POINT('',(-6.334923623807,-5.5,0.484585481307));
#1197 = DIRECTION('',(-0.,-1.,-0.));
#1198 = DIRECTION('',(0.,0.,-1.));
#1199 = ADVANCED_FACE('',(#1200),#1217,.T.);
#1200 = FACE_BOUND('',#1201,.T.);
#1201 = EDGE_LOOP('',(#1202,#1210,#1211));
#1202 = ORIENTED_EDGE('',*,*,#1203,.T.);
#1203 = EDGE_CURVE('',#1204,#1112,#1206,.T.);
#1204 = VERTEX_POINT('',#1205);
#1205 = CARTESIAN_POINT('',(-2.282842636108,-5.5,0.));
#1206 = LINE('',#1207,#1208);
#1207 = CARTESIAN_POINT('',(-2.282842636108,-5.5,0.));
#1208 = VECTOR('',#1209,1.);
#1209 = DIRECTION('',(-0.984064890398,0.,0.177809705827));
#1210 = ORIENTED_EDGE('',*,*,#1189,.F.);
#1211 = ORIENTED_EDGE('',*,*,#1212,.T.);
#1212 = EDGE_CURVE('',#1182,#1204,#1213,.T.);
#1213 = LINE('',#1214,#1215);
#1214 = CARTESIAN_POINT('',(-6.400000095367,-5.5,0.));
#1215 = VECTOR('',#1216,1.);
#1216 = DIRECTION('',(1.,0.,0.));
#1217 = PLANE('',#1218);
#1218 = AXIS2_PLACEMENT_3D('',#1219,#1220,#1221);
#1219 = CARTESIAN_POINT('',(-4.450216230824,-5.5,0.18615559339));
#1220 = DIRECTION('',(-0.,-1.,-0.));
#1221 = DIRECTION('',(0.,0.,-1.));
#1222 = ADVANCED_FACE('',(#1223),#1240,.T.);
#1223 = FACE_BOUND('',#1224,.T.);
#1224 = EDGE_LOOP('',(#1225,#1233,#1234));
#1225 = ORIENTED_EDGE('',*,*,#1226,.T.);
#1226 = EDGE_CURVE('',#1227,#1112,#1229,.T.);
#1227 = VERTEX_POINT('',#1228);
#1228 = CARTESIAN_POINT('',(-2.282842636108,-5.5,0.699999988079));
#1229 = LINE('',#1230,#1231);
#1230 = CARTESIAN_POINT('',(-2.282842636108,-5.5,0.699999988079));
#1231 = VECTOR('',#1232,1.);
#1232 = DIRECTION('',(-1.,0.,0.));
#1233 = ORIENTED_EDGE('',*,*,#1203,.F.);
#1234 = ORIENTED_EDGE('',*,*,#1235,.T.);
#1235 = EDGE_CURVE('',#1204,#1227,#1236,.T.);
#1236 = LINE('',#1237,#1238);
#1237 = CARTESIAN_POINT('',(-2.282842636108,-5.5,0.));
#1238 = VECTOR('',#1239,1.);
#1239 = DIRECTION('',(0.,0.,1.));
#1240 = PLANE('',#1241);
#1241 = AXIS2_PLACEMENT_3D('',#1242,#1243,#1244);
#1242 = CARTESIAN_POINT('',(-4.06055578425,-5.5,0.50931668446));
#1243 = DIRECTION('',(-0.,-1.,-0.));
#1244 = DIRECTION('',(0.,0.,-1.));
#1245 = ADVANCED_FACE('',(#1246),#1256,.T.);
#1246 = FACE_BOUND('',#1247,.T.);
#1247 = EDGE_LOOP('',(#1248,#1249,#1250));
#1248 = ORIENTED_EDGE('',*,*,#1181,.F.);
#1249 = ORIENTED_EDGE('',*,*,#1166,.F.);
#1250 = ORIENTED_EDGE('',*,*,#1251,.T.);
#1251 = EDGE_CURVE('',#1135,#1182,#1252,.T.);
#1252 = LINE('',#1253,#1254);
#1253 = CARTESIAN_POINT('',(-6.462132930756,-5.498243808746,1.));
#1254 = VECTOR('',#1255,1.);
#1255 = DIRECTION('',(6.201315468681E-02,-1.752808465807E-03,
    -0.998073793017));
#1256 = PLANE('',#1257);
#1257 = AXIS2_PLACEMENT_3D('',#1258,#1259,#1260);
#1258 = CARTESIAN_POINT('',(-6.416686651609,-5.499528352699,
    0.50601554351));
#1259 = DIRECTION('',(-2.8253823246E-02,-0.999600781048,-0.));
#1260 = DIRECTION('',(-0.999600781048,2.8253823246E-02,0.));
#1261 = ADVANCED_FACE('',(#1262),#1279,.T.);
#1262 = FACE_BOUND('',#1263,.T.);
#1263 = EDGE_LOOP('',(#1264,#1272,#1273));
#1264 = ORIENTED_EDGE('',*,*,#1265,.T.);
#1265 = EDGE_CURVE('',#1266,#1182,#1268,.T.);
#1266 = VERTEX_POINT('',#1267);
#1267 = CARTESIAN_POINT('',(-6.486305236816,-5.496609210968,0.));
#1268 = LINE('',#1269,#1270);
#1269 = CARTESIAN_POINT('',(-6.486305236816,-5.496609210968,0.));
#1270 = VECTOR('',#1271,1.);
#1271 = DIRECTION('',(0.99922910401,-3.925809087884E-02,0.));
#1272 = ORIENTED_EDGE('',*,*,#1251,.F.);
#1273 = ORIENTED_EDGE('',*,*,#1274,.T.);
#1274 = EDGE_CURVE('',#1135,#1266,#1275,.T.);
#1275 = LINE('',#1276,#1277);
#1276 = CARTESIAN_POINT('',(-6.462132930756,-5.498243808746,1.));
#1277 = VECTOR('',#1278,1.);
#1278 = DIRECTION('',(-2.416521494543E-02,1.634118257608E-03,
    -0.999706642993));
#1279 = PLANE('',#1280);
#1280 = AXIS2_PLACEMENT_3D('',#1281,#1282,#1283);
#1281 = CARTESIAN_POINT('',(-6.452233437944,-5.498276128407,
    0.479323008712));
#1282 = DIRECTION('',(-3.925808168509E-02,-0.999228870003,
    -6.843789250892E-04));
#1283 = DIRECTION('',(-0.99922910401,3.925809087884E-02,0.));
#1284 = ADVANCED_FACE('',(#1285),#1302,.T.);
#1285 = FACE_BOUND('',#1286,.T.);
#1286 = EDGE_LOOP('',(#1287,#1295,#1296));
#1287 = ORIENTED_EDGE('',*,*,#1288,.T.);
#1288 = EDGE_CURVE('',#1289,#1266,#1291,.T.);
#1289 = VERTEX_POINT('',#1290);
#1290 = CARTESIAN_POINT('',(-6.549372196198,-5.489810943604,1.));
#1291 = LINE('',#1292,#1293);
#1292 = CARTESIAN_POINT('',(-6.549372196198,-5.489810943604,1.));
#1293 = VECTOR('',#1294,1.);
#1294 = DIRECTION('',(6.294046106116E-02,-6.784631549353E-03,
    -0.997994221995));
#1295 = ORIENTED_EDGE('',*,*,#1274,.F.);
#1296 = ORIENTED_EDGE('',*,*,#1297,.T.);
#1297 = EDGE_CURVE('',#1135,#1289,#1298,.T.);
#1298 = LINE('',#1299,#1300);
#1299 = CARTESIAN_POINT('',(-6.462132930756,-5.498243808746,1.));
#1300 = VECTOR('',#1301,1.);
#1301 = DIRECTION('',(-0.995360557661,9.621517683261E-02,0.));
#1302 = PLANE('',#1303);
#1303 = AXIS2_PLACEMENT_3D('',#1304,#1305,#1306);
#1304 = CARTESIAN_POINT('',(-6.496454591266,-5.495262425188,
    0.520968427315));
#1305 = DIRECTION('',(-9.621515334546E-02,-0.995360314683,
    6.987283753437E-04));
#1306 = DIRECTION('',(-0.995360557661,9.621517683261E-02,0.));
#1307 = ADVANCED_FACE('',(#1308),#1325,.T.);
#1308 = FACE_BOUND('',#1309,.T.);
#1309 = EDGE_LOOP('',(#1310,#1318,#1319));
#1310 = ORIENTED_EDGE('',*,*,#1311,.T.);
#1311 = EDGE_CURVE('',#1312,#1266,#1314,.T.);
#1312 = VERTEX_POINT('',#1313);
#1313 = CARTESIAN_POINT('',(-6.57207775116,-5.48645734787,0.));
#1314 = LINE('',#1315,#1316);
#1315 = CARTESIAN_POINT('',(-6.57207775116,-5.48645734787,0.));
#1316 = VECTOR('',#1317,1.);
#1317 = DIRECTION('',(0.993068433939,-0.117537591915,0.));
#1318 = ORIENTED_EDGE('',*,*,#1288,.F.);
#1319 = ORIENTED_EDGE('',*,*,#1320,.T.);
#1320 = EDGE_CURVE('',#1289,#1312,#1321,.T.);
#1321 = LINE('',#1322,#1323);
#1322 = CARTESIAN_POINT('',(-6.549372196198,-5.489810943604,1.));
#1323 = VECTOR('',#1324,1.);
#1324 = DIRECTION('',(-2.26995768076E-02,3.352712764094E-03,
    -0.999736709604));
#1325 = PLANE('',#1326);
#1326 = AXIS2_PLACEMENT_3D('',#1327,#1328,#1329);
#1327 = CARTESIAN_POINT('',(-6.538846651286,-5.490709845334,
    0.479323621763));
#1328 = DIRECTION('',(-0.117537566192,-0.993068216603,
    -6.615936651261E-04));
#1329 = DIRECTION('',(-0.993068433939,0.117537591915,0.));
#1330 = ADVANCED_FACE('',(#1331),#1348,.T.);
#1331 = FACE_BOUND('',#1332,.T.);
#1332 = EDGE_LOOP('',(#1333,#1341,#1342));
#1333 = ORIENTED_EDGE('',*,*,#1334,.T.);
#1334 = EDGE_CURVE('',#1335,#1312,#1337,.T.);
#1335 = VERTEX_POINT('',#1336);
#1336 = CARTESIAN_POINT('',(-6.635663032532,-5.474459171295,1.));
#1337 = LINE('',#1338,#1339);
#1338 = CARTESIAN_POINT('',(-6.635663032532,-5.474459171295,1.));
#1339 = VECTOR('',#1340,1.);
#1340 = DIRECTION('',(6.345258075118E-02,-1.197313673142E-02,
    -0.997913029273));
#1341 = ORIENTED_EDGE('',*,*,#1320,.F.);
#1342 = ORIENTED_EDGE('',*,*,#1343,.T.);
#1343 = EDGE_CURVE('',#1289,#1335,#1344,.T.);
#1344 = LINE('',#1345,#1346);
#1345 = CARTESIAN_POINT('',(-6.549372196198,-5.489810943604,1.));
#1346 = VECTOR('',#1347,1.);
#1347 = DIRECTION('',(-0.984540519247,0.1751569752,0.));
#1348 = PLANE('',#1349);
#1349 = AXIS2_PLACEMENT_3D('',#1350,#1351,#1352);
#1350 = CARTESIAN_POINT('',(-6.582745131659,-5.484202216578,
    0.520967888582));
#1351 = DIRECTION('',(-0.175156935264,-0.984540294766,6.752852885064E-04
    ));
#1352 = DIRECTION('',(-0.984540519247,0.1751569752,0.));
#1353 = ADVANCED_FACE('',(#1354),#1371,.T.);
#1354 = FACE_BOUND('',#1355,.T.);
#1355 = EDGE_LOOP('',(#1356,#1364,#1365));
#1356 = ORIENTED_EDGE('',*,*,#1357,.T.);
#1357 = EDGE_CURVE('',#1358,#1312,#1360,.T.);
#1358 = VERTEX_POINT('',#1359);
#1359 = CARTESIAN_POINT('',(-6.656789779663,-5.469606876373,0.));
#1360 = LINE('',#1361,#1362);
#1361 = CARTESIAN_POINT('',(-6.656789779663,-5.469606876373,0.));
#1362 = VECTOR('',#1363,1.);
#1363 = DIRECTION('',(0.980784834319,-0.195092564621,0.));
#1364 = ORIENTED_EDGE('',*,*,#1334,.F.);
#1365 = ORIENTED_EDGE('',*,*,#1366,.T.);
#1366 = EDGE_CURVE('',#1335,#1358,#1367,.T.);
#1367 = LINE('',#1368,#1369);
#1368 = CARTESIAN_POINT('',(-6.635663032532,-5.474459171295,1.));
#1369 = VECTOR('',#1370,1.);
#1370 = DIRECTION('',(-2.112178531744E-02,4.851155315088E-03,
    -0.999765140659));
#1371 = PLANE('',#1372);
#1372 = AXIS2_PLACEMENT_3D('',#1373,#1374,#1375);
#1373 = CARTESIAN_POINT('',(-6.624590640597,-5.476323259841,
    0.479324038787));
#1374 = DIRECTION('',(-0.195092524992,-0.980784635092,
    -6.373858615932E-04));
#1375 = DIRECTION('',(-0.980784834319,0.195092564621,1.355252715607E-20)
  );
#1376 = ADVANCED_FACE('',(#1377),#1394,.T.);
#1377 = FACE_BOUND('',#1378,.T.);
#1378 = EDGE_LOOP('',(#1379,#1387,#1388));
#1379 = ORIENTED_EDGE('',*,*,#1380,.T.);
#1380 = EDGE_CURVE('',#1381,#1358,#1383,.T.);
#1381 = VERTEX_POINT('',#1382);
#1382 = CARTESIAN_POINT('',(-6.720457553864,-5.452286720276,1.));
#1383 = LINE('',#1384,#1385);
#1384 = CARTESIAN_POINT('',(-6.720457553864,-5.452286720276,1.));
#1385 = VECTOR('',#1386,1.);
#1386 = DIRECTION('',(6.352963392975E-02,-1.728257647284E-02,
    -0.997830295272));
#1387 = ORIENTED_EDGE('',*,*,#1366,.F.);
#1388 = ORIENTED_EDGE('',*,*,#1389,.T.);
#1389 = EDGE_CURVE('',#1335,#1381,#1390,.T.);
#1390 = LINE('',#1391,#1392);
#1391 = CARTESIAN_POINT('',(-6.635663032532,-5.474459171295,1.));
#1392 = VECTOR('',#1393,1.);
#1393 = DIRECTION('',(-0.967471806795,0.252978858914,0.));
#1394 = PLANE('',#1395);
#1395 = AXIS2_PLACEMENT_3D('',#1396,#1397,#1398);
#1396 = CARTESIAN_POINT('',(-6.667890692637,-5.466354058757,
    0.520967265981));
#1397 = DIRECTION('',(-0.252978805446,-0.967471602314,6.501617092763E-04
    ));
#1398 = DIRECTION('',(-0.967471806795,0.252978858914,2.710505431214E-20)
  );
#1399 = ADVANCED_FACE('',(#1400),#1417,.T.);
#1400 = FACE_BOUND('',#1401,.T.);
#1401 = EDGE_LOOP('',(#1402,#1410,#1411));
#1402 = ORIENTED_EDGE('',*,*,#1403,.T.);
#1403 = EDGE_CURVE('',#1404,#1358,#1406,.T.);
#1404 = VERTEX_POINT('',#1405);
#1405 = CARTESIAN_POINT('',(-6.739918708801,-5.446162223816,0.));
#1406 = LINE('',#1407,#1408);
#1407 = CARTESIAN_POINT('',(-6.739918708801,-5.446162223816,0.));
#1408 = VECTOR('',#1409,1.);
#1409 = DIRECTION('',(0.962455630237,-0.271439053609,0.));
#1410 = ORIENTED_EDGE('',*,*,#1380,.F.);
#1411 = ORIENTED_EDGE('',*,*,#1412,.T.);
#1412 = EDGE_CURVE('',#1381,#1404,#1413,.T.);
#1413 = LINE('',#1414,#1415);
#1414 = CARTESIAN_POINT('',(-6.720457553864,-5.452286720276,1.));
#1415 = VECTOR('',#1416,1.);
#1416 = DIRECTION('',(-1.945710588772E-02,6.123222209146E-03,
    -0.999791941946));
#1417 = PLANE('',#1418);
#1418 = AXIS2_PLACEMENT_3D('',#1419,#1420,#1421);
#1419 = CARTESIAN_POINT('',(-6.708929339982,-5.455206890221,
    0.479324589942));
#1420 = DIRECTION('',(-0.27143900277,-0.962455449974,-6.120385071857E-04
    ));
#1421 = DIRECTION('',(-0.962455630237,0.271439053609,-2.710505431214E-20
    ));
#1422 = ADVANCED_FACE('',(#1423),#1440,.T.);
#1423 = FACE_BOUND('',#1424,.T.);
#1424 = EDGE_LOOP('',(#1425,#1433,#1434));
#1425 = ORIENTED_EDGE('',*,*,#1426,.T.);
#1426 = EDGE_CURVE('',#1427,#1404,#1429,.T.);
#1427 = VERTEX_POINT('',#1428);
#1428 = CARTESIAN_POINT('',(-6.803217887878,-5.423433303833,1.));
#1429 = LINE('',#1430,#1431);
#1430 = CARTESIAN_POINT('',(-6.803217887878,-5.423433303833,1.));
#1431 = VECTOR('',#1432,1.);
#1432 = DIRECTION('',(6.315649950871E-02,-2.267768784149E-02,
    -0.997745949149));
#1433 = ORIENTED_EDGE('',*,*,#1412,.F.);
#1434 = ORIENTED_EDGE('',*,*,#1435,.T.);
#1435 = EDGE_CURVE('',#1381,#1427,#1436,.T.);
#1436 = LINE('',#1437,#1438);
#1437 = CARTESIAN_POINT('',(-6.720457553864,-5.452286720276,1.));
#1438 = VECTOR('',#1439,1.);
#1439 = DIRECTION('',(-0.944258598186,0.329204647221,0.));
#1440 = PLANE('',#1441);
#1441 = AXIS2_PLACEMENT_3D('',#1442,#1443,#1444);
#1442 = CARTESIAN_POINT('',(-6.751358089011,-5.441829968868,
    0.520966768878));
#1443 = DIRECTION('',(-0.329204583212,-0.944258414589,6.235940826571E-04
    ));
#1444 = DIRECTION('',(-0.944258598186,0.329204647221,-2.710505431214E-20
    ));
#1445 = ADVANCED_FACE('',(#1446),#1463,.T.);
#1446 = FACE_BOUND('',#1447,.T.);
#1447 = EDGE_LOOP('',(#1448,#1456,#1457));
#1448 = ORIENTED_EDGE('',*,*,#1449,.T.);
#1449 = EDGE_CURVE('',#1450,#1404,#1452,.T.);
#1450 = VERTEX_POINT('',#1451);
#1451 = CARTESIAN_POINT('',(-6.820951938629,-5.41626739502,0.));
#1452 = LINE('',#1453,#1454);
#1453 = CARTESIAN_POINT('',(-6.820951938629,-5.41626739502,0.));
#1454 = VECTOR('',#1455,1.);
#1455 = DIRECTION('',(0.938190989964,-0.346117994838,0.));
#1456 = ORIENTED_EDGE('',*,*,#1426,.F.);
#1457 = ORIENTED_EDGE('',*,*,#1458,.T.);
#1458 = EDGE_CURVE('',#1427,#1450,#1459,.T.);
#1459 = LINE('',#1460,#1461);
#1460 = CARTESIAN_POINT('',(-6.803217887878,-5.423433303833,1.));
#1461 = VECTOR('',#1462,1.);
#1462 = DIRECTION('',(-1.773080766765E-02,7.164598360612E-03,
    -0.999817126774));
#1463 = PLANE('',#1464);
#1464 = AXIS2_PLACEMENT_3D('',#1465,#1466,#1467);
#1465 = CARTESIAN_POINT('',(-6.791335443599,-5.427492366715,
    0.479325159834));
#1466 = DIRECTION('',(-0.34611793563,-0.938190829473,-5.849168974472E-04
    ));
#1467 = DIRECTION('',(-0.938190989964,0.346117994838,0.));
#1468 = ADVANCED_FACE('',(#1469),#1486,.T.);
#1469 = FACE_BOUND('',#1470,.T.);
#1470 = EDGE_LOOP('',(#1471,#1479,#1480));
#1471 = ORIENTED_EDGE('',*,*,#1472,.T.);
#1472 = EDGE_CURVE('',#1473,#1450,#1475,.T.);
#1473 = VERTEX_POINT('',#1474);
#1474 = CARTESIAN_POINT('',(-6.883418083191,-5.388082504272,1.));
#1475 = LINE('',#1476,#1477);
#1476 = CARTESIAN_POINT('',(-6.883418083191,-5.388082504272,1.));
#1477 = VECTOR('',#1478,1.);
#1478 = DIRECTION('',(6.2319975983E-02,-2.811893909515E-02,
    -0.997660035211));
#1479 = ORIENTED_EDGE('',*,*,#1458,.F.);
#1480 = ORIENTED_EDGE('',*,*,#1481,.T.);
#1481 = EDGE_CURVE('',#1427,#1473,#1482,.T.);
#1482 = LINE('',#1483,#1484);
#1483 = CARTESIAN_POINT('',(-6.803217887878,-5.423433303833,1.));
#1484 = VECTOR('',#1485,1.);
#1485 = DIRECTION('',(-0.915051065951,0.403338005526,0.));
#1486 = PLANE('',#1487);
#1487 = AXIS2_PLACEMENT_3D('',#1488,#1489,#1490);
#1488 = CARTESIAN_POINT('',(-6.832624635157,-5.410783162784,
    0.52096610069));
#1489 = DIRECTION('',(-0.403337933975,-0.915050903625,5.956440557442E-04
    ));
#1490 = DIRECTION('',(-0.915051065951,0.403338005526,0.));
#1491 = ADVANCED_FACE('',(#1492),#1509,.T.);
#1492 = FACE_BOUND('',#1493,.T.);
#1493 = EDGE_LOOP('',(#1494,#1502,#1503));
#1494 = ORIENTED_EDGE('',*,*,#1495,.T.);
#1495 = EDGE_CURVE('',#1496,#1450,#1498,.T.);
#1496 = VERTEX_POINT('',#1497);
#1497 = CARTESIAN_POINT('',(-6.899389743805,-5.380107402802,0.));
#1498 = LINE('',#1499,#1500);
#1499 = CARTESIAN_POINT('',(-6.899389743805,-5.380107402802,0.));
#1500 = VECTOR('',#1501,1.);
#1501 = DIRECTION('',(0.908144632,-0.418656574497,0.));
#1502 = ORIENTED_EDGE('',*,*,#1472,.F.);
#1503 = ORIENTED_EDGE('',*,*,#1504,.T.);
#1504 = EDGE_CURVE('',#1473,#1496,#1505,.T.);
#1505 = LINE('',#1506,#1507);
#1506 = CARTESIAN_POINT('',(-6.883418083191,-5.388082504272,1.));
#1507 = VECTOR('',#1508,1.);
#1508 = DIRECTION('',(-1.596911616851E-02,7.973830957408E-03,
    -0.999840689984));
#1509 = PLANE('',#1510);
#1510 = AXIS2_PLACEMENT_3D('',#1511,#1512,#1513);
#1511 = CARTESIAN_POINT('',(-6.871293322886,-5.393353322544,
    0.479325848286));
#1512 = DIRECTION('',(-0.418656509808,-0.908144491678,-5.55904782909E-04
    ));
#1513 = DIRECTION('',(-0.908144632,0.418656574497,2.710505431214E-20));
#1514 = ADVANCED_FACE('',(#1515),#1532,.T.);
#1515 = FACE_BOUND('',#1516,.T.);
#1516 = EDGE_LOOP('',(#1517,#1525,#1526));
#1517 = ORIENTED_EDGE('',*,*,#1518,.T.);
#1518 = EDGE_CURVE('',#1519,#1496,#1521,.T.);
#1519 = VERTEX_POINT('',#1520);
#1520 = CARTESIAN_POINT('',(-6.96054983139,-5.346458911896,1.));
#1521 = LINE('',#1522,#1523);
#1522 = CARTESIAN_POINT('',(-6.96054983139,-5.346458911896,1.));
#1523 = VECTOR('',#1524,1.);
#1524 = DIRECTION('',(6.101162021019E-02,-3.356680849942E-02,
    -0.997572479355));
#1525 = ORIENTED_EDGE('',*,*,#1504,.F.);
#1526 = ORIENTED_EDGE('',*,*,#1527,.T.);
#1527 = EDGE_CURVE('',#1473,#1519,#1528,.T.);
#1528 = LINE('',#1529,#1530);
#1529 = CARTESIAN_POINT('',(-6.883418083191,-5.388082504272,1.));
#1530 = VECTOR('',#1531,1.);
#1531 = DIRECTION('',(-0.880036789911,0.474905515237,0.));
#1532 = PLANE('',#1533);
#1533 = AXIS2_PLACEMENT_3D('',#1534,#1535,#1536);
#1534 = CARTESIAN_POINT('',(-6.91118152989,-5.373408605782,
    0.520965558846));
#1535 = DIRECTION('',(-0.474905438993,-0.880036648626,5.666469244031E-04
    ));
#1536 = DIRECTION('',(-0.880036789911,0.474905515237,2.710505431214E-20)
  );
#1537 = ADVANCED_FACE('',(#1538),#1555,.T.);
#1538 = FACE_BOUND('',#1539,.T.);
#1539 = EDGE_LOOP('',(#1540,#1548,#1549));
#1540 = ORIENTED_EDGE('',*,*,#1541,.T.);
#1541 = EDGE_CURVE('',#1542,#1496,#1544,.T.);
#1542 = VERTEX_POINT('',#1543);
#1543 = CARTESIAN_POINT('',(-6.97474861145,-5.33790397644,0.));
#1544 = LINE('',#1545,#1546);
#1545 = CARTESIAN_POINT('',(-6.97474861145,-5.33790397644,0.));
#1546 = VECTOR('',#1547,1.);
#1547 = DIRECTION('',(0.872493871374,-0.488625055042,0.));
#1548 = ORIENTED_EDGE('',*,*,#1518,.F.);
#1549 = ORIENTED_EDGE('',*,*,#1550,.T.);
#1550 = EDGE_CURVE('',#1519,#1542,#1551,.T.);
#1551 = LINE('',#1552,#1553);
#1552 = CARTESIAN_POINT('',(-6.96054983139,-5.346458911896,1.));
#1553 = VECTOR('',#1554,1.);
#1554 = DIRECTION('',(-1.419682960424E-02,8.553760282421E-03,
    -0.999862632172));
#1555 = PLANE('',#1556);
#1556 = AXIS2_PLACEMENT_3D('',#1557,#1558,#1559);
#1557 = CARTESIAN_POINT('',(-6.948303368083,-5.353003284315,
    0.479326430264));
#1558 = DIRECTION('',(-0.488624987382,-0.872493750561,
    -5.262489936512E-04));
#1559 = DIRECTION('',(-0.872493871374,0.488625055042,0.));
#1560 = ADVANCED_FACE('',(#1561),#1578,.T.);
#1561 = FACE_BOUND('',#1562,.T.);
#1562 = EDGE_LOOP('',(#1563,#1571,#1572));
#1563 = ORIENTED_EDGE('',*,*,#1564,.T.);
#1564 = EDGE_CURVE('',#1565,#1542,#1567,.T.);
#1565 = VERTEX_POINT('',#1566);
#1566 = CARTESIAN_POINT('',(-7.034122467041,-5.298826217651,1.));
#1567 = LINE('',#1568,#1569);
#1568 = CARTESIAN_POINT('',(-7.034122467041,-5.298826217651,1.));
#1569 = VECTOR('',#1570,1.);
#1570 = DIRECTION('',(5.922443351385E-02,-3.897941449554E-02,
    -0.997483369145));
#1571 = ORIENTED_EDGE('',*,*,#1550,.F.);
#1572 = ORIENTED_EDGE('',*,*,#1573,.T.);
#1573 = EDGE_CURVE('',#1519,#1565,#1574,.T.);
#1574 = LINE('',#1575,#1576);
#1575 = CARTESIAN_POINT('',(-6.96054983139,-5.346458911896,1.));
#1576 = VECTOR('',#1577,1.);
#1577 = DIRECTION('',(-0.839430295348,0.543467367238,0.));
#1578 = PLANE('',#1579);
#1579 = AXIS2_PLACEMENT_3D('',#1580,#1581,#1582);
#1580 = CARTESIAN_POINT('',(-6.986536916138,-5.329939727022,
    0.520964849744));
#1581 = DIRECTION('',(-0.543467289373,-0.839430175079,5.353015444547E-04
    ));
#1582 = DIRECTION('',(-0.839430295348,0.543467367238,5.421010862428E-20)
  );
#1583 = ADVANCED_FACE('',(#1584),#1601,.T.);
#1584 = FACE_BOUND('',#1585,.T.);
#1585 = EDGE_LOOP('',(#1586,#1594,#1595));
#1586 = ORIENTED_EDGE('',*,*,#1587,.T.);
#1587 = EDGE_CURVE('',#1588,#1542,#1590,.T.);
#1588 = VERTEX_POINT('',#1589);
#1589 = CARTESIAN_POINT('',(-7.046563625336,-5.289918899536,0.));
#1590 = LINE('',#1591,#1592);
#1591 = CARTESIAN_POINT('',(-7.046563625336,-5.289918899536,0.));
#1592 = VECTOR('',#1593,1.);
#1593 = DIRECTION('',(0.831470581715,-0.555568782189,0.));
#1594 = ORIENTED_EDGE('',*,*,#1564,.F.);
#1595 = ORIENTED_EDGE('',*,*,#1596,.T.);
#1596 = EDGE_CURVE('',#1565,#1588,#1597,.T.);
#1597 = LINE('',#1598,#1599);
#1598 = CARTESIAN_POINT('',(-7.034122467041,-5.298826217651,1.));
#1599 = VECTOR('',#1600,1.);
#1600 = DIRECTION('',(-1.243970217135E-02,8.906275595446E-03,
    -0.999882959183));
#1601 = PLANE('',#1602);
#1602 = AXIS2_PLACEMENT_3D('',#1603,#1604,#1605);
#1603 = CARTESIAN_POINT('',(-7.021883502033,-5.30669449652,
    0.479327280403));
#1604 = DIRECTION('',(-0.55556871433,-0.831470480156,-4.942537516294E-04
    ));
#1605 = DIRECTION('',(-0.831470581715,0.555568782189,0.));
#1606 = ADVANCED_FACE('',(#1607),#1624,.T.);
#1607 = FACE_BOUND('',#1608,.T.);
#1608 = EDGE_LOOP('',(#1609,#1617,#1618));
#1609 = ORIENTED_EDGE('',*,*,#1610,.T.);
#1610 = EDGE_CURVE('',#1611,#1588,#1613,.T.);
#1611 = VERTEX_POINT('',#1612);
#1612 = CARTESIAN_POINT('',(-7.103669166565,-5.245487689972,1.));
#1613 = LINE('',#1614,#1615);
#1614 = CARTESIAN_POINT('',(-7.103669166565,-5.245487689972,1.));
#1615 = VECTOR('',#1616,1.);
#1616 = DIRECTION('',(5.69566468338E-02,-4.431536164569E-02,
    -0.997392645403));
#1617 = ORIENTED_EDGE('',*,*,#1596,.F.);
#1618 = ORIENTED_EDGE('',*,*,#1619,.T.);
#1619 = EDGE_CURVE('',#1565,#1611,#1620,.T.);
#1620 = LINE('',#1621,#1622);
#1621 = CARTESIAN_POINT('',(-7.034122467041,-5.298826217651,1.));
#1622 = VECTOR('',#1623,1.);
#1623 = DIRECTION('',(-0.793499518458,0.608570878541,0.));
#1624 = PLANE('',#1625);
#1625 = AXIS2_PLACEMENT_3D('',#1626,#1627,#1628);
#1626 = CARTESIAN_POINT('',(-7.058218664082,-5.280649635021,
    0.520964054995));
#1627 = DIRECTION('',(-0.608570801439,-0.793499417927,5.033739344939E-04
    ));
#1628 = DIRECTION('',(-0.793499518458,0.608570878541,5.421010862428E-20)
  );
#1629 = ADVANCED_FACE('',(#1630),#1647,.T.);
#1630 = FACE_BOUND('',#1631,.T.);
#1631 = EDGE_LOOP('',(#1632,#1640,#1641));
#1632 = ORIENTED_EDGE('',*,*,#1633,.T.);
#1633 = EDGE_CURVE('',#1634,#1588,#1636,.T.);
#1634 = VERTEX_POINT('',#1635);
#1635 = CARTESIAN_POINT('',(-7.114392757416,-5.236446380615,0.));
#1636 = LINE('',#1637,#1638);
#1637 = CARTESIAN_POINT('',(-7.114392757416,-5.236446380615,0.));
#1638 = VECTOR('',#1639,1.);
#1639 = DIRECTION('',(0.785315001401,-0.619096396836,0.));
#1640 = ORIENTED_EDGE('',*,*,#1610,.F.);
#1641 = ORIENTED_EDGE('',*,*,#1642,.T.);
#1642 = EDGE_CURVE('',#1611,#1634,#1643,.T.);
#1643 = LINE('',#1644,#1645);
#1644 = CARTESIAN_POINT('',(-7.103669166565,-5.245487689972,1.));
#1645 = VECTOR('',#1646,1.);
#1646 = DIRECTION('',(-1.07225361232E-02,9.040420091248E-03,
    -0.999901644175));
#1647 = PLANE('',#1648);
#1648 = AXIS2_PLACEMENT_3D('',#1649,#1650,#1651);
#1649 = CARTESIAN_POINT('',(-7.091573849829,-5.254717057037,
    0.479327815063));
#1650 = DIRECTION('',(-0.619096330953,-0.78531491783,-4.6133936413E-04)
  );
#1651 = DIRECTION('',(-0.785315001401,0.619096396836,-2.710505431214E-20
    ));
#1652 = ADVANCED_FACE('',(#1653),#1670,.T.);
#1653 = FACE_BOUND('',#1654,.T.);
#1654 = EDGE_LOOP('',(#1655,#1663,#1664));
#1655 = ORIENTED_EDGE('',*,*,#1656,.T.);
#1656 = EDGE_CURVE('',#1657,#1634,#1659,.T.);
#1657 = VERTEX_POINT('',#1658);
#1658 = CARTESIAN_POINT('',(-7.168748855591,-5.186781406403,1.));
#1659 = LINE('',#1660,#1661);
#1660 = CARTESIAN_POINT('',(-7.168748855591,-5.186781406403,1.));
#1661 = VECTOR('',#1662,1.);
#1662 = DIRECTION('',(5.420935703471E-02,-4.953089735291E-02,
    -0.997300373918));
#1663 = ORIENTED_EDGE('',*,*,#1642,.F.);
#1664 = ORIENTED_EDGE('',*,*,#1665,.T.);
#1665 = EDGE_CURVE('',#1611,#1657,#1666,.T.);
#1666 = LINE('',#1667,#1668);
#1667 = CARTESIAN_POINT('',(-7.103669166565,-5.245487689972,1.));
#1668 = VECTOR('',#1669,1.);
#1669 = DIRECTION('',(-0.742530248958,0.669812533013,0.));
#1670 = PLANE('',#1671);
#1671 = AXIS2_PLACEMENT_3D('',#1672,#1673,#1674);
#1672 = CARTESIAN_POINT('',(-7.12577852907,-5.225846345594,
    0.520963379736));
#1673 = DIRECTION('',(-0.669812459237,-0.742530167173,4.69349811567E-04)
  );
#1674 = DIRECTION('',(-0.742530248958,0.669812533013,-2.710505431214E-20
    ));
#1675 = ADVANCED_FACE('',(#1676),#1693,.T.);
#1676 = FACE_BOUND('',#1677,.T.);
#1677 = EDGE_LOOP('',(#1678,#1686,#1687));
#1678 = ORIENTED_EDGE('',*,*,#1679,.T.);
#1679 = EDGE_CURVE('',#1680,#1634,#1682,.T.);
#1680 = VERTEX_POINT('',#1681);
#1681 = CARTESIAN_POINT('',(-7.177817344666,-5.177817344666,0.));
#1682 = LINE('',#1683,#1684);
#1683 = CARTESIAN_POINT('',(-7.177817344666,-5.177817344666,0.));
#1684 = VECTOR('',#1685,1.);
#1685 = DIRECTION('',(0.734322794766,-0.678800436864,0.));
#1686 = ORIENTED_EDGE('',*,*,#1656,.F.);
#1687 = ORIENTED_EDGE('',*,*,#1688,.T.);
#1688 = EDGE_CURVE('',#1657,#1680,#1689,.T.);
#1689 = LINE('',#1690,#1691);
#1690 = CARTESIAN_POINT('',(-7.168748855591,-5.186781406403,1.));
#1691 = VECTOR('',#1692,1.);
#1692 = DIRECTION('',(-9.067751933175E-03,8.963333084013E-03,
    -0.999918713964));
#1693 = PLANE('',#1694);
#1694 = AXIS2_PLACEMENT_3D('',#1695,#1696,#1697);
#1695 = CARTESIAN_POINT('',(-7.156938947251,-5.197395727211,
    0.479328642797));
#1696 = DIRECTION('',(-0.678800375033,-0.734322727878,
    -4.268204827318E-04));
#1697 = DIRECTION('',(-0.734322794766,0.678800436864,-2.710505431214E-20
    ));
#1698 = ADVANCED_FACE('',(#1699),#1716,.T.);
#1699 = FACE_BOUND('',#1700,.T.);
#1700 = EDGE_LOOP('',(#1701,#1709,#1710));
#1701 = ORIENTED_EDGE('',*,*,#1702,.T.);
#1702 = EDGE_CURVE('',#1703,#1680,#1705,.T.);
#1703 = VERTEX_POINT('',#1704);
#1704 = CARTESIAN_POINT('',(-7.228948116302,-5.123080253601,1.));
#1705 = LINE('',#1706,#1707);
#1706 = CARTESIAN_POINT('',(-7.228948116302,-5.123080253601,1.));
#1707 = VECTOR('',#1708,1.);
#1708 = DIRECTION('',(5.09879376612E-02,-5.458418282372E-02,
    -0.997206496769));
#1709 = ORIENTED_EDGE('',*,*,#1688,.F.);
#1710 = ORIENTED_EDGE('',*,*,#1711,.T.);
#1711 = EDGE_CURVE('',#1657,#1703,#1712,.T.);
#1712 = LINE('',#1713,#1714);
#1713 = CARTESIAN_POINT('',(-7.168748855591,-5.186781406403,1.));
#1714 = VECTOR('',#1715,1.);
#1715 = DIRECTION('',(-0.686846995967,0.726802039163,0.));
#1716 = PLANE('',#1717);
#1717 = AXIS2_PLACEMENT_3D('',#1718,#1719,#1720);
#1718 = CARTESIAN_POINT('',(-7.188793364312,-5.165873605785,
    0.52096259679));
#1719 = DIRECTION('',(-0.726801970696,-0.686846931264,4.340574349732E-04
    ));
#1720 = DIRECTION('',(0.686846995967,-0.726802039163,-2.710505431214E-20
    ));
#1721 = ADVANCED_FACE('',(#1722),#1739,.T.);
#1722 = FACE_BOUND('',#1723,.T.);
#1723 = EDGE_LOOP('',(#1724,#1732,#1733));
#1724 = ORIENTED_EDGE('',*,*,#1725,.T.);
#1725 = EDGE_CURVE('',#1726,#1680,#1728,.T.);
#1726 = VERTEX_POINT('',#1727);
#1727 = CARTESIAN_POINT('',(-7.236446380615,-5.114392757416,0.));
#1728 = LINE('',#1729,#1730);
#1729 = CARTESIAN_POINT('',(-7.236446380615,-5.114392757416,0.));
#1730 = VECTOR('',#1731,1.);
#1731 = DIRECTION('',(0.678800436864,-0.734322794766,0.));
#1732 = ORIENTED_EDGE('',*,*,#1702,.F.);
#1733 = ORIENTED_EDGE('',*,*,#1734,.T.);
#1734 = EDGE_CURVE('',#1703,#1726,#1735,.T.);
#1735 = LINE('',#1736,#1737);
#1736 = CARTESIAN_POINT('',(-7.228948116302,-5.123080253601,1.));
#1737 = VECTOR('',#1738,1.);
#1738 = DIRECTION('',(-7.497770613708E-03,8.686924185129E-03,
    -0.999934158224));
#1739 = PLANE('',#1740);
#1740 = AXIS2_PLACEMENT_3D('',#1741,#1742,#1743);
#1741 = CARTESIAN_POINT('',(-7.217569843894,-5.135089348923,
    0.479329423929));
#1742 = DIRECTION('',(-0.734322738654,-0.678800384995,
    -3.909297699336E-04));
#1743 = DIRECTION('',(0.678800436864,-0.734322794766,0.));
#1744 = ADVANCED_FACE('',(#1745),#1762,.T.);
#1745 = FACE_BOUND('',#1746,.T.);
#1746 = EDGE_LOOP('',(#1747,#1755,#1756));
#1747 = ORIENTED_EDGE('',*,*,#1748,.T.);
#1748 = EDGE_CURVE('',#1749,#1726,#1751,.T.);
#1749 = VERTEX_POINT('',#1750);
#1750 = CARTESIAN_POINT('',(-7.283884525299,-5.054788589478,1.));
#1751 = LINE('',#1752,#1753);
#1752 = CARTESIAN_POINT('',(-7.283884525299,-5.054788589478,1.));
#1753 = VECTOR('',#1754,1.);
#1754 = DIRECTION('',(4.730109826714E-02,-5.943197449157E-02,
    -0.99711105024));
#1755 = ORIENTED_EDGE('',*,*,#1734,.F.);
#1756 = ORIENTED_EDGE('',*,*,#1757,.T.);
#1757 = EDGE_CURVE('',#1703,#1749,#1758,.T.);
#1758 = LINE('',#1759,#1760);
#1759 = CARTESIAN_POINT('',(-7.228948116302,-5.123080253601,1.));
#1760 = VECTOR('',#1761,1.);
#1761 = DIRECTION('',(-0.626801299983,0.779179138799,0.));
#1762 = PLANE('',#1763);
#1763 = AXIS2_PLACEMENT_3D('',#1764,#1765,#1766);
#1764 = CARTESIAN_POINT('',(-7.246868556829,-5.101106814946,
    0.520961753301));
#1765 = DIRECTION('',(-0.779179077347,-0.626801250549,3.971571958194E-04
    ));
#1766 = DIRECTION('',(0.626801299983,-0.779179138799,-2.710505431214E-20
    ));
#1767 = ADVANCED_FACE('',(#1768),#1785,.T.);
#1768 = FACE_BOUND('',#1769,.T.);
#1769 = EDGE_LOOP('',(#1770,#1778,#1779));
#1770 = ORIENTED_EDGE('',*,*,#1771,.T.);
#1771 = EDGE_CURVE('',#1772,#1726,#1774,.T.);
#1772 = VERTEX_POINT('',#1773);
#1773 = CARTESIAN_POINT('',(-7.289918899536,-5.046563625336,0.));
#1774 = LINE('',#1775,#1776);
#1775 = CARTESIAN_POINT('',(-7.289918899536,-5.046563625336,0.));
#1776 = VECTOR('',#1777,1.);
#1777 = DIRECTION('',(0.619096396836,-0.785315001401,0.));
#1778 = ORIENTED_EDGE('',*,*,#1748,.F.);
#1779 = ORIENTED_EDGE('',*,*,#1780,.T.);
#1780 = EDGE_CURVE('',#1749,#1772,#1781,.T.);
#1781 = LINE('',#1782,#1783);
#1782 = CARTESIAN_POINT('',(-7.283884525299,-5.054788589478,1.));
#1783 = VECTOR('',#1784,1.);
#1784 = DIRECTION('',(-6.034060281886E-03,8.224536215113E-03,
    -0.999947972207));
#1785 = PLANE('',#1786);
#1786 = AXIS2_PLACEMENT_3D('',#1787,#1788,#1789);
#1787 = CARTESIAN_POINT('',(-7.273087472943,-5.068187483284,
    0.479330158154));
#1788 = DIRECTION('',(-0.785314952427,-0.619096358228,
    -3.531610298658E-04));
#1789 = DIRECTION('',(0.619096396836,-0.785315001401,2.710505431214E-20)
  );
#1790 = ADVANCED_FACE('',(#1791),#1808,.T.);
#1791 = FACE_BOUND('',#1792,.T.);
#1792 = EDGE_LOOP('',(#1793,#1801,#1802));
#1793 = ORIENTED_EDGE('',*,*,#1794,.T.);
#1794 = EDGE_CURVE('',#1795,#1772,#1797,.T.);
#1795 = VERTEX_POINT('',#1796);
#1796 = CARTESIAN_POINT('',(-7.333209514618,-4.982339859009,1.));
#1797 = LINE('',#1798,#1799);
#1798 = CARTESIAN_POINT('',(-7.333209514618,-4.982339859009,1.));
#1799 = VECTOR('',#1800,1.);
#1800 = DIRECTION('',(4.316135114931E-02,-6.403199689655E-02,
    -0.997014042599));
#1801 = ORIENTED_EDGE('',*,*,#1780,.F.);
#1802 = ORIENTED_EDGE('',*,*,#1803,.T.);
#1803 = EDGE_CURVE('',#1749,#1795,#1804,.T.);
#1804 = LINE('',#1805,#1806);
#1805 = CARTESIAN_POINT('',(-7.283884525299,-5.054788589478,1.));
#1806 = VECTOR('',#1807,1.);
#1807 = DIRECTION('',(-0.562776898658,0.826608832723,0.));
#1808 = PLANE('',#1809);
#1809 = AXIS2_PLACEMENT_3D('',#1810,#1811,#1812);
#1810 = CARTESIAN_POINT('',(-7.299640780003,-5.031951536502,
    0.520960930055));
#1811 = DIRECTION('',(-0.826608779383,-0.562776862343,3.592472098057E-04
    ));
#1812 = DIRECTION('',(0.562776898658,-0.826608832723,0.));
#1813 = ADVANCED_FACE('',(#1814),#1831,.T.);
#1814 = FACE_BOUND('',#1815,.T.);
#1815 = EDGE_LOOP('',(#1816,#1824,#1825));
#1816 = ORIENTED_EDGE('',*,*,#1817,.T.);
#1817 = EDGE_CURVE('',#1818,#1772,#1820,.T.);
#1818 = VERTEX_POINT('',#1819);
#1819 = CARTESIAN_POINT('',(-7.33790397644,-4.97474861145,0.));
#1820 = LINE('',#1821,#1822);
#1821 = CARTESIAN_POINT('',(-7.33790397644,-4.97474861145,0.));
#1822 = VECTOR('',#1823,1.);
#1823 = DIRECTION('',(0.555568782189,-0.831470581715,0.));
#1824 = ORIENTED_EDGE('',*,*,#1794,.F.);
#1825 = ORIENTED_EDGE('',*,*,#1826,.T.);
#1826 = EDGE_CURVE('',#1795,#1818,#1827,.T.);
#1827 = LINE('',#1828,#1829);
#1828 = CARTESIAN_POINT('',(-7.333209514618,-4.982339859009,1.));
#1829 = VECTOR('',#1830,1.);
#1830 = DIRECTION('',(-4.694274841505E-03,7.590945198248E-03,
    -0.999960169874));
#1831 = PLANE('',#1832);
#1832 = AXIS2_PLACEMENT_3D('',#1833,#1834,#1835);
#1833 = CARTESIAN_POINT('',(-7.32314464149,-4.997108644392,
    0.479331185561));
#1834 = DIRECTION('',(-0.831470540685,-0.555568754774,-3.1415324352E-04)
  );
#1835 = DIRECTION('',(0.555568782189,-0.831470581715,0.));
#1836 = ADVANCED_FACE('',(#1837),#1854,.T.);
#1837 = FACE_BOUND('',#1838,.T.);
#1838 = EDGE_LOOP('',(#1839,#1847,#1848));
#1839 = ORIENTED_EDGE('',*,*,#1840,.T.);
#1840 = EDGE_CURVE('',#1841,#1818,#1843,.T.);
#1841 = VERTEX_POINT('',#1842);
#1842 = CARTESIAN_POINT('',(-7.376610279083,-4.906194210052,1.));
#1843 = LINE('',#1844,#1845);
#1844 = CARTESIAN_POINT('',(-7.376610279083,-4.906194210052,1.));
#1845 = VECTOR('',#1846,1.);
#1846 = DIRECTION('',(3.858690876574E-02,-6.834293775445E-02,
    -0.996915389254));
#1847 = ORIENTED_EDGE('',*,*,#1826,.F.);
#1848 = ORIENTED_EDGE('',*,*,#1849,.T.);
#1849 = EDGE_CURVE('',#1795,#1841,#1850,.T.);
#1850 = LINE('',#1851,#1852);
#1851 = CARTESIAN_POINT('',(-7.333209514618,-4.982339859009,1.));
#1852 = VECTOR('',#1853,1.);
#1853 = DIRECTION('',(-0.495183620854,0.868788341104,0.));
#1854 = PLANE('',#1855);
#1855 = AXIS2_PLACEMENT_3D('',#1856,#1857,#1858);
#1856 = CARTESIAN_POINT('',(-7.346779232544,-4.958841117458,
    0.520960074395));
#1857 = DIRECTION('',(-0.868788296779,-0.495183595591,3.194322299914E-04
    ));
#1858 = DIRECTION('',(0.495183620854,-0.868788341104,0.));
#1859 = ADVANCED_FACE('',(#1860),#1877,.T.);
#1860 = FACE_BOUND('',#1861,.T.);
#1861 = EDGE_LOOP('',(#1862,#1870,#1871));
#1862 = ORIENTED_EDGE('',*,*,#1863,.T.);
#1863 = EDGE_CURVE('',#1864,#1818,#1866,.T.);
#1864 = VERTEX_POINT('',#1865);
#1865 = CARTESIAN_POINT('',(-7.380107402802,-4.899389743805,0.));
#1866 = LINE('',#1867,#1868);
#1867 = CARTESIAN_POINT('',(-7.380107402802,-4.899389743805,0.));
#1868 = VECTOR('',#1869,1.);
#1869 = DIRECTION('',(0.488625055042,-0.872493871374,0.));
#1870 = ORIENTED_EDGE('',*,*,#1840,.F.);
#1871 = ORIENTED_EDGE('',*,*,#1872,.T.);
#1872 = EDGE_CURVE('',#1841,#1864,#1873,.T.);
#1873 = LINE('',#1874,#1875);
#1874 = CARTESIAN_POINT('',(-7.376610279083,-4.906194210052,1.));
#1875 = VECTOR('',#1876,1.);
#1876 = DIRECTION('',(-3.497021378318E-03,6.804267121434E-03,
    -0.999970735967));
#1877 = PLANE('',#1878);
#1878 = AXIS2_PLACEMENT_3D('',#1879,#1880,#1881);
#1879 = CARTESIAN_POINT('',(-7.367428654807,-4.92229745509,
    0.479331897769));
#1880 = DIRECTION('',(-0.872493838715,-0.488625036751,
    -2.736136728792E-04));
#1881 = DIRECTION('',(0.488625055042,-0.872493871374,0.));
#1882 = ADVANCED_FACE('',(#1883),#1900,.T.);
#1883 = FACE_BOUND('',#1884,.T.);
#1884 = EDGE_LOOP('',(#1885,#1893,#1894));
#1885 = ORIENTED_EDGE('',*,*,#1886,.T.);
#1886 = EDGE_CURVE('',#1887,#1864,#1889,.T.);
#1887 = VERTEX_POINT('',#1888);
#1888 = CARTESIAN_POINT('',(-7.41381072998,-4.826835155487,1.));
#1889 = LINE('',#1890,#1891);
#1890 = CARTESIAN_POINT('',(-7.41381072998,-4.826835155487,1.));
#1891 = VECTOR('',#1892,1.);
#1892 = DIRECTION('',(3.359599009165E-02,-7.232351919702E-02,
    -0.996815237655));
#1893 = ORIENTED_EDGE('',*,*,#1872,.F.);
#1894 = ORIENTED_EDGE('',*,*,#1895,.T.);
#1895 = EDGE_CURVE('',#1841,#1887,#1896,.T.);
#1896 = LINE('',#1897,#1898);
#1897 = CARTESIAN_POINT('',(-7.376610279083,-4.906194210052,1.));
#1898 = VECTOR('',#1899,1.);
#1899 = DIRECTION('',(-0.424442239543,0.905455015609,0.));
#1900 = PLANE('',#1901);
#1901 = AXIS2_PLACEMENT_3D('',#1902,#1903,#1904);
#1902 = CARTESIAN_POINT('',(-7.387989581892,-4.882233143265,
    0.520959100589));
#1903 = DIRECTION('',(-0.905454980523,-0.424442223097,2.783853071065E-04
    ));
#1904 = DIRECTION('',(0.424442239543,-0.905455015609,-1.355252715607E-20
    ));
#1905 = ADVANCED_FACE('',(#1906),#1923,.T.);
#1906 = FACE_BOUND('',#1907,.T.);
#1907 = EDGE_LOOP('',(#1908,#1916,#1917));
#1908 = ORIENTED_EDGE('',*,*,#1909,.T.);
#1909 = EDGE_CURVE('',#1910,#1864,#1912,.T.);
#1910 = VERTEX_POINT('',#1911);
#1911 = CARTESIAN_POINT('',(-7.41626739502,-4.820951938629,0.));
#1912 = LINE('',#1913,#1914);
#1913 = CARTESIAN_POINT('',(-7.41626739502,-4.820951938629,0.));
#1914 = VECTOR('',#1915,1.);
#1915 = DIRECTION('',(0.418656574497,-0.908144632,0.));
#1916 = ORIENTED_EDGE('',*,*,#1886,.F.);
#1917 = ORIENTED_EDGE('',*,*,#1918,.T.);
#1918 = EDGE_CURVE('',#1887,#1910,#1919,.T.);
#1919 = LINE('',#1920,#1921);
#1920 = CARTESIAN_POINT('',(-7.41381072998,-4.826835155487,1.));
#1921 = VECTOR('',#1922,1.);
#1922 = DIRECTION('',(-2.456615112008E-03,5.883097292692E-03,
    -0.999979676898));
#1923 = PLANE('',#1924);
#1924 = AXIS2_PLACEMENT_3D('',#1925,#1926,#1927);
#1925 = CARTESIAN_POINT('',(-7.405662441093,-4.844221742794,
    0.479332877627));
#1926 = DIRECTION('',(-0.908144607552,-0.418656563226,
    -2.320402426621E-04));
#1927 = DIRECTION('',(0.418656574497,-0.908144632,0.));
#1928 = ADVANCED_FACE('',(#1929),#1946,.T.);
#1929 = FACE_BOUND('',#1930,.T.);
#1930 = EDGE_LOOP('',(#1931,#1939,#1940));
#1931 = ORIENTED_EDGE('',*,*,#1932,.T.);
#1932 = EDGE_CURVE('',#1933,#1910,#1935,.T.);
#1933 = VERTEX_POINT('',#1934);
#1934 = CARTESIAN_POINT('',(-7.444574832916,-4.744765758514,1.));
#1935 = LINE('',#1936,#1937);
#1936 = CARTESIAN_POINT('',(-7.444574832916,-4.744765758514,1.));
#1937 = VECTOR('',#1938,1.);
#1938 = DIRECTION('',(2.821440411103E-02,-7.593579048994E-02,
    -0.996713450859));
#1939 = ORIENTED_EDGE('',*,*,#1918,.F.);
#1940 = ORIENTED_EDGE('',*,*,#1941,.T.);
#1941 = EDGE_CURVE('',#1887,#1933,#1942,.T.);
#1942 = LINE('',#1943,#1944);
#1943 = CARTESIAN_POINT('',(-7.41381072998,-4.826835155487,1.));
#1944 = VECTOR('',#1945,1.);
#1945 = DIRECTION('',(-0.35100419509,0.936373886345,0.));
#1946 = PLANE('',#1947);
#1947 = AXIS2_PLACEMENT_3D('',#1948,#1949,#1950);
#1948 = CARTESIAN_POINT('',(-7.423013035753,-4.802607327702,0.5209582716
    ));
#1949 = DIRECTION('',(-0.936373860418,-0.351004185371,2.353231858088E-04
    ));
#1950 = DIRECTION('',(0.35100419509,-0.936373886345,1.355252715607E-20)
  );
#1951 = ADVANCED_FACE('',(#1952),#1969,.T.);
#1952 = FACE_BOUND('',#1953,.T.);
#1953 = EDGE_LOOP('',(#1954,#1962,#1963));
#1954 = ORIENTED_EDGE('',*,*,#1955,.T.);
#1955 = EDGE_CURVE('',#1956,#1910,#1958,.T.);
#1956 = VERTEX_POINT('',#1957);
#1957 = CARTESIAN_POINT('',(-7.446162223816,-4.739918708801,0.));
#1958 = LINE('',#1959,#1960);
#1959 = CARTESIAN_POINT('',(-7.446162223816,-4.739918708801,0.));
#1960 = VECTOR('',#1961,1.);
#1961 = DIRECTION('',(0.346117994838,-0.938190989964,0.));
#1962 = ORIENTED_EDGE('',*,*,#1932,.F.);
#1963 = ORIENTED_EDGE('',*,*,#1964,.T.);
#1964 = EDGE_CURVE('',#1933,#1956,#1965,.T.);
#1965 = LINE('',#1966,#1967);
#1966 = CARTESIAN_POINT('',(-7.444574832916,-4.744765758514,1.));
#1967 = VECTOR('',#1968,1.);
#1968 = DIRECTION('',(-1.587370253105E-03,4.846986669514E-03,
    -0.999986993403));
#1969 = PLANE('',#1970);
#1970 = AXIS2_PLACEMENT_3D('',#1971,#1972,#1973);
#1971 = CARTESIAN_POINT('',(-7.437606973077,-4.763369537463,
    0.479333751024));
#1972 = DIRECTION('',(-0.938190973318,-0.346117988697,
    -1.883752846386E-04));
#1973 = DIRECTION('',(0.346117994838,-0.938190989964,0.));
#1974 = ADVANCED_FACE('',(#1975),#1992,.T.);
#1975 = FACE_BOUND('',#1976,.T.);
#1976 = EDGE_LOOP('',(#1977,#1985,#1986));
#1977 = ORIENTED_EDGE('',*,*,#1978,.T.);
#1978 = EDGE_CURVE('',#1979,#1956,#1981,.T.);
#1979 = VERTEX_POINT('',#1980);
#1980 = CARTESIAN_POINT('',(-7.468707561493,-4.660508155823,1.));
#1981 = LINE('',#1982,#1983);
#1982 = CARTESIAN_POINT('',(-7.468707561493,-4.660508155823,1.));
#1983 = VECTOR('',#1984,1.);
#1984 = DIRECTION('',(2.246891238136E-02,-7.914136317638E-02,
    -0.996610150767));
#1985 = ORIENTED_EDGE('',*,*,#1964,.F.);
#1986 = ORIENTED_EDGE('',*,*,#1987,.T.);
#1987 = EDGE_CURVE('',#1933,#1979,#1988,.T.);
#1988 = LINE('',#1989,#1990);
#1989 = CARTESIAN_POINT('',(-7.444574832916,-4.744765758514,1.));
#1990 = VECTOR('',#1991,1.);
#1991 = DIRECTION('',(-0.275344779667,0.961345542617,0.));
#1992 = PLANE('',#1993);
#1993 = AXIS2_PLACEMENT_3D('',#1994,#1995,#1996);
#1994 = CARTESIAN_POINT('',(-7.451631096604,-4.720462379166,
    0.520957193178));
#1995 = DIRECTION('',(-0.961345525005,-0.275344774622,1.914213269747E-04
    ));
#1996 = DIRECTION('',(0.275344779667,-0.961345542617,0.));
#1997 = ADVANCED_FACE('',(#1998),#2015,.T.);
#1998 = FACE_BOUND('',#1999,.T.);
#1999 = EDGE_LOOP('',(#2000,#2008,#2009));
#2000 = ORIENTED_EDGE('',*,*,#2001,.T.);
#2001 = EDGE_CURVE('',#2002,#1956,#2004,.T.);
#2002 = VERTEX_POINT('',#2003);
#2003 = CARTESIAN_POINT('',(-7.469606876373,-4.656789779663,0.));
#2004 = LINE('',#2005,#2006);
#2005 = CARTESIAN_POINT('',(-7.469606876373,-4.656789779663,0.));
#2006 = VECTOR('',#2007,1.);
#2007 = DIRECTION('',(0.271439053609,-0.962455630237,0.));
#2008 = ORIENTED_EDGE('',*,*,#1978,.F.);
#2009 = ORIENTED_EDGE('',*,*,#2010,.T.);
#2010 = EDGE_CURVE('',#1979,#2002,#2011,.T.);
#2011 = LINE('',#2012,#2013);
#2012 = CARTESIAN_POINT('',(-7.468707561493,-4.660508155823,1.));
#2013 = VECTOR('',#2014,1.);
#2014 = DIRECTION('',(-8.993082996669E-04,3.718348950585E-03,
    -0.999992682536));
#2015 = PLANE('',#2016);
#2016 = AXIS2_PLACEMENT_3D('',#2017,#2018,#2019);
#2017 = CARTESIAN_POINT('',(-7.463062876222,-4.680247052107,
    0.479334742467));
#2018 = DIRECTION('',(-0.962455620292,-0.271439050804,
    -1.437618342877E-04));
#2019 = DIRECTION('',(0.271439053609,-0.962455630237,0.));
#2020 = ADVANCED_FACE('',(#2021),#2038,.T.);
#2021 = FACE_BOUND('',#2022,.T.);
#2022 = EDGE_LOOP('',(#2023,#2031,#2032));
#2023 = ORIENTED_EDGE('',*,*,#2024,.T.);
#2024 = EDGE_CURVE('',#2025,#2002,#2027,.T.);
#2025 = VERTEX_POINT('',#2026);
#2026 = CARTESIAN_POINT('',(-7.486055374146,-4.574596405029,1.));
#2027 = LINE('',#2028,#2029);
#2028 = CARTESIAN_POINT('',(-7.486055374146,-4.574596405029,1.));
#2029 = VECTOR('',#2030,1.);
#2030 = DIRECTION('',(1.639101444484E-02,-8.190612963866E-02,
    -0.996505253661));
#2031 = ORIENTED_EDGE('',*,*,#2010,.F.);
#2032 = ORIENTED_EDGE('',*,*,#2033,.T.);
#2033 = EDGE_CURVE('',#1979,#2025,#2034,.T.);
#2034 = LINE('',#2035,#2036);
#2035 = CARTESIAN_POINT('',(-7.468707561493,-4.660508155823,1.));
#2036 = VECTOR('',#2037,1.);
#2037 = DIRECTION('',(-0.197931044816,0.98021594636,0.));
#2038 = PLANE('',#2039);
#2039 = AXIS2_PLACEMENT_3D('',#2040,#2041,#2042);
#2040 = CARTESIAN_POINT('',(-7.473664356523,-4.636312814619,
    0.520956248286));
#2041 = DIRECTION('',(-0.980215935978,-0.19793104272,1.455407066946E-04)
  );
#2042 = DIRECTION('',(0.197931044816,-0.98021594636,-3.388131789017E-21)
  );
#2043 = ADVANCED_FACE('',(#2044),#2061,.T.);
#2044 = FACE_BOUND('',#2045,.T.);
#2045 = EDGE_LOOP('',(#2046,#2054,#2055));
#2046 = ORIENTED_EDGE('',*,*,#2047,.T.);
#2047 = EDGE_CURVE('',#2048,#2002,#2050,.T.);
#2048 = VERTEX_POINT('',#2049);
#2049 = CARTESIAN_POINT('',(-7.48645734787,-4.57207775116,0.));
#2050 = LINE('',#2051,#2052);
#2051 = CARTESIAN_POINT('',(-7.48645734787,-4.57207775116,0.));
#2052 = VECTOR('',#2053,1.);
#2053 = DIRECTION('',(0.195092564621,-0.980784834319,0.));
#2054 = ORIENTED_EDGE('',*,*,#2024,.F.);
#2055 = ORIENTED_EDGE('',*,*,#2056,.T.);
#2056 = EDGE_CURVE('',#2025,#2048,#2057,.T.);
#2057 = LINE('',#2058,#2059);
#2058 = CARTESIAN_POINT('',(-7.486055374146,-4.574596405029,1.));
#2059 = VECTOR('',#2060,1.);
#2060 = DIRECTION('',(-4.019724169118E-04,2.518645677495E-03,
    -0.999996747416));
#2061 = PLANE('',#2062);
#2062 = AXIS2_PLACEMENT_3D('',#2063,#2064,#2065);
#2063 = CARTESIAN_POINT('',(-7.481870885882,-4.595373799857,
    0.47933575258));
#2064 = DIRECTION('',(-0.980784829693,-0.195092563701,
    -9.712090970809E-05));
#2065 = DIRECTION('',(0.195092564621,-0.980784834319,-3.388131789017E-21
    ));
#2066 = ADVANCED_FACE('',(#2067),#2084,.T.);
#2067 = FACE_BOUND('',#2068,.T.);
#2068 = EDGE_LOOP('',(#2069,#2077,#2078));
#2069 = ORIENTED_EDGE('',*,*,#2070,.T.);
#2070 = EDGE_CURVE('',#2071,#2048,#2073,.T.);
#2071 = VERTEX_POINT('',#2072);
#2072 = CARTESIAN_POINT('',(-7.49650812149,-4.487576007843,1.));
#2073 = LINE('',#2074,#2075);
#2074 = CARTESIAN_POINT('',(-7.49650812149,-4.487576007843,1.));
#2075 = VECTOR('',#2076,1.);
#2076 = DIRECTION('',(1.001457843115E-02,-8.419743275075E-02,
    -0.996398765825));
#2077 = ORIENTED_EDGE('',*,*,#2056,.F.);
#2078 = ORIENTED_EDGE('',*,*,#2079,.T.);
#2079 = EDGE_CURVE('',#2025,#2071,#2080,.T.);
#2080 = LINE('',#2081,#2082);
#2081 = CARTESIAN_POINT('',(-7.486055374146,-4.574596405029,1.));
#2082 = VECTOR('',#2083,1.);
#2083 = DIRECTION('',(-0.119261066286,0.992862930151,0.));
#2084 = PLANE('',#2085);
#2085 = AXIS2_PLACEMENT_3D('',#2086,#2087,#2088);
#2086 = CARTESIAN_POINT('',(-7.488975156598,-4.550685425713,
    0.520955258641));
#2087 = DIRECTION('',(-0.992862925312,-0.119261065705,9.872746323886E-05
    ));
#2088 = DIRECTION('',(0.119261066286,-0.992862930151,-1.694065894509E-21
    ));
#2089 = ADVANCED_FACE('',(#2090),#2107,.T.);
#2090 = FACE_BOUND('',#2091,.T.);
#2091 = EDGE_LOOP('',(#2092,#2100,#2101));
#2092 = ORIENTED_EDGE('',*,*,#2093,.T.);
#2093 = EDGE_CURVE('',#2094,#2048,#2096,.T.);
#2094 = VERTEX_POINT('',#2095);
#2095 = CARTESIAN_POINT('',(-7.496609210968,-4.486305236816,0.));
#2096 = LINE('',#2097,#2098);
#2097 = CARTESIAN_POINT('',(-7.496609210968,-4.486305236816,0.));
#2098 = VECTOR('',#2099,1.);
#2099 = DIRECTION('',(0.117537591915,-0.993068433939,0.));
#2100 = ORIENTED_EDGE('',*,*,#2070,.F.);
#2101 = ORIENTED_EDGE('',*,*,#2102,.T.);
#2102 = EDGE_CURVE('',#2071,#2094,#2103,.T.);
#2103 = LINE('',#2104,#2105);
#2104 = CARTESIAN_POINT('',(-7.49650812149,-4.487576007843,1.));
#2105 = VECTOR('',#2106,1.);
#2106 = DIRECTION('',(-1.010893954E-04,1.270769994062E-03,
    -0.999999187462));
#2107 = PLANE('',#2108);
#2108 = AXIS2_PLACEMENT_3D('',#2109,#2110,#2111);
#2109 = CARTESIAN_POINT('',(-7.49391351682,-4.509280729626,
    0.479336897208));
#2110 = DIRECTION('',(-0.993068432748,-0.117537591774,
    -4.897459713763E-05));
#2111 = DIRECTION('',(0.117537591915,-0.993068433939,8.470329472543E-22)
  );
#2112 = ADVANCED_FACE('',(#2113),#2130,.T.);
#2113 = FACE_BOUND('',#2114,.T.);
#2114 = EDGE_LOOP('',(#2115,#2123,#2124));
#2115 = ORIENTED_EDGE('',*,*,#2116,.T.);
#2116 = EDGE_CURVE('',#2117,#2094,#2119,.T.);
#2117 = VERTEX_POINT('',#2118);
#2118 = CARTESIAN_POINT('',(-7.5,-4.400000095367,1.));
#2119 = LINE('',#2120,#2121);
#2120 = CARTESIAN_POINT('',(-7.5,-4.400000095367,1.));
#2121 = VECTOR('',#2122,1.);
#2122 = DIRECTION('',(3.378211589833E-03,-8.598501008324E-02,
    -0.996290703423));
#2123 = ORIENTED_EDGE('',*,*,#2102,.F.);
#2124 = ORIENTED_EDGE('',*,*,#2125,.T.);
#2125 = EDGE_CURVE('',#2071,#2117,#2126,.T.);
#2126 = LINE('',#2127,#2128);
#2127 = CARTESIAN_POINT('',(-7.49650812149,-4.487576007843,1.));
#2128 = VECTOR('',#2129,1.);
#2129 = DIRECTION('',(-3.984093320844E-02,0.99920603483,0.));
#2130 = PLANE('',#2131);
#2131 = AXIS2_PLACEMENT_3D('',#2132,#2133,#2134);
#2132 = CARTESIAN_POINT('',(-7.497467655935,-4.464116767458,
    0.52095409332));
#2133 = DIRECTION('',(-0.999206033562,-3.984093315787E-02,
    5.038051235649E-05));
#2134 = DIRECTION('',(3.984093320844E-02,-0.99920603483,0.));
#2135 = ADVANCED_FACE('',(#2136),#2153,.T.);
#2136 = FACE_BOUND('',#2137,.T.);
#2137 = EDGE_LOOP('',(#2138,#2146,#2147));
#2138 = ORIENTED_EDGE('',*,*,#2139,.T.);
#2139 = EDGE_CURVE('',#2140,#2094,#2142,.T.);
#2140 = VERTEX_POINT('',#2141);
#2141 = CARTESIAN_POINT('',(-7.5,-4.400000095367,0.));
#2142 = LINE('',#2143,#2144);
#2143 = CARTESIAN_POINT('',(-7.5,-4.400000095367,0.));
#2144 = VECTOR('',#2145,1.);
#2145 = DIRECTION('',(3.925809087884E-02,-0.99922910401,0.));
#2146 = ORIENTED_EDGE('',*,*,#2116,.F.);
#2147 = ORIENTED_EDGE('',*,*,#2148,.T.);
#2148 = EDGE_CURVE('',#2117,#2140,#2149,.T.);
#2149 = LINE('',#2150,#2151);
#2150 = CARTESIAN_POINT('',(-7.5,-4.400000095367,1.));
#2151 = VECTOR('',#2152,1.);
#2152 = DIRECTION('',(0.,0.,-1.));
#2153 = PLANE('',#2154);
#2154 = AXIS2_PLACEMENT_3D('',#2155,#2156,#2157);
#2155 = CARTESIAN_POINT('',(-7.499115762227,-4.422506439869,
    0.479337845405));
#2156 = DIRECTION('',(-0.99922910401,-3.925809087884E-02,-0.));
#2157 = DIRECTION('',(3.925809087884E-02,-0.99922910401,0.));
#2158 = ADVANCED_FACE('',(#2159),#2169,.T.);
#2159 = FACE_BOUND('',#2160,.T.);
#2160 = EDGE_LOOP('',(#2161,#2162,#2163));
#2161 = ORIENTED_EDGE('',*,*,#1297,.F.);
#2162 = ORIENTED_EDGE('',*,*,#1143,.F.);
#2163 = ORIENTED_EDGE('',*,*,#2164,.T.);
#2164 = EDGE_CURVE('',#1089,#1289,#2165,.T.);
#2165 = LINE('',#2166,#2167);
#2166 = CARTESIAN_POINT('',(-6.377691745758,-5.045027256012,1.));
#2167 = VECTOR('',#2168,1.);
#2168 = DIRECTION('',(-0.360093034007,-0.932916398644,0.));
#2169 = PLANE('',#2170);
#2170 = AXIS2_PLACEMENT_3D('',#2171,#2172,#2173);
#2171 = CARTESIAN_POINT('',(-6.447530001044,-5.288683502402,1.));
#2172 = DIRECTION('',(0.,0.,1.));
#2173 = DIRECTION('',(1.,0.,-0.));
#2174 = ADVANCED_FACE('',(#2175),#2185,.T.);
#2175 = FACE_BOUND('',#2176,.T.);
#2176 = EDGE_LOOP('',(#2177,#2178,#2179));
#2177 = ORIENTED_EDGE('',*,*,#1343,.F.);
#2178 = ORIENTED_EDGE('',*,*,#2164,.F.);
#2179 = ORIENTED_EDGE('',*,*,#2180,.T.);
#2180 = EDGE_CURVE('',#1089,#1335,#2181,.T.);
#2181 = LINE('',#2182,#2183);
#2182 = CARTESIAN_POINT('',(-6.377691745758,-5.045027256012,1.));
#2183 = VECTOR('',#2184,1.);
#2184 = DIRECTION('',(-0.51495382821,-0.857217915592,0.));
#2185 = PLANE('',#2186);
#2186 = AXIS2_PLACEMENT_3D('',#2187,#2188,#2189);
#2187 = CARTESIAN_POINT('',(-6.49443118357,-5.281473935049,1.));
#2188 = DIRECTION('',(0.,0.,1.));
#2189 = DIRECTION('',(1.,0.,-0.));
#2190 = ADVANCED_FACE('',(#2191),#2201,.T.);
#2191 = FACE_BOUND('',#2192,.T.);
#2192 = EDGE_LOOP('',(#2193,#2199,#2200));
#2193 = ORIENTED_EDGE('',*,*,#2194,.T.);
#2194 = EDGE_CURVE('',#1043,#1335,#2195,.T.);
#2195 = LINE('',#2196,#2197);
#2196 = CARTESIAN_POINT('',(-6.300520420074,-4.59051656723,1.));
#2197 = VECTOR('',#2198,1.);
#2198 = DIRECTION('',(-0.35451925043,-0.935048715883,0.));
#2199 = ORIENTED_EDGE('',*,*,#2180,.F.);
#2200 = ORIENTED_EDGE('',*,*,#1097,.F.);
#2201 = PLANE('',#2202);
#2202 = AXIS2_PLACEMENT_3D('',#2203,#2204,#2205);
#2203 = CARTESIAN_POINT('',(-6.447049358928,-5.04027808972,1.));
#2204 = DIRECTION('',(0.,0.,1.));
#2205 = DIRECTION('',(1.,0.,-0.));
#2206 = ADVANCED_FACE('',(#2207),#2217,.T.);
#2207 = FACE_BOUND('',#2208,.T.);
#2208 = EDGE_LOOP('',(#2209,#2215,#2216));
#2209 = ORIENTED_EDGE('',*,*,#2210,.T.);
#2210 = EDGE_CURVE('',#997,#1335,#2211,.T.);
#2211 = LINE('',#2212,#2213);
#2212 = CARTESIAN_POINT('',(-6.230638980865,-4.134828567505,1.));
#2213 = VECTOR('',#2214,1.);
#2214 = DIRECTION('',(-0.289402235344,-0.957207577372,0.));
#2215 = ORIENTED_EDGE('',*,*,#2194,.F.);
#2216 = ORIENTED_EDGE('',*,*,#1051,.F.);
#2217 = PLANE('',#2218);
#2218 = AXIS2_PLACEMENT_3D('',#2219,#2220,#2221);
#2219 = CARTESIAN_POINT('',(-6.417390554197,-4.808790688436,1.));
#2220 = DIRECTION('',(0.,0.,1.));
#2221 = DIRECTION('',(1.,0.,-0.));
#2222 = ADVANCED_FACE('',(#2223),#2233,.T.);
#2223 = FACE_BOUND('',#2224,.T.);
#2224 = EDGE_LOOP('',(#2225,#2226,#2227));
#2225 = ORIENTED_EDGE('',*,*,#1389,.F.);
#2226 = ORIENTED_EDGE('',*,*,#2210,.F.);
#2227 = ORIENTED_EDGE('',*,*,#2228,.T.);
#2228 = EDGE_CURVE('',#997,#1381,#2229,.T.);
#2229 = LINE('',#2230,#2231);
#2230 = CARTESIAN_POINT('',(-6.230638980865,-4.134828567505,1.));
#2231 = VECTOR('',#2232,1.);
#2232 = DIRECTION('',(-0.348484717701,-0.937314462456,0.));
#2233 = PLANE('',#2234);
#2234 = AXIS2_PLACEMENT_3D('',#2235,#2236,#2237);
#2235 = CARTESIAN_POINT('',(-6.461172054243,-4.819215627757,1.));
#2236 = DIRECTION('',(0.,0.,1.));
#2237 = DIRECTION('',(1.,0.,-0.));
#2238 = ADVANCED_FACE('',(#2239),#2249,.T.);
#2239 = FACE_BOUND('',#2240,.T.);
#2240 = EDGE_LOOP('',(#2241,#2247,#2248));
#2241 = ORIENTED_EDGE('',*,*,#2242,.T.);
#2242 = EDGE_CURVE('',#951,#1381,#2243,.T.);
#2243 = LINE('',#2244,#2245);
#2244 = CARTESIAN_POINT('',(-6.168065071106,-3.678079128265,1.));
#2245 = VECTOR('',#2246,1.);
#2246 = DIRECTION('',(-0.297271047075,-0.95479313182,0.));
#2247 = ORIENTED_EDGE('',*,*,#2228,.F.);
#2248 = ORIENTED_EDGE('',*,*,#1005,.F.);
#2249 = PLANE('',#2250);
#2250 = AXIS2_PLACEMENT_3D('',#2251,#2252,#2253);
#2251 = CARTESIAN_POINT('',(-6.425755286553,-4.569830548575,1.));
#2252 = DIRECTION('',(0.,0.,1.));
#2253 = DIRECTION('',(1.,0.,-0.));
#2254 = ADVANCED_FACE('',(#2255),#2265,.T.);
#2255 = FACE_BOUND('',#2256,.T.);
#2256 = EDGE_LOOP('',(#2257,#2258,#2259));
#2257 = ORIENTED_EDGE('',*,*,#1435,.F.);
#2258 = ORIENTED_EDGE('',*,*,#2242,.F.);
#2259 = ORIENTED_EDGE('',*,*,#2260,.T.);
#2260 = EDGE_CURVE('',#951,#1427,#2261,.T.);
#2261 = LINE('',#2262,#2263);
#2262 = CARTESIAN_POINT('',(-6.168065071106,-3.678079128265,1.));
#2263 = VECTOR('',#2264,1.);
#2264 = DIRECTION('',(-0.341970626656,-0.939710641902,0.));
#2265 = PLANE('',#2266);
#2266 = AXIS2_PLACEMENT_3D('',#2267,#2268,#2269);
#2267 = CARTESIAN_POINT('',(-6.471788459174,-4.578248626515,1.));
#2268 = DIRECTION('',(0.,0.,1.));
#2269 = DIRECTION('',(1.,0.,-0.));
#2270 = ADVANCED_FACE('',(#2271),#2281,.T.);
#2271 = FACE_BOUND('',#2272,.T.);
#2272 = EDGE_LOOP('',(#2273,#2279,#2280));
#2273 = ORIENTED_EDGE('',*,*,#2274,.T.);
#2274 = EDGE_CURVE('',#905,#1427,#2275,.T.);
#2275 = LINE('',#2276,#2277);
#2276 = CARTESIAN_POINT('',(-6.112814903259,-3.22038602829,1.));
#2277 = VECTOR('',#2278,1.);
#2278 = DIRECTION('',(-0.299044664358,-0.954239115064,0.));
#2279 = ORIENTED_EDGE('',*,*,#2260,.F.);
#2280 = ORIENTED_EDGE('',*,*,#959,.F.);
#2281 = PLANE('',#2282);
#2282 = AXIS2_PLACEMENT_3D('',#2283,#2284,#2285);
#2283 = CARTESIAN_POINT('',(-6.437463569654,-4.326821225102,1.));
#2284 = DIRECTION('',(0.,0.,1.));
#2285 = DIRECTION('',(1.,0.,-0.));
#2286 = ADVANCED_FACE('',(#2287),#2297,.T.);
#2287 = FACE_BOUND('',#2288,.T.);
#2288 = EDGE_LOOP('',(#2289,#2295,#2296));
#2289 = ORIENTED_EDGE('',*,*,#2290,.T.);
#2290 = EDGE_CURVE('',#859,#1427,#2291,.T.);
#2291 = LINE('',#2292,#2293);
#2292 = CARTESIAN_POINT('',(-6.064903259277,-2.761867046356,1.));
#2293 = VECTOR('',#2294,1.);
#2294 = DIRECTION('',(-0.267304598256,-0.963612085723,0.));
#2295 = ORIENTED_EDGE('',*,*,#2274,.F.);
#2296 = ORIENTED_EDGE('',*,*,#913,.F.);
#2297 = PLANE('',#2298);
#2298 = AXIS2_PLACEMENT_3D('',#2299,#2300,#2301);
#2299 = CARTESIAN_POINT('',(-6.415289680328,-4.096531554522,1.));
#2300 = DIRECTION('',(0.,0.,1.));
#2301 = DIRECTION('',(1.,0.,-0.));
#2302 = ADVANCED_FACE('',(#2303),#2313,.T.);
#2303 = FACE_BOUND('',#2304,.T.);
#2304 = EDGE_LOOP('',(#2305,#2306,#2307));
#2305 = ORIENTED_EDGE('',*,*,#1481,.F.);
#2306 = ORIENTED_EDGE('',*,*,#2290,.F.);
#2307 = ORIENTED_EDGE('',*,*,#2308,.T.);
#2308 = EDGE_CURVE('',#859,#1473,#2309,.T.);
#2309 = LINE('',#2310,#2311);
#2310 = CARTESIAN_POINT('',(-6.064903259277,-2.761867046356,1.));
#2311 = VECTOR('',#2312,1.);
#2312 = DIRECTION('',(-0.297553747356,-0.954705068298,0.));
#2313 = PLANE('',#2314);
#2314 = AXIS2_PLACEMENT_3D('',#2315,#2316,#2317);
#2315 = CARTESIAN_POINT('',(-6.460161221353,-4.104518046096,1.));
#2316 = DIRECTION('',(0.,0.,1.));
#2317 = DIRECTION('',(1.,0.,-0.));
#2318 = ADVANCED_FACE('',(#2319),#2329,.T.);
#2319 = FACE_BOUND('',#2320,.T.);
#2320 = EDGE_LOOP('',(#2321,#2327,#2328));
#2321 = ORIENTED_EDGE('',*,*,#2322,.T.);
#2322 = EDGE_CURVE('',#813,#1473,#2323,.T.);
#2323 = LINE('',#2324,#2325);
#2324 = CARTESIAN_POINT('',(-6.024341106415,-2.302639245987,1.));
#2325 = VECTOR('',#2326,1.);
#2326 = DIRECTION('',(-0.268226261714,-0.9633559428,0.));
#2327 = ORIENTED_EDGE('',*,*,#2308,.F.);
#2328 = ORIENTED_EDGE('',*,*,#867,.F.);
#2329 = PLANE('',#2330);
#2330 = AXIS2_PLACEMENT_3D('',#2331,#2332,#2333);
#2331 = CARTESIAN_POINT('',(-6.433163746459,-3.849454907298,1.));
#2332 = DIRECTION('',(0.,0.,1.));
#2333 = DIRECTION('',(1.,0.,-0.));
#2334 = ADVANCED_FACE('',(#2335),#2345,.T.);
#2335 = FACE_BOUND('',#2336,.T.);
#2336 = EDGE_LOOP('',(#2337,#2343,#2344));
#2337 = ORIENTED_EDGE('',*,*,#2338,.T.);
#2338 = EDGE_CURVE('',#767,#1473,#2339,.T.);
#2339 = LINE('',#2340,#2341);
#2340 = CARTESIAN_POINT('',(-5.991140365601,-1.842820644379,1.));
#2341 = VECTOR('',#2342,1.);
#2342 = DIRECTION('',(-0.244070278707,-0.96975754653,0.));
#2343 = ORIENTED_EDGE('',*,*,#2322,.F.);
#2344 = ORIENTED_EDGE('',*,*,#821,.F.);
#2345 = PLANE('',#2346);
#2346 = AXIS2_PLACEMENT_3D('',#2347,#2348,#2349);
#2347 = CARTESIAN_POINT('',(-6.417489170292,-3.618885663696,1.));
#2348 = DIRECTION('',(0.,0.,1.));
#2349 = DIRECTION('',(1.,0.,-0.));
#2350 = ADVANCED_FACE('',(#2351),#2361,.T.);
#2351 = FACE_BOUND('',#2352,.T.);
#2352 = EDGE_LOOP('',(#2353,#2354,#2355));
#2353 = ORIENTED_EDGE('',*,*,#2338,.F.);
#2354 = ORIENTED_EDGE('',*,*,#775,.F.);
#2355 = ORIENTED_EDGE('',*,*,#2356,.T.);
#2356 = EDGE_CURVE('',#721,#1473,#2357,.T.);
#2357 = LINE('',#2358,#2359);
#2358 = CARTESIAN_POINT('',(-5.965308189392,-1.382529377937,1.));
#2359 = VECTOR('',#2360,1.);
#2360 = DIRECTION('',(-0.223415607274,-0.974723276846,0.));
#2361 = PLANE('',#2362);
#2362 = AXIS2_PLACEMENT_3D('',#2363,#2364,#2365);
#2363 = CARTESIAN_POINT('',(-6.405100683856,-3.388243025103,1.));
#2364 = DIRECTION('',(0.,0.,1.));
#2365 = DIRECTION('',(1.,0.,-0.));
#2366 = ADVANCED_FACE('',(#2367),#2377,.T.);
#2367 = FACE_BOUND('',#2368,.T.);
#2368 = EDGE_LOOP('',(#2369,#2375,#2376));
#2369 = ORIENTED_EDGE('',*,*,#2370,.T.);
#2370 = EDGE_CURVE('',#675,#1473,#2371,.T.);
#2371 = LINE('',#2372,#2373);
#2372 = CARTESIAN_POINT('',(-5.946852207184,-0.92188334465,1.));
#2373 = VECTOR('',#2374,1.);
#2374 = DIRECTION('',(-0.205236834717,-0.978712338573,0.));
#2375 = ORIENTED_EDGE('',*,*,#2356,.F.);
#2376 = ORIENTED_EDGE('',*,*,#729,.F.);
#2377 = PLANE('',#2378);
#2378 = AXIS2_PLACEMENT_3D('',#2379,#2380,#2381);
#2379 = CARTESIAN_POINT('',(-6.396116767126,-3.157521207193,1.));
#2380 = DIRECTION('',(0.,0.,1.));
#2381 = DIRECTION('',(1.,0.,-0.));
#2382 = ADVANCED_FACE('',(#2383),#2393,.T.);
#2383 = FACE_BOUND('',#2384,.T.);
#2384 = EDGE_LOOP('',(#2385,#2391,#2392));
#2385 = ORIENTED_EDGE('',*,*,#2386,.T.);
#2386 = EDGE_CURVE('',#629,#1473,#2387,.T.);
#2387 = LINE('',#2388,#2389);
#2388 = CARTESIAN_POINT('',(-5.93577671051,-0.461000829935,1.));
#2389 = VECTOR('',#2390,1.);
#2390 = DIRECTION('',(-0.188871546492,-0.982001801895,0.));
#2391 = ORIENTED_EDGE('',*,*,#2370,.F.);
#2392 = ORIENTED_EDGE('',*,*,#683,.F.);
#2393 = PLANE('',#2394);
#2394 = AXIS2_PLACEMENT_3D('',#2395,#2396,#2397);
#2395 = CARTESIAN_POINT('',(-6.390615126156,-2.92674134435,1.));
#2396 = DIRECTION('',(0.,0.,1.));
#2397 = DIRECTION('',(1.,0.,-0.));
#2398 = ADVANCED_FACE('',(#2399),#2409,.T.);
#2399 = FACE_BOUND('',#2400,.T.);
#2400 = EDGE_LOOP('',(#2401,#2402,#2403));
#2401 = ORIENTED_EDGE('',*,*,#2386,.F.);
#2402 = ORIENTED_EDGE('',*,*,#637,.F.);
#2403 = ORIENTED_EDGE('',*,*,#2404,.T.);
#2404 = EDGE_CURVE('',#560,#1473,#2405,.T.);
#2405 = LINE('',#2406,#2407);
#2406 = CARTESIAN_POINT('',(-5.932084560394,0.,1.));
#2407 = VECTOR('',#2408,1.);
#2408 = DIRECTION('',(-0.17387314786,-0.984768058201,0.));
#2409 = PLANE('',#2410);
#2410 = AXIS2_PLACEMENT_3D('',#2411,#2412,#2413);
#2411 = CARTESIAN_POINT('',(-6.388648159677,-2.695938877413,1.));
#2412 = DIRECTION('',(0.,0.,1.));
#2413 = DIRECTION('',(1.,0.,-0.));
#2414 = ADVANCED_FACE('',(#2415),#2425,.T.);
#2415 = FACE_BOUND('',#2416,.T.);
#2416 = EDGE_LOOP('',(#2417,#2423,#2424));
#2417 = ORIENTED_EDGE('',*,*,#2418,.T.);
#2418 = EDGE_CURVE('',#514,#1473,#2419,.T.);
#2419 = LINE('',#2420,#2421);
#2420 = CARTESIAN_POINT('',(-5.93577671051,0.461000829935,1.));
#2421 = VECTOR('',#2422,1.);
#2422 = DIRECTION('',(-0.159929962436,-0.987128364052,0.));
#2423 = ORIENTED_EDGE('',*,*,#2404,.F.);
#2424 = ORIENTED_EDGE('',*,*,#568,.F.);
#2425 = PLANE('',#2426);
#2426 = AXIS2_PLACEMENT_3D('',#2427,#2428,#2429);
#2427 = CARTESIAN_POINT('',(-6.390252270495,-2.465157509673,1.));
#2428 = DIRECTION('',(0.,0.,1.));
#2429 = DIRECTION('',(1.,0.,-0.));
#2430 = ADVANCED_FACE('',(#2431),#2441,.T.);
#2431 = FACE_BOUND('',#2432,.T.);
#2432 = EDGE_LOOP('',(#2433,#2439,#2440));
#2433 = ORIENTED_EDGE('',*,*,#2434,.T.);
#2434 = EDGE_CURVE('',#468,#1473,#2435,.T.);
#2435 = LINE('',#2436,#2437);
#2436 = CARTESIAN_POINT('',(-5.946852207184,0.92188334465,1.));
#2437 = VECTOR('',#2438,1.);
#2438 = DIRECTION('',(-0.14681803648,-0.989163517405,0.));
#2439 = ORIENTED_EDGE('',*,*,#2418,.F.);
#2440 = ORIENTED_EDGE('',*,*,#522,.F.);
#2441 = PLANE('',#2442);
#2442 = AXIS2_PLACEMENT_3D('',#2443,#2444,#2445);
#2443 = CARTESIAN_POINT('',(-6.395452986274,-2.234445898889,1.));
#2444 = DIRECTION('',(0.,0.,1.));
#2445 = DIRECTION('',(1.,0.,-0.));
#2446 = ADVANCED_FACE('',(#2447),#2457,.T.);
#2447 = FACE_BOUND('',#2448,.T.);
#2448 = EDGE_LOOP('',(#2449,#2450,#2451));
#2449 = ORIENTED_EDGE('',*,*,#2434,.F.);
#2450 = ORIENTED_EDGE('',*,*,#476,.F.);
#2451 = ORIENTED_EDGE('',*,*,#2452,.T.);
#2452 = EDGE_CURVE('',#422,#1473,#2453,.T.);
#2453 = LINE('',#2454,#2455);
#2454 = CARTESIAN_POINT('',(-5.965308189392,1.382529377937,1.));
#2455 = VECTOR('',#2456,1.);
#2456 = DIRECTION('',(-0.13437241446,-0.990930902855,0.));
#2457 = PLANE('',#2458);
#2458 = AXIS2_PLACEMENT_3D('',#2459,#2460,#2461);
#2459 = CARTESIAN_POINT('',(-6.40426818468,-2.003855760012,1.));
#2460 = DIRECTION('',(0.,0.,1.));
#2461 = DIRECTION('',(1.,0.,-0.));
#2462 = ADVANCED_FACE('',(#2463),#2473,.T.);
#2463 = FACE_BOUND('',#2464,.T.);
#2464 = EDGE_LOOP('',(#2465,#2471,#2472));
#2465 = ORIENTED_EDGE('',*,*,#2466,.T.);
#2466 = EDGE_CURVE('',#376,#1473,#2467,.T.);
#2467 = LINE('',#2468,#2469);
#2468 = CARTESIAN_POINT('',(-5.991140365601,1.842820644379,1.));
#2469 = VECTOR('',#2470,1.);
#2470 = DIRECTION('',(-0.122468928602,-0.992472347991,0.));
#2471 = ORIENTED_EDGE('',*,*,#2452,.F.);
#2472 = ORIENTED_EDGE('',*,*,#430,.F.);
#2473 = PLANE('',#2474);
#2474 = AXIS2_PLACEMENT_3D('',#2475,#2476,#2477);
#2475 = CARTESIAN_POINT('',(-6.416710279922,-1.773440916655,1.));
#2476 = DIRECTION('',(0.,0.,1.));
#2477 = DIRECTION('',(1.,0.,-0.));
#2478 = ADVANCED_FACE('',(#2479),#2489,.T.);
#2479 = FACE_BOUND('',#2480,.T.);
#2480 = EDGE_LOOP('',(#2481,#2487,#2488));
#2481 = ORIENTED_EDGE('',*,*,#2482,.T.);
#2482 = EDGE_CURVE('',#330,#1473,#2483,.T.);
#2483 = LINE('',#2484,#2485);
#2484 = CARTESIAN_POINT('',(-6.024341106415,2.302639245987,1.));
#2485 = VECTOR('',#2486,1.);
#2486 = DIRECTION('',(-0.111012600474,-0.993818998881,0.));
#2487 = ORIENTED_EDGE('',*,*,#2466,.F.);
#2488 = ORIENTED_EDGE('',*,*,#384,.F.);
#2489 = PLANE('',#2490);
#2490 = AXIS2_PLACEMENT_3D('',#2491,#2492,#2493);
#2491 = CARTESIAN_POINT('',(-6.432787155632,-1.543256418539,1.));
#2492 = DIRECTION('',(0.,0.,1.));
#2493 = DIRECTION('',(1.,0.,-0.));
#2494 = ADVANCED_FACE('',(#2495),#2505,.T.);
#2495 = FACE_BOUND('',#2496,.T.);
#2496 = EDGE_LOOP('',(#2497,#2498,#2499));
#2497 = ORIENTED_EDGE('',*,*,#2482,.F.);
#2498 = ORIENTED_EDGE('',*,*,#338,.F.);
#2499 = ORIENTED_EDGE('',*,*,#2500,.T.);
#2500 = EDGE_CURVE('',#284,#1473,#2501,.T.);
#2501 = LINE('',#2502,#2503);
#2502 = CARTESIAN_POINT('',(-6.064903259277,2.761867046356,1.));
#2503 = VECTOR('',#2504,1.);
#2504 = DIRECTION('',(-9.992918183243E-02,-0.994994552055,0.));
#2505 = PLANE('',#2506);
#2506 = AXIS2_PLACEMENT_3D('',#2507,#2508,#2509);
#2507 = CARTESIAN_POINT('',(-6.452503627056,-1.313358351694,1.));
#2508 = DIRECTION('',(0.,0.,1.));
#2509 = DIRECTION('',(1.,0.,-0.));
#2510 = ADVANCED_FACE('',(#2511),#2521,.T.);
#2511 = FACE_BOUND('',#2512,.T.);
#2512 = EDGE_LOOP('',(#2513,#2519,#2520));
#2513 = ORIENTED_EDGE('',*,*,#2514,.T.);
#2514 = EDGE_CURVE('',#238,#1473,#2515,.T.);
#2515 = LINE('',#2516,#2517);
#2516 = CARTESIAN_POINT('',(-6.112814903259,3.22038602829,1.));
#2517 = VECTOR('',#2518,1.);
#2518 = DIRECTION('',(-8.916035227586E-02,-0.996017284781,0.));
#2519 = ORIENTED_EDGE('',*,*,#2500,.F.);
#2520 = ORIENTED_EDGE('',*,*,#292,.F.);
#2521 = PLANE('',#2522);
#2522 = AXIS2_PLACEMENT_3D('',#2523,#2524,#2525);
#2523 = CARTESIAN_POINT('',(-6.47586161591,-1.08380352684,1.));
#2524 = DIRECTION('',(0.,0.,1.));
#2525 = DIRECTION('',(1.,0.,-0.));
#2526 = ADVANCED_FACE('',(#2527),#2537,.T.);
#2527 = FACE_BOUND('',#2528,.T.);
#2528 = EDGE_LOOP('',(#2529,#2535,#2536));
#2529 = ORIENTED_EDGE('',*,*,#2530,.T.);
#2530 = EDGE_CURVE('',#192,#1473,#2531,.T.);
#2531 = LINE('',#2532,#2533);
#2532 = CARTESIAN_POINT('',(-6.168065071106,3.678079128265,1.));
#2533 = VECTOR('',#2534,1.);
#2534 = DIRECTION('',(-7.865914696395E-02,-0.996901569163,0.));
#2535 = ORIENTED_EDGE('',*,*,#2514,.F.);
#2536 = ORIENTED_EDGE('',*,*,#246,.F.);
#2537 = PLANE('',#2538);
#2538 = AXIS2_PLACEMENT_3D('',#2539,#2540,#2541);
#2539 = CARTESIAN_POINT('',(-6.502860762737,-0.8546486747,1.));
#2540 = DIRECTION('',(0.,0.,1.));
#2541 = DIRECTION('',(1.,0.,-0.));
#2542 = ADVANCED_FACE('',(#2543),#2560,.T.);
#2543 = FACE_BOUND('',#2544,.T.);
#2544 = EDGE_LOOP('',(#2545,#2546,#2554));
#2545 = ORIENTED_EDGE('',*,*,#200,.F.);
#2546 = ORIENTED_EDGE('',*,*,#2547,.T.);
#2547 = EDGE_CURVE('',#146,#2548,#2550,.T.);
#2548 = VERTEX_POINT('',#2549);
#2549 = CARTESIAN_POINT('',(-6.720457553864,5.452286720276,1.));
#2550 = LINE('',#2551,#2552);
#2551 = CARTESIAN_POINT('',(-6.230638980865,4.134828567505,1.));
#2552 = VECTOR('',#2553,1.);
#2553 = DIRECTION('',(-0.348484717701,0.937314462456,0.));
#2554 = ORIENTED_EDGE('',*,*,#2555,.T.);
#2555 = EDGE_CURVE('',#2548,#192,#2556,.T.);
#2556 = LINE('',#2557,#2558);
#2557 = CARTESIAN_POINT('',(-6.720457553864,5.452286720276,1.));
#2558 = VECTOR('',#2559,1.);
#2559 = DIRECTION('',(0.297271047075,-0.95479313182,0.));
#2560 = PLANE('',#2561);
#2561 = AXIS2_PLACEMENT_3D('',#2562,#2563,#2564);
#2562 = CARTESIAN_POINT('',(-6.425755286553,4.569830548575,1.));
#2563 = DIRECTION('',(0.,0.,1.));
#2564 = DIRECTION('',(1.,0.,-0.));
#2565 = ADVANCED_FACE('',(#2566),#2583,.T.);
#2566 = FACE_BOUND('',#2567,.T.);
#2567 = EDGE_LOOP('',(#2568,#2576,#2577));
#2568 = ORIENTED_EDGE('',*,*,#2569,.T.);
#2569 = EDGE_CURVE('',#2570,#192,#2572,.T.);
#2570 = VERTEX_POINT('',#2571);
#2571 = CARTESIAN_POINT('',(-6.803217887878,5.423433303833,1.));
#2572 = LINE('',#2573,#2574);
#2573 = CARTESIAN_POINT('',(-6.803217887878,5.423433303833,1.));
#2574 = VECTOR('',#2575,1.);
#2575 = DIRECTION('',(0.341970626656,-0.939710641902,0.));
#2576 = ORIENTED_EDGE('',*,*,#2555,.F.);
#2577 = ORIENTED_EDGE('',*,*,#2578,.T.);
#2578 = EDGE_CURVE('',#2548,#2570,#2579,.T.);
#2579 = LINE('',#2580,#2581);
#2580 = CARTESIAN_POINT('',(-6.720457553864,5.452286720276,1.));
#2581 = VECTOR('',#2582,1.);
#2582 = DIRECTION('',(-0.944258598186,-0.329204647221,0.));
#2583 = PLANE('',#2584);
#2584 = AXIS2_PLACEMENT_3D('',#2585,#2586,#2587);
#2585 = CARTESIAN_POINT('',(-6.471788459174,4.578248626515,1.));
#2586 = DIRECTION('',(0.,0.,1.));
#2587 = DIRECTION('',(1.,0.,-0.));
#2588 = ADVANCED_FACE('',(#2589),#2599,.T.);
#2589 = FACE_BOUND('',#2590,.T.);
#2590 = EDGE_LOOP('',(#2591,#2592,#2593));
#2591 = ORIENTED_EDGE('',*,*,#2530,.F.);
#2592 = ORIENTED_EDGE('',*,*,#2569,.F.);
#2593 = ORIENTED_EDGE('',*,*,#2594,.T.);
#2594 = EDGE_CURVE('',#2570,#1473,#2595,.T.);
#2595 = LINE('',#2596,#2597);
#2596 = CARTESIAN_POINT('',(-6.803217887878,5.423433303833,1.));
#2597 = VECTOR('',#2598,1.);
#2598 = DIRECTION('',(-7.41783023117E-03,-0.999972487519,0.));
#2599 = PLANE('',#2600);
#2600 = AXIS2_PLACEMENT_3D('',#2601,#2602,#2603);
#2601 = CARTESIAN_POINT('',(-6.680087157171,3.986907939361E-02,1.));
#2602 = DIRECTION('',(0.,0.,1.));
#2603 = DIRECTION('',(1.,0.,-0.));
#2604 = ADVANCED_FACE('',(#2605),#2622,.T.);
#2605 = FACE_BOUND('',#2606,.T.);
#2606 = EDGE_LOOP('',(#2607,#2615,#2616));
#2607 = ORIENTED_EDGE('',*,*,#2608,.T.);
#2608 = EDGE_CURVE('',#2609,#1473,#2611,.T.);
#2609 = VERTEX_POINT('',#2610);
#2610 = CARTESIAN_POINT('',(-6.883418083191,5.388082504272,1.));
#2611 = LINE('',#2612,#2613);
#2612 = CARTESIAN_POINT('',(-6.883418083191,5.388082504272,1.));
#2613 = VECTOR('',#2614,1.);
#2614 = DIRECTION('',(0.,-1.,0.));
#2615 = ORIENTED_EDGE('',*,*,#2594,.F.);
#2616 = ORIENTED_EDGE('',*,*,#2617,.T.);
#2617 = EDGE_CURVE('',#2570,#2609,#2618,.T.);
#2618 = LINE('',#2619,#2620);
#2619 = CARTESIAN_POINT('',(-6.803217887878,5.423433303833,1.));
#2620 = VECTOR('',#2621,1.);
#2621 = DIRECTION('',(-0.915051065951,-0.403338005526,0.));
#2622 = PLANE('',#2623);
#2623 = AXIS2_PLACEMENT_3D('',#2624,#2625,#2626);
#2624 = CARTESIAN_POINT('',(-6.863253986997,3.067473373766E-02,1.));
#2625 = DIRECTION('',(0.,0.,1.));
#2626 = DIRECTION('',(1.,0.,-0.));
#2627 = ADVANCED_FACE('',(#2628),#2645,.T.);
#2628 = FACE_BOUND('',#2629,.T.);
#2629 = EDGE_LOOP('',(#2630,#2638,#2639));
#2630 = ORIENTED_EDGE('',*,*,#2631,.T.);
#2631 = EDGE_CURVE('',#2632,#1473,#2634,.T.);
#2632 = VERTEX_POINT('',#2633);
#2633 = CARTESIAN_POINT('',(-6.96054983139,5.346458911896,1.));
#2634 = LINE('',#2635,#2636);
#2635 = CARTESIAN_POINT('',(-6.96054983139,5.346458911896,1.));
#2636 = VECTOR('',#2637,1.);
#2637 = DIRECTION('',(7.185193492942E-03,-0.999974186164,0.));
#2638 = ORIENTED_EDGE('',*,*,#2608,.F.);
#2639 = ORIENTED_EDGE('',*,*,#2640,.T.);
#2640 = EDGE_CURVE('',#2609,#2632,#2641,.T.);
#2641 = LINE('',#2642,#2643);
#2642 = CARTESIAN_POINT('',(-6.883418083191,5.388082504272,1.));
#2643 = VECTOR('',#2644,1.);
#2644 = DIRECTION('',(-0.880036789911,-0.474905515237,0.));
#2645 = PLANE('',#2646);
#2646 = AXIS2_PLACEMENT_3D('',#2647,#2648,#2649);
#2647 = CARTESIAN_POINT('',(-6.902742355807,1.143633761211E-02,1.));
#2648 = DIRECTION('',(0.,0.,1.));
#2649 = DIRECTION('',(1.,0.,-0.));
#2650 = ADVANCED_FACE('',(#2651),#2668,.T.);
#2651 = FACE_BOUND('',#2652,.T.);
#2652 = EDGE_LOOP('',(#2653,#2661,#2662));
#2653 = ORIENTED_EDGE('',*,*,#2654,.T.);
#2654 = EDGE_CURVE('',#2655,#2548,#2657,.T.);
#2655 = VERTEX_POINT('',#2656);
#2656 = CARTESIAN_POINT('',(-6.635663032532,5.474459171295,1.));
#2657 = LINE('',#2658,#2659);
#2658 = CARTESIAN_POINT('',(-6.635663032532,5.474459171295,1.));
#2659 = VECTOR('',#2660,1.);
#2660 = DIRECTION('',(-0.967471806795,-0.252978858914,0.));
#2661 = ORIENTED_EDGE('',*,*,#2547,.F.);
#2662 = ORIENTED_EDGE('',*,*,#2663,.T.);
#2663 = EDGE_CURVE('',#146,#2655,#2664,.T.);
#2664 = LINE('',#2665,#2666);
#2665 = CARTESIAN_POINT('',(-6.230638980865,4.134828567505,1.));
#2666 = VECTOR('',#2667,1.);
#2667 = DIRECTION('',(-0.289402235344,0.957207577372,0.));
#2668 = PLANE('',#2669);
#2669 = AXIS2_PLACEMENT_3D('',#2670,#2671,#2672);
#2670 = CARTESIAN_POINT('',(-6.461172054243,4.819215627757,1.));
#2671 = DIRECTION('',(0.,0.,1.));
#2672 = DIRECTION('',(1.,0.,-0.));
#2673 = ADVANCED_FACE('',(#2674),#2684,.T.);
#2674 = FACE_BOUND('',#2675,.T.);
#2675 = EDGE_LOOP('',(#2676,#2682,#2683));
#2676 = ORIENTED_EDGE('',*,*,#2677,.T.);
#2677 = EDGE_CURVE('',#100,#2655,#2678,.T.);
#2678 = LINE('',#2679,#2680);
#2679 = CARTESIAN_POINT('',(-6.300520420074,4.59051656723,1.));
#2680 = VECTOR('',#2681,1.);
#2681 = DIRECTION('',(-0.35451925043,0.935048715883,0.));
#2682 = ORIENTED_EDGE('',*,*,#2663,.F.);
#2683 = ORIENTED_EDGE('',*,*,#154,.F.);
#2684 = PLANE('',#2685);
#2685 = AXIS2_PLACEMENT_3D('',#2686,#2687,#2688);
#2686 = CARTESIAN_POINT('',(-6.417390554197,4.808790688436,1.));
#2687 = DIRECTION('',(0.,0.,1.));
#2688 = DIRECTION('',(1.,0.,-0.));
#2689 = ADVANCED_FACE('',(#2690),#2700,.T.);
#2690 = FACE_BOUND('',#2691,.T.);
#2691 = EDGE_LOOP('',(#2692,#2698,#2699));
#2692 = ORIENTED_EDGE('',*,*,#2693,.T.);
#2693 = EDGE_CURVE('',#32,#2655,#2694,.T.);
#2694 = LINE('',#2695,#2696);
#2695 = CARTESIAN_POINT('',(-6.377691745758,5.045027256012,1.));
#2696 = VECTOR('',#2697,1.);
#2697 = DIRECTION('',(-0.51495382821,0.857217915592,0.));
#2698 = ORIENTED_EDGE('',*,*,#2677,.F.);
#2699 = ORIENTED_EDGE('',*,*,#108,.F.);
#2700 = PLANE('',#2701);
#2701 = AXIS2_PLACEMENT_3D('',#2702,#2703,#2704);
#2702 = CARTESIAN_POINT('',(-6.447049358928,5.04027808972,1.));
#2703 = DIRECTION('',(0.,0.,1.));
#2704 = DIRECTION('',(1.,0.,-0.));
#2705 = ADVANCED_FACE('',(#2706),#2723,.T.);
#2706 = FACE_BOUND('',#2707,.T.);
#2707 = EDGE_LOOP('',(#2708,#2709,#2717));
#2708 = ORIENTED_EDGE('',*,*,#31,.F.);
#2709 = ORIENTED_EDGE('',*,*,#2710,.T.);
#2710 = EDGE_CURVE('',#24,#2711,#2713,.T.);
#2711 = VERTEX_POINT('',#2712);
#2712 = CARTESIAN_POINT('',(-6.549372196198,5.489810943604,1.));
#2713 = LINE('',#2714,#2715);
#2714 = CARTESIAN_POINT('',(-6.462132930756,5.498243808746,1.));
#2715 = VECTOR('',#2716,1.);
#2716 = DIRECTION('',(-0.995360557661,-9.621517683261E-02,0.));
#2717 = ORIENTED_EDGE('',*,*,#2718,.T.);
#2718 = EDGE_CURVE('',#2711,#32,#2719,.T.);
#2719 = LINE('',#2720,#2721);
#2720 = CARTESIAN_POINT('',(-6.549372196198,5.489810943604,1.));
#2721 = VECTOR('',#2722,1.);
#2722 = DIRECTION('',(0.360093034007,-0.932916398644,0.));
#2723 = PLANE('',#2724);
#2724 = AXIS2_PLACEMENT_3D('',#2725,#2726,#2727);
#2725 = CARTESIAN_POINT('',(-6.447530001044,5.288683502402,1.));
#2726 = DIRECTION('',(0.,0.,1.));
#2727 = DIRECTION('',(1.,0.,-0.));
#2728 = ADVANCED_FACE('',(#2729),#2739,.T.);
#2729 = FACE_BOUND('',#2730,.T.);
#2730 = EDGE_LOOP('',(#2731,#2732,#2733));
#2731 = ORIENTED_EDGE('',*,*,#2693,.F.);
#2732 = ORIENTED_EDGE('',*,*,#2718,.F.);
#2733 = ORIENTED_EDGE('',*,*,#2734,.T.);
#2734 = EDGE_CURVE('',#2711,#2655,#2735,.T.);
#2735 = LINE('',#2736,#2737);
#2736 = CARTESIAN_POINT('',(-6.549372196198,5.489810943604,1.));
#2737 = VECTOR('',#2738,1.);
#2738 = DIRECTION('',(-0.984540519247,-0.1751569752,0.));
#2739 = PLANE('',#2740);
#2740 = AXIS2_PLACEMENT_3D('',#2741,#2742,#2743);
#2741 = CARTESIAN_POINT('',(-6.49443118357,5.281473935049,1.));
#2742 = DIRECTION('',(0.,0.,1.));
#2743 = DIRECTION('',(1.,0.,-0.));
#2744 = ADVANCED_FACE('',(#2745),#2755,.T.);
#2745 = FACE_BOUND('',#2746,.T.);
#2746 = EDGE_LOOP('',(#2747,#2748,#2749));
#2747 = ORIENTED_EDGE('',*,*,#1527,.F.);
#2748 = ORIENTED_EDGE('',*,*,#2631,.F.);
#2749 = ORIENTED_EDGE('',*,*,#2750,.T.);
#2750 = EDGE_CURVE('',#2632,#1519,#2751,.T.);
#2751 = LINE('',#2752,#2753);
#2752 = CARTESIAN_POINT('',(-6.96054983139,5.346458911896,1.));
#2753 = VECTOR('',#2754,1.);
#2754 = DIRECTION('',(0.,-1.,0.));
#2755 = PLANE('',#2756);
#2756 = AXIS2_PLACEMENT_3D('',#2757,#2758,#2759);
#2757 = CARTESIAN_POINT('',(-6.941150789418,-3.224813380047E-02,1.));
#2758 = DIRECTION('',(0.,0.,1.));
#2759 = DIRECTION('',(1.,0.,-0.));
#2760 = ADVANCED_FACE('',(#2761),#2778,.T.);
#2761 = FACE_BOUND('',#2762,.T.);
#2762 = EDGE_LOOP('',(#2763,#2771,#2772));
#2763 = ORIENTED_EDGE('',*,*,#2764,.T.);
#2764 = EDGE_CURVE('',#2765,#1519,#2767,.T.);
#2765 = VERTEX_POINT('',#2766);
#2766 = CARTESIAN_POINT('',(-7.034122467041,5.298826217651,1.));
#2767 = LINE('',#2768,#2769);
#2768 = CARTESIAN_POINT('',(-7.034122467041,5.298826217651,1.));
#2769 = VECTOR('',#2770,1.);
#2770 = DIRECTION('',(6.911123345821E-03,-0.999976117902,0.));
#2771 = ORIENTED_EDGE('',*,*,#2750,.F.);
#2772 = ORIENTED_EDGE('',*,*,#2773,.T.);
#2773 = EDGE_CURVE('',#2632,#2765,#2774,.T.);
#2774 = LINE('',#2775,#2776);
#2775 = CARTESIAN_POINT('',(-6.96054983139,5.346458911896,1.));
#2776 = VECTOR('',#2777,1.);
#2777 = DIRECTION('',(-0.839430295348,-0.543467367238,0.));
#2778 = PLANE('',#2779);
#2779 = AXIS2_PLACEMENT_3D('',#2780,#2781,#2782);
#2780 = CARTESIAN_POINT('',(-6.978977557753,9.939745537246E-03,1.));
#2781 = DIRECTION('',(0.,0.,1.));
#2782 = DIRECTION('',(1.,0.,-0.));
#2783 = ADVANCED_FACE('',(#2784),#2794,.T.);
#2784 = FACE_BOUND('',#2785,.T.);
#2785 = EDGE_LOOP('',(#2786,#2787,#2788));
#2786 = ORIENTED_EDGE('',*,*,#1573,.F.);
#2787 = ORIENTED_EDGE('',*,*,#2764,.F.);
#2788 = ORIENTED_EDGE('',*,*,#2789,.T.);
#2789 = EDGE_CURVE('',#2765,#1565,#2790,.T.);
#2790 = LINE('',#2791,#2792);
#2791 = CARTESIAN_POINT('',(-7.034122467041,5.298826217651,1.));
#2792 = VECTOR('',#2793,1.);
#2793 = DIRECTION('',(0.,-1.,0.));
#2794 = PLANE('',#2795);
#2795 = AXIS2_PLACEMENT_3D('',#2796,#2797,#2798);
#2796 = CARTESIAN_POINT('',(-7.015612440839,-3.375609265944E-02,1.));
#2797 = DIRECTION('',(0.,0.,1.));
#2798 = DIRECTION('',(1.,0.,-0.));
#2799 = ADVANCED_FACE('',(#2800),#2817,.T.);
#2800 = FACE_BOUND('',#2801,.T.);
#2801 = EDGE_LOOP('',(#2802,#2810,#2811));
#2802 = ORIENTED_EDGE('',*,*,#2803,.T.);
#2803 = EDGE_CURVE('',#2804,#1565,#2806,.T.);
#2804 = VERTEX_POINT('',#2805);
#2805 = CARTESIAN_POINT('',(-7.103669166565,5.245487689972,1.));
#2806 = LINE('',#2807,#2808);
#2807 = CARTESIAN_POINT('',(-7.103669166565,5.245487689972,1.));
#2808 = VECTOR('',#2809,1.);
#2809 = DIRECTION('',(6.595515597061E-03,-0.99997824935,0.));
#2810 = ORIENTED_EDGE('',*,*,#2789,.F.);
#2811 = ORIENTED_EDGE('',*,*,#2812,.T.);
#2812 = EDGE_CURVE('',#2765,#2804,#2813,.T.);
#2813 = LINE('',#2814,#2815);
#2814 = CARTESIAN_POINT('',(-7.034122467041,5.298826217651,1.));
#2815 = VECTOR('',#2816,1.);
#2816 = DIRECTION('',(-0.793499518458,-0.608570878541,0.));
#2817 = PLANE('',#2818);
#2818 = AXIS2_PLACEMENT_3D('',#2819,#2820,#2821);
#2819 = CARTESIAN_POINT('',(-7.05153742629,8.519417222016E-03,1.));
#2820 = DIRECTION('',(0.,0.,1.));
#2821 = DIRECTION('',(1.,0.,-0.));
#2822 = ADVANCED_FACE('',(#2823),#2833,.T.);
#2823 = FACE_BOUND('',#2824,.T.);
#2824 = EDGE_LOOP('',(#2825,#2826,#2827));
#2825 = ORIENTED_EDGE('',*,*,#1619,.F.);
#2826 = ORIENTED_EDGE('',*,*,#2803,.F.);
#2827 = ORIENTED_EDGE('',*,*,#2828,.T.);
#2828 = EDGE_CURVE('',#2804,#1611,#2829,.T.);
#2829 = LINE('',#2830,#2831);
#2830 = CARTESIAN_POINT('',(-7.103669166565,5.245487689972,1.));
#2831 = VECTOR('',#2832,1.);
#2832 = DIRECTION('',(0.,-1.,0.));
#2833 = PLANE('',#2834);
#2834 = AXIS2_PLACEMENT_3D('',#2835,#2836,#2837);
#2835 = CARTESIAN_POINT('',(-7.086166257587,-3.518868106174E-02,1.));
#2836 = DIRECTION('',(0.,0.,1.));
#2837 = DIRECTION('',(1.,0.,-0.));
#2838 = ADVANCED_FACE('',(#2839),#2856,.T.);
#2839 = FACE_BOUND('',#2840,.T.);
#2840 = EDGE_LOOP('',(#2841,#2849,#2850));
#2841 = ORIENTED_EDGE('',*,*,#2842,.T.);
#2842 = EDGE_CURVE('',#2843,#1611,#2845,.T.);
#2843 = VERTEX_POINT('',#2844);
#2844 = CARTESIAN_POINT('',(-7.168748855591,5.186781406403,1.));
#2845 = LINE('',#2846,#2847);
#2846 = CARTESIAN_POINT('',(-7.168748855591,5.186781406403,1.));
#2847 = VECTOR('',#2848,1.);
#2848 = DIRECTION('',(6.238184821149E-03,-0.999980542336,0.));
#2849 = ORIENTED_EDGE('',*,*,#2828,.F.);
#2850 = ORIENTED_EDGE('',*,*,#2851,.T.);
#2851 = EDGE_CURVE('',#2804,#2843,#2852,.T.);
#2852 = LINE('',#2853,#2854);
#2853 = CARTESIAN_POINT('',(-7.103669166565,5.245487689972,1.));
#2854 = VECTOR('',#2855,1.);
#2855 = DIRECTION('',(-0.742530248958,-0.669812533013,0.));
#2856 = PLANE('',#2857);
#2857 = AXIS2_PLACEMENT_3D('',#2858,#2859,#2860);
#2858 = CARTESIAN_POINT('',(-7.11996165533,7.184141771892E-03,1.));
#2859 = DIRECTION('',(0.,0.,1.));
#2860 = DIRECTION('',(1.,0.,-0.));
#2861 = ADVANCED_FACE('',(#2862),#2872,.T.);
#2862 = FACE_BOUND('',#2863,.T.);
#2863 = EDGE_LOOP('',(#2864,#2865,#2866));
#2864 = ORIENTED_EDGE('',*,*,#1665,.F.);
#2865 = ORIENTED_EDGE('',*,*,#2842,.F.);
#2866 = ORIENTED_EDGE('',*,*,#2867,.T.);
#2867 = EDGE_CURVE('',#2843,#1657,#2868,.T.);
#2868 = LINE('',#2869,#2870);
#2869 = CARTESIAN_POINT('',(-7.168748855591,5.186781406403,1.));
#2870 = VECTOR('',#2871,1.);
#2871 = DIRECTION('',(0.,-1.,0.));
#2872 = PLANE('',#2873);
#2873 = AXIS2_PLACEMENT_3D('',#2874,#2875,#2876);
#2874 = CARTESIAN_POINT('',(-7.152364810773,-3.653728355656E-02,1.));
#2875 = DIRECTION('',(0.,0.,1.));
#2876 = DIRECTION('',(1.,0.,-0.));
#2877 = ADVANCED_FACE('',(#2878),#2895,.T.);
#2878 = FACE_BOUND('',#2879,.T.);
#2879 = EDGE_LOOP('',(#2880,#2888,#2889));
#2880 = ORIENTED_EDGE('',*,*,#2881,.T.);
#2881 = EDGE_CURVE('',#2882,#1657,#2884,.T.);
#2882 = VERTEX_POINT('',#2883);
#2883 = CARTESIAN_POINT('',(-7.228948116302,5.123080253601,1.));
#2884 = LINE('',#2885,#2886);
#2885 = CARTESIAN_POINT('',(-7.228948116302,5.123080253601,1.));
#2886 = VECTOR('',#2887,1.);
#2887 = DIRECTION('',(5.838898378022E-03,-0.999982953488,0.));
#2888 = ORIENTED_EDGE('',*,*,#2867,.F.);
#2889 = ORIENTED_EDGE('',*,*,#2890,.T.);
#2890 = EDGE_CURVE('',#2843,#2882,#2891,.T.);
#2891 = LINE('',#2892,#2893);
#2892 = CARTESIAN_POINT('',(-7.168748855591,5.186781406403,1.));
#2893 = VECTOR('',#2894,1.);
#2894 = DIRECTION('',(-0.686846995967,-0.726802039163,0.));
#2895 = PLANE('',#2896);
#2896 = AXIS2_PLACEMENT_3D('',#2897,#2898,#2899);
#2897 = CARTESIAN_POINT('',(-7.18381614722,5.942226537515E-03,1.));
#2898 = DIRECTION('',(0.,0.,1.));
#2899 = DIRECTION('',(1.,0.,-0.));
#2900 = ADVANCED_FACE('',(#2901),#2911,.T.);
#2901 = FACE_BOUND('',#2902,.T.);
#2902 = EDGE_LOOP('',(#2903,#2904,#2905));
#2903 = ORIENTED_EDGE('',*,*,#1711,.F.);
#2904 = ORIENTED_EDGE('',*,*,#2881,.F.);
#2905 = ORIENTED_EDGE('',*,*,#2906,.T.);
#2906 = EDGE_CURVE('',#2882,#1703,#2907,.T.);
#2907 = LINE('',#2908,#2909);
#2908 = CARTESIAN_POINT('',(-7.228948116302,5.123080253601,1.));
#2909 = VECTOR('',#2910,1.);
#2910 = DIRECTION('',(0.,-1.,0.));
#2911 = PLANE('',#2912);
#2912 = AXIS2_PLACEMENT_3D('',#2913,#2914,#2915);
#2913 = CARTESIAN_POINT('',(-7.213787837742,-3.779280293827E-02,1.));
#2914 = DIRECTION('',(0.,0.,1.));
#2915 = DIRECTION('',(1.,0.,-0.));
#2916 = ADVANCED_FACE('',(#2917),#2934,.T.);
#2917 = FACE_BOUND('',#2918,.T.);
#2918 = EDGE_LOOP('',(#2919,#2927,#2928));
#2919 = ORIENTED_EDGE('',*,*,#2920,.T.);
#2920 = EDGE_CURVE('',#2921,#1703,#2923,.T.);
#2921 = VERTEX_POINT('',#2922);
#2922 = CARTESIAN_POINT('',(-7.5,4.400000095367,1.));
#2923 = LINE('',#2924,#2925);
#2924 = CARTESIAN_POINT('',(-7.5,4.400000095367,1.));
#2925 = VECTOR('',#2926,1.);
#2926 = DIRECTION('',(2.845110489495E-02,-0.999595185378,0.));
#2927 = ORIENTED_EDGE('',*,*,#2906,.F.);
#2928 = ORIENTED_EDGE('',*,*,#2929,.T.);
#2929 = EDGE_CURVE('',#2882,#2921,#2930,.T.);
#2930 = LINE('',#2931,#2932);
#2931 = CARTESIAN_POINT('',(-7.228948116302,5.123080253601,1.));
#2932 = VECTOR('',#2933,1.);
#2933 = DIRECTION('',(-0.35100630112,-0.936373096887,0.));
#2934 = PLANE('',#2935);
#2935 = AXIS2_PLACEMENT_3D('',#2936,#2937,#2938);
#2936 = CARTESIAN_POINT('',(-7.296885860639,1.131923113429E-02,1.));
#2937 = DIRECTION('',(0.,0.,1.));
#2938 = DIRECTION('',(1.,0.,-0.));
#2939 = ADVANCED_FACE('',(#2940),#2955,.T.);
#2940 = FACE_BOUND('',#2941,.T.);
#2941 = EDGE_LOOP('',(#2942,#2948,#2949));
#2942 = ORIENTED_EDGE('',*,*,#2943,.T.);
#2943 = EDGE_CURVE('',#2117,#1703,#2944,.T.);
#2944 = LINE('',#2945,#2946);
#2945 = CARTESIAN_POINT('',(-7.5,-4.400000095367,1.));
#2946 = VECTOR('',#2947,1.);
#2947 = DIRECTION('',(0.35100630112,-0.936373096887,0.));
#2948 = ORIENTED_EDGE('',*,*,#2920,.F.);
#2949 = ORIENTED_EDGE('',*,*,#2950,.T.);
#2950 = EDGE_CURVE('',#2921,#2117,#2951,.T.);
#2951 = LINE('',#2952,#2953);
#2952 = CARTESIAN_POINT('',(-7.5,4.400000095367,1.));
#2953 = VECTOR('',#2954,1.);
#2954 = DIRECTION('',(0.,-1.,0.));
#2955 = PLANE('',#2956);
#2956 = AXIS2_PLACEMENT_3D('',#2957,#2958,#2959);
#2957 = CARTESIAN_POINT('',(-7.426918107093,-0.372859310251,1.));
#2958 = DIRECTION('',(0.,0.,1.));
#2959 = DIRECTION('',(1.,0.,-0.));
#2960 = ADVANCED_FACE('',(#2961),#2978,.T.);
#2961 = FACE_BOUND('',#2962,.T.);
#2962 = EDGE_LOOP('',(#2963,#2964,#2972));
#2963 = ORIENTED_EDGE('',*,*,#2929,.F.);
#2964 = ORIENTED_EDGE('',*,*,#2965,.T.);
#2965 = EDGE_CURVE('',#2882,#2966,#2968,.T.);
#2966 = VERTEX_POINT('',#2967);
#2967 = CARTESIAN_POINT('',(-7.283884525299,5.054788589478,1.));
#2968 = LINE('',#2969,#2970);
#2969 = CARTESIAN_POINT('',(-7.228948116302,5.123080253601,1.));
#2970 = VECTOR('',#2971,1.);
#2971 = DIRECTION('',(-0.626801299983,-0.779179138799,0.));
#2972 = ORIENTED_EDGE('',*,*,#2973,.T.);
#2973 = EDGE_CURVE('',#2966,#2921,#2974,.T.);
#2974 = LINE('',#2975,#2976);
#2975 = CARTESIAN_POINT('',(-7.283884525299,5.054788589478,1.));
#2976 = VECTOR('',#2977,1.);
#2977 = DIRECTION('',(-0.313423583375,-0.949613425234,0.));
#2978 = PLANE('',#2979);
#2979 = AXIS2_PLACEMENT_3D('',#2980,#2981,#2982);
#2980 = CARTESIAN_POINT('',(-7.370585752929,4.764864094097,1.));
#2981 = DIRECTION('',(0.,0.,1.));
#2982 = DIRECTION('',(1.,0.,-0.));
#2983 = ADVANCED_FACE('',(#2984),#3001,.T.);
#2984 = FACE_BOUND('',#2985,.T.);
#2985 = EDGE_LOOP('',(#2986,#2994,#2995));
#2986 = ORIENTED_EDGE('',*,*,#2987,.T.);
#2987 = EDGE_CURVE('',#2988,#2921,#2990,.T.);
#2988 = VERTEX_POINT('',#2989);
#2989 = CARTESIAN_POINT('',(-7.333209514618,4.982339859009,1.));
#2990 = LINE('',#2991,#2992);
#2991 = CARTESIAN_POINT('',(-7.333209514618,4.982339859009,1.));
#2992 = VECTOR('',#2993,1.);
#2993 = DIRECTION('',(-0.275343312881,-0.961345962727,0.));
#2994 = ORIENTED_EDGE('',*,*,#2973,.F.);
#2995 = ORIENTED_EDGE('',*,*,#2996,.T.);
#2996 = EDGE_CURVE('',#2966,#2988,#2997,.T.);
#2997 = LINE('',#2998,#2999);
#2998 = CARTESIAN_POINT('',(-7.283884525299,5.054788589478,1.));
#2999 = VECTOR('',#3000,1.);
#3000 = DIRECTION('',(-0.562776898658,-0.826608832723,0.));
#3001 = PLANE('',#3002);
#3002 = AXIS2_PLACEMENT_3D('',#3003,#3004,#3005);
#3003 = CARTESIAN_POINT('',(-7.397459658882,4.729980672518,1.));
#3004 = DIRECTION('',(0.,0.,1.));
#3005 = DIRECTION('',(1.,0.,-0.));
#3006 = ADVANCED_FACE('',(#3007),#3024,.T.);
#3007 = FACE_BOUND('',#3008,.T.);
#3008 = EDGE_LOOP('',(#3009,#3017,#3018));
#3009 = ORIENTED_EDGE('',*,*,#3010,.T.);
#3010 = EDGE_CURVE('',#3011,#2921,#3013,.T.);
#3011 = VERTEX_POINT('',#3012);
#3012 = CARTESIAN_POINT('',(-7.376610279083,4.906194210052,1.));
#3013 = LINE('',#3014,#3015);
#3014 = CARTESIAN_POINT('',(-7.376610279083,4.906194210052,1.));
#3015 = VECTOR('',#3016,1.);
#3016 = DIRECTION('',(-0.236825277796,-0.971552256853,0.));
#3017 = ORIENTED_EDGE('',*,*,#2987,.F.);
#3018 = ORIENTED_EDGE('',*,*,#3019,.T.);
#3019 = EDGE_CURVE('',#2988,#3011,#3020,.T.);
#3020 = LINE('',#3021,#3022);
#3021 = CARTESIAN_POINT('',(-7.333209514618,4.982339859009,1.));
#3022 = VECTOR('',#3023,1.);
#3023 = DIRECTION('',(-0.495183620854,-0.868788341104,0.));
#3024 = PLANE('',#3025);
#3025 = AXIS2_PLACEMENT_3D('',#3026,#3027,#3028);
#3026 = CARTESIAN_POINT('',(-7.421462191825,4.693102057203,1.));
#3027 = DIRECTION('',(0.,0.,1.));
#3028 = DIRECTION('',(1.,0.,-0.));
#3029 = ADVANCED_FACE('',(#3030),#3047,.T.);
#3030 = FACE_BOUND('',#3031,.T.);
#3031 = EDGE_LOOP('',(#3032,#3033,#3041));
#3032 = ORIENTED_EDGE('',*,*,#3010,.F.);
#3033 = ORIENTED_EDGE('',*,*,#3034,.T.);
#3034 = EDGE_CURVE('',#3011,#3035,#3037,.T.);
#3035 = VERTEX_POINT('',#3036);
#3036 = CARTESIAN_POINT('',(-7.41381072998,4.826835155487,1.));
#3037 = LINE('',#3038,#3039);
#3038 = CARTESIAN_POINT('',(-7.376610279083,4.906194210052,1.));
#3039 = VECTOR('',#3040,1.);
#3040 = DIRECTION('',(-0.424442239543,-0.905455015609,0.));
#3041 = ORIENTED_EDGE('',*,*,#3042,.T.);
#3042 = EDGE_CURVE('',#3035,#2921,#3043,.T.);
#3043 = LINE('',#3044,#3045);
#3044 = CARTESIAN_POINT('',(-7.41381072998,4.826835155487,1.));
#3045 = VECTOR('',#3046,1.);
#3046 = DIRECTION('',(-0.197931466807,-0.980215861149,0.));
#3047 = PLANE('',#3048);
#3048 = AXIS2_PLACEMENT_3D('',#3049,#3050,#3051);
#3049 = CARTESIAN_POINT('',(-7.442444945583,4.654463513331,1.));
#3050 = DIRECTION('',(0.,0.,1.));
#3051 = DIRECTION('',(1.,0.,-0.));
#3052 = ADVANCED_FACE('',(#3053),#3070,.T.);
#3053 = FACE_BOUND('',#3054,.T.);
#3054 = EDGE_LOOP('',(#3055,#3063,#3064));
#3055 = ORIENTED_EDGE('',*,*,#3056,.T.);
#3056 = EDGE_CURVE('',#3057,#2921,#3059,.T.);
#3057 = VERTEX_POINT('',#3058);
#3058 = CARTESIAN_POINT('',(-7.444574832916,4.744765758514,1.));
#3059 = LINE('',#3060,#3061);
#3060 = CARTESIAN_POINT('',(-7.444574832916,4.744765758514,1.));
#3061 = VECTOR('',#3062,1.);
#3062 = DIRECTION('',(-0.158723877617,-0.987323012329,0.));
#3063 = ORIENTED_EDGE('',*,*,#3042,.F.);
#3064 = ORIENTED_EDGE('',*,*,#3065,.T.);
#3065 = EDGE_CURVE('',#3035,#3057,#3066,.T.);
#3066 = LINE('',#3067,#3068);
#3067 = CARTESIAN_POINT('',(-7.41381072998,4.826835155487,1.));
#3068 = VECTOR('',#3069,1.);
#3069 = DIRECTION('',(-0.35100419509,-0.936373886345,0.));
#3070 = PLANE('',#3071);
#3071 = AXIS2_PLACEMENT_3D('',#3072,#3073,#3074);
#3072 = CARTESIAN_POINT('',(-7.460278559855,4.614311431577,1.));
#3073 = DIRECTION('',(0.,0.,1.));
#3074 = DIRECTION('',(1.,0.,-0.));
#3075 = ADVANCED_FACE('',(#3076),#3093,.T.);
#3076 = FACE_BOUND('',#3077,.T.);
#3077 = EDGE_LOOP('',(#3078,#3086,#3087));
#3078 = ORIENTED_EDGE('',*,*,#3079,.T.);
#3079 = EDGE_CURVE('',#3080,#2921,#3082,.T.);
#3080 = VERTEX_POINT('',#3081);
#3081 = CARTESIAN_POINT('',(-7.468707561493,4.660508155823,1.));
#3082 = LINE('',#3083,#3084);
#3083 = CARTESIAN_POINT('',(-7.468707561493,4.660508155823,1.));
#3084 = VECTOR('',#3085,1.);
#3085 = DIRECTION('',(-0.119263462052,-0.992862642373,0.));
#3086 = ORIENTED_EDGE('',*,*,#3056,.F.);
#3087 = ORIENTED_EDGE('',*,*,#3088,.T.);
#3088 = EDGE_CURVE('',#3057,#3080,#3089,.T.);
#3089 = LINE('',#3090,#3091);
#3090 = CARTESIAN_POINT('',(-7.444574832916,4.744765758514,1.));
#3091 = VECTOR('',#3092,1.);
#3092 = DIRECTION('',(-0.275344779667,-0.961345542617,0.));
#3093 = PLANE('',#3094);
#3094 = AXIS2_PLACEMENT_3D('',#3095,#3096,#3097);
#3095 = CARTESIAN_POINT('',(-7.474854083381,4.572901207403,1.));
#3096 = DIRECTION('',(0.,0.,1.));
#3097 = DIRECTION('',(1.,0.,-0.));
#3098 = ADVANCED_FACE('',(#3099),#3116,.T.);
#3099 = FACE_BOUND('',#3100,.T.);
#3100 = EDGE_LOOP('',(#3101,#3102,#3110));
#3101 = ORIENTED_EDGE('',*,*,#3079,.F.);
#3102 = ORIENTED_EDGE('',*,*,#3103,.T.);
#3103 = EDGE_CURVE('',#3080,#3104,#3106,.T.);
#3104 = VERTEX_POINT('',#3105);
#3105 = CARTESIAN_POINT('',(-7.486055374146,4.574596405029,1.));
#3106 = LINE('',#3107,#3108);
#3107 = CARTESIAN_POINT('',(-7.468707561493,4.660508155823,1.));
#3108 = VECTOR('',#3109,1.);
#3109 = DIRECTION('',(-0.197931044816,-0.98021594636,0.));
#3110 = ORIENTED_EDGE('',*,*,#3111,.T.);
#3111 = EDGE_CURVE('',#3104,#2921,#3112,.T.);
#3112 = LINE('',#3113,#3114);
#3113 = CARTESIAN_POINT('',(-7.486055374146,4.574596405029,1.));
#3114 = VECTOR('',#3115,1.);
#3115 = DIRECTION('',(-7.961429465732E-02,-0.996825744093,0.));
#3116 = PLANE('',#3117);
#3117 = AXIS2_PLACEMENT_3D('',#3118,#3119,#3120);
#3118 = CARTESIAN_POINT('',(-7.486083022355,4.530496883728,1.));
#3119 = DIRECTION('',(0.,0.,1.));
#3120 = DIRECTION('',(1.,0.,-0.));
#3121 = ADVANCED_FACE('',(#3122),#3139,.T.);
#3122 = FACE_BOUND('',#3123,.T.);
#3123 = EDGE_LOOP('',(#3124,#3132,#3133));
#3124 = ORIENTED_EDGE('',*,*,#3125,.T.);
#3125 = EDGE_CURVE('',#3126,#2921,#3128,.T.);
#3126 = VERTEX_POINT('',#3127);
#3127 = CARTESIAN_POINT('',(-7.49650812149,4.487576007843,1.));
#3128 = LINE('',#3129,#3130);
#3129 = CARTESIAN_POINT('',(-7.49650812149,4.487576007843,1.));
#3130 = VECTOR('',#3131,1.);
#3131 = DIRECTION('',(-3.984093320844E-02,-0.99920603483,0.));
#3132 = ORIENTED_EDGE('',*,*,#3111,.F.);
#3133 = ORIENTED_EDGE('',*,*,#3134,.T.);
#3134 = EDGE_CURVE('',#3104,#3126,#3135,.T.);
#3135 = LINE('',#3136,#3137);
#3136 = CARTESIAN_POINT('',(-7.486055374146,4.574596405029,1.));
#3137 = VECTOR('',#3138,1.);
#3138 = DIRECTION('',(-0.119261066286,-0.992862930151,0.));
#3139 = PLANE('',#3140);
#3140 = AXIS2_PLACEMENT_3D('',#3141,#3142,#3143);
#3141 = CARTESIAN_POINT('',(-7.493898136854,4.487367771035,1.));
#3142 = DIRECTION('',(0.,0.,1.));
#3143 = DIRECTION('',(1.,0.,-0.));
#3144 = ADVANCED_FACE('',(#3145),#3155,.T.);
#3145 = FACE_BOUND('',#3146,.T.);
#3146 = EDGE_LOOP('',(#3147,#3148,#3149));
#3147 = ORIENTED_EDGE('',*,*,#2125,.F.);
#3148 = ORIENTED_EDGE('',*,*,#2079,.F.);
#3149 = ORIENTED_EDGE('',*,*,#3150,.T.);
#3150 = EDGE_CURVE('',#2025,#2117,#3151,.T.);
#3151 = LINE('',#3152,#3153);
#3152 = CARTESIAN_POINT('',(-7.486055374146,-4.574596405029,1.));
#3153 = VECTOR('',#3154,1.);
#3154 = DIRECTION('',(-7.961429465732E-02,0.996825744093,0.));
#3155 = PLANE('',#3156);
#3156 = AXIS2_PLACEMENT_3D('',#3157,#3158,#3159);
#3157 = CARTESIAN_POINT('',(-7.493898136854,-4.487367771035,1.));
#3158 = DIRECTION('',(0.,0.,1.));
#3159 = DIRECTION('',(1.,0.,-0.));
#3160 = ADVANCED_FACE('',(#3161),#3171,.T.);
#3161 = FACE_BOUND('',#3162,.T.);
#3162 = EDGE_LOOP('',(#3163,#3169,#3170));
#3163 = ORIENTED_EDGE('',*,*,#3164,.T.);
#3164 = EDGE_CURVE('',#1979,#2117,#3165,.T.);
#3165 = LINE('',#3166,#3167);
#3166 = CARTESIAN_POINT('',(-7.468707561493,-4.660508155823,1.));
#3167 = VECTOR('',#3168,1.);
#3168 = DIRECTION('',(-0.119263462052,0.992862642373,0.));
#3169 = ORIENTED_EDGE('',*,*,#3150,.F.);
#3170 = ORIENTED_EDGE('',*,*,#2033,.F.);
#3171 = PLANE('',#3172);
#3172 = AXIS2_PLACEMENT_3D('',#3173,#3174,#3175);
#3173 = CARTESIAN_POINT('',(-7.486083022355,-4.530496883728,1.));
#3174 = DIRECTION('',(0.,0.,1.));
#3175 = DIRECTION('',(1.,0.,-0.));
#3176 = ADVANCED_FACE('',(#3177),#3187,.T.);
#3177 = FACE_BOUND('',#3178,.T.);
#3178 = EDGE_LOOP('',(#3179,#3185,#3186));
#3179 = ORIENTED_EDGE('',*,*,#3180,.T.);
#3180 = EDGE_CURVE('',#1933,#2117,#3181,.T.);
#3181 = LINE('',#3182,#3183);
#3182 = CARTESIAN_POINT('',(-7.444574832916,-4.744765758514,1.));
#3183 = VECTOR('',#3184,1.);
#3184 = DIRECTION('',(-0.158723877617,0.987323012329,0.));
#3185 = ORIENTED_EDGE('',*,*,#3164,.F.);
#3186 = ORIENTED_EDGE('',*,*,#1987,.F.);
#3187 = PLANE('',#3188);
#3188 = AXIS2_PLACEMENT_3D('',#3189,#3190,#3191);
#3189 = CARTESIAN_POINT('',(-7.474854083381,-4.572901207403,1.));
#3190 = DIRECTION('',(0.,0.,1.));
#3191 = DIRECTION('',(1.,0.,-0.));
#3192 = ADVANCED_FACE('',(#3193),#3203,.T.);
#3193 = FACE_BOUND('',#3194,.T.);
#3194 = EDGE_LOOP('',(#3195,#3196,#3197));
#3195 = ORIENTED_EDGE('',*,*,#3180,.F.);
#3196 = ORIENTED_EDGE('',*,*,#1941,.F.);
#3197 = ORIENTED_EDGE('',*,*,#3198,.T.);
#3198 = EDGE_CURVE('',#1887,#2117,#3199,.T.);
#3199 = LINE('',#3200,#3201);
#3200 = CARTESIAN_POINT('',(-7.41381072998,-4.826835155487,1.));
#3201 = VECTOR('',#3202,1.);
#3202 = DIRECTION('',(-0.197931466807,0.980215861149,0.));
#3203 = PLANE('',#3204);
#3204 = AXIS2_PLACEMENT_3D('',#3205,#3206,#3207);
#3205 = CARTESIAN_POINT('',(-7.460278559855,-4.614311431577,1.));
#3206 = DIRECTION('',(0.,0.,1.));
#3207 = DIRECTION('',(1.,0.,-0.));
#3208 = ADVANCED_FACE('',(#3209),#3219,.T.);
#3209 = FACE_BOUND('',#3210,.T.);
#3210 = EDGE_LOOP('',(#3211,#3217,#3218));
#3211 = ORIENTED_EDGE('',*,*,#3212,.T.);
#3212 = EDGE_CURVE('',#1841,#2117,#3213,.T.);
#3213 = LINE('',#3214,#3215);
#3214 = CARTESIAN_POINT('',(-7.376610279083,-4.906194210052,1.));
#3215 = VECTOR('',#3216,1.);
#3216 = DIRECTION('',(-0.236825277796,0.971552256853,0.));
#3217 = ORIENTED_EDGE('',*,*,#3198,.F.);
#3218 = ORIENTED_EDGE('',*,*,#1895,.F.);
#3219 = PLANE('',#3220);
#3220 = AXIS2_PLACEMENT_3D('',#3221,#3222,#3223);
#3221 = CARTESIAN_POINT('',(-7.442444945583,-4.654463513331,1.));
#3222 = DIRECTION('',(0.,0.,1.));
#3223 = DIRECTION('',(1.,0.,-0.));
#3224 = ADVANCED_FACE('',(#3225),#3235,.T.);
#3225 = FACE_BOUND('',#3226,.T.);
#3226 = EDGE_LOOP('',(#3227,#3233,#3234));
#3227 = ORIENTED_EDGE('',*,*,#3228,.T.);
#3228 = EDGE_CURVE('',#1795,#2117,#3229,.T.);
#3229 = LINE('',#3230,#3231);
#3230 = CARTESIAN_POINT('',(-7.333209514618,-4.982339859009,1.));
#3231 = VECTOR('',#3232,1.);
#3232 = DIRECTION('',(-0.275343312881,0.961345962727,0.));
#3233 = ORIENTED_EDGE('',*,*,#3212,.F.);
#3234 = ORIENTED_EDGE('',*,*,#1849,.F.);
#3235 = PLANE('',#3236);
#3236 = AXIS2_PLACEMENT_3D('',#3237,#3238,#3239);
#3237 = CARTESIAN_POINT('',(-7.421462191825,-4.693102057203,1.));
#3238 = DIRECTION('',(0.,0.,1.));
#3239 = DIRECTION('',(1.,0.,-0.));
#3240 = ADVANCED_FACE('',(#3241),#3251,.T.);
#3241 = FACE_BOUND('',#3242,.T.);
#3242 = EDGE_LOOP('',(#3243,#3244,#3245));
#3243 = ORIENTED_EDGE('',*,*,#3228,.F.);
#3244 = ORIENTED_EDGE('',*,*,#1803,.F.);
#3245 = ORIENTED_EDGE('',*,*,#3246,.T.);
#3246 = EDGE_CURVE('',#1749,#2117,#3247,.T.);
#3247 = LINE('',#3248,#3249);
#3248 = CARTESIAN_POINT('',(-7.283884525299,-5.054788589478,1.));
#3249 = VECTOR('',#3250,1.);
#3250 = DIRECTION('',(-0.313423583375,0.949613425234,0.));
#3251 = PLANE('',#3252);
#3252 = AXIS2_PLACEMENT_3D('',#3253,#3254,#3255);
#3253 = CARTESIAN_POINT('',(-7.397459658882,-4.729980672518,1.));
#3254 = DIRECTION('',(0.,0.,1.));
#3255 = DIRECTION('',(1.,0.,-0.));
#3256 = ADVANCED_FACE('',(#3257),#3262,.T.);
#3257 = FACE_BOUND('',#3258,.T.);
#3258 = EDGE_LOOP('',(#3259,#3260,#3261));
#3259 = ORIENTED_EDGE('',*,*,#2943,.F.);
#3260 = ORIENTED_EDGE('',*,*,#3246,.F.);
#3261 = ORIENTED_EDGE('',*,*,#1757,.F.);
#3262 = PLANE('',#3263);
#3263 = AXIS2_PLACEMENT_3D('',#3264,#3265,#3266);
#3264 = CARTESIAN_POINT('',(-7.370585752929,-4.764864094097,1.));
#3265 = DIRECTION('',(0.,0.,1.));
#3266 = DIRECTION('',(1.,0.,-0.));
#3267 = ADVANCED_FACE('',(#3268),#3285,.T.);
#3268 = FACE_BOUND('',#3269,.T.);
#3269 = EDGE_LOOP('',(#3270,#3278,#3279));
#3270 = ORIENTED_EDGE('',*,*,#3271,.T.);
#3271 = EDGE_CURVE('',#3272,#54,#3274,.T.);
#3272 = VERTEX_POINT('',#3273);
#3273 = CARTESIAN_POINT('',(6.400000095367,5.5,0.699999988079));
#3274 = LINE('',#3275,#3276);
#3275 = CARTESIAN_POINT('',(6.400000095367,5.5,0.699999988079));
#3276 = VECTOR('',#3277,1.);
#3277 = DIRECTION('',(-1.,0.,0.));
#3278 = ORIENTED_EDGE('',*,*,#76,.F.);
#3279 = ORIENTED_EDGE('',*,*,#3280,.T.);
#3280 = EDGE_CURVE('',#77,#3272,#3281,.T.);
#3281 = LINE('',#3282,#3283);
#3282 = CARTESIAN_POINT('',(-6.073289871216,5.046538352966,
    0.699999988079));
#3283 = VECTOR('',#3284,1.);
#3284 = DIRECTION('',(0.999339825328,3.633061400429E-02,0.));
#3285 = PLANE('',#3286);
#3286 = AXIS2_PLACEMENT_3D('',#3287,#3288,#3289);
#3287 = CARTESIAN_POINT('',(2.923556342724E-02,5.384919701756,
    0.699999988079));
#3288 = DIRECTION('',(0.,0.,1.));
#3289 = DIRECTION('',(1.,0.,-0.));
#3290 = ADVANCED_FACE('',(#3291),#3301,.T.);
#3291 = FACE_BOUND('',#3292,.T.);
#3292 = EDGE_LOOP('',(#3293,#3299,#3300));
#3293 = ORIENTED_EDGE('',*,*,#3294,.T.);
#3294 = EDGE_CURVE('',#123,#3272,#3295,.T.);
#3295 = LINE('',#3296,#3297);
#3296 = CARTESIAN_POINT('',(-5.996877670288,4.591808319092,
    0.699999988079));
#3297 = VECTOR('',#3298,1.);
#3298 = DIRECTION('',(0.997327260995,7.306390679177E-02,0.));
#3299 = ORIENTED_EDGE('',*,*,#3280,.F.);
#3300 = ORIENTED_EDGE('',*,*,#122,.F.);
#3301 = PLANE('',#3302);
#3302 = AXIS2_PLACEMENT_3D('',#3303,#3304,#3305);
#3303 = CARTESIAN_POINT('',(6.942640525408E-02,5.153630677452,
    0.699999988079));
#3304 = DIRECTION('',(0.,0.,1.));
#3305 = DIRECTION('',(1.,0.,-0.));
#3306 = ADVANCED_FACE('',(#3307),#3317,.T.);
#3307 = FACE_BOUND('',#3308,.T.);
#3308 = EDGE_LOOP('',(#3309,#3315,#3316));
#3309 = ORIENTED_EDGE('',*,*,#3310,.T.);
#3310 = EDGE_CURVE('',#169,#3272,#3311,.T.);
#3311 = LINE('',#3312,#3313);
#3312 = CARTESIAN_POINT('',(-5.927684783936,4.135923862457,
    0.699999988079));
#3313 = VECTOR('',#3314,1.);
#3314 = DIRECTION('',(0.993933777388,0.109980208069,0.));
#3315 = ORIENTED_EDGE('',*,*,#3294,.F.);
#3316 = ORIENTED_EDGE('',*,*,#168,.F.);
#3317 = PLANE('',#3318);
#3318 = AXIS2_PLACEMENT_3D('',#3319,#3320,#3321);
#3319 = CARTESIAN_POINT('',(0.106160234999,4.921699782392,0.699999988079
    ));
#3320 = DIRECTION('',(0.,0.,1.));
#3321 = DIRECTION('',(1.,0.,-0.));
#3322 = ADVANCED_FACE('',(#3323),#3333,.T.);
#3323 = FACE_BOUND('',#3324,.T.);
#3324 = EDGE_LOOP('',(#3325,#3326,#3327));
#3325 = ORIENTED_EDGE('',*,*,#3310,.F.);
#3326 = ORIENTED_EDGE('',*,*,#214,.F.);
#3327 = ORIENTED_EDGE('',*,*,#3328,.T.);
#3328 = EDGE_CURVE('',#215,#3272,#3329,.T.);
#3329 = LINE('',#3330,#3331);
#3330 = CARTESIAN_POINT('',(-5.865728378296,3.678999423981,
    0.699999988079));
#3331 = VECTOR('',#3332,1.);
#3332 = DIRECTION('',(0.98915834076,0.146852909076,0.));
#3333 = PLANE('',#3334);
#3334 = AXIS2_PLACEMENT_3D('',#3335,#3336,#3337);
#3335 = CARTESIAN_POINT('',(0.139429297024,4.689210296702,0.699999988079
    ));
#3336 = DIRECTION('',(0.,0.,1.));
#3337 = DIRECTION('',(1.,0.,-0.));
#3338 = ADVANCED_FACE('',(#3339),#3349,.T.);
#3339 = FACE_BOUND('',#3340,.T.);
#3340 = EDGE_LOOP('',(#3341,#3347,#3348));
#3341 = ORIENTED_EDGE('',*,*,#3342,.T.);
#3342 = EDGE_CURVE('',#261,#3272,#3343,.T.);
#3343 = LINE('',#3344,#3345);
#3344 = CARTESIAN_POINT('',(-5.811024188995,3.221150398254,
    0.699999988079));
#3345 = VECTOR('',#3346,1.);
#3346 = DIRECTION('',(0.98302811257,0.183454980571,0.));
#3347 = ORIENTED_EDGE('',*,*,#3328,.F.);
#3348 = ORIENTED_EDGE('',*,*,#260,.F.);
#3349 = PLANE('',#3350);
#3350 = AXIS2_PLACEMENT_3D('',#3351,#3352,#3353);
#3351 = CARTESIAN_POINT('',(0.169223820709,4.456246365628,0.699999988079
    ));
#3352 = DIRECTION('',(0.,0.,1.));
#3353 = DIRECTION('',(1.,0.,-0.));
#3354 = ADVANCED_FACE('',(#3355),#3365,.T.);
#3355 = FACE_BOUND('',#3356,.T.);
#3356 = EDGE_LOOP('',(#3357,#3363,#3364));
#3357 = ORIENTED_EDGE('',*,*,#3358,.T.);
#3358 = EDGE_CURVE('',#307,#3272,#3359,.T.);
#3359 = LINE('',#3360,#3361);
#3360 = CARTESIAN_POINT('',(-5.763586044312,2.762491464615,
    0.699999988079));
#3361 = VECTOR('',#3362,1.);
#3362 = DIRECTION('',(0.975597702411,0.219565760195,0.));
#3363 = ORIENTED_EDGE('',*,*,#3342,.F.);
#3364 = ORIENTED_EDGE('',*,*,#306,.F.);
#3365 = PLANE('',#3366);
#3366 = AXIS2_PLACEMENT_3D('',#3367,#3368,#3369);
#3367 = CARTESIAN_POINT('',(0.195531493827,4.222891830322,0.699999988079
    ));
#3368 = DIRECTION('',(0.,0.,1.));
#3369 = DIRECTION('',(1.,0.,-0.));
#3370 = ADVANCED_FACE('',(#3371),#3381,.T.);
#3371 = FACE_BOUND('',#3372,.T.);
#3372 = EDGE_LOOP('',(#3373,#3374,#3375));
#3373 = ORIENTED_EDGE('',*,*,#3358,.F.);
#3374 = ORIENTED_EDGE('',*,*,#352,.F.);
#3375 = ORIENTED_EDGE('',*,*,#3376,.T.);
#3376 = EDGE_CURVE('',#353,#3272,#3377,.T.);
#3377 = LINE('',#3378,#3379);
#3378 = CARTESIAN_POINT('',(-5.72342634201,2.303138017654,0.699999988079
    ));
#3379 = VECTOR('',#3380,1.);
#3380 = DIRECTION('',(0.966947086138,0.254977121739,0.));
#3381 = PLANE('',#3382);
#3382 = AXIS2_PLACEMENT_3D('',#3383,#3384,#3385);
#3383 = CARTESIAN_POINT('',(0.218338385333,3.989229504179,0.699999988079
    ));
#3384 = DIRECTION('',(0.,0.,1.));
#3385 = DIRECTION('',(1.,0.,-0.));
#3386 = ADVANCED_FACE('',(#3387),#3397,.T.);
#3387 = FACE_BOUND('',#3388,.T.);
#3388 = EDGE_LOOP('',(#3389,#3395,#3396));
#3389 = ORIENTED_EDGE('',*,*,#3390,.T.);
#3390 = EDGE_CURVE('',#399,#3272,#3391,.T.);
#3391 = LINE('',#3392,#3393);
#3392 = CARTESIAN_POINT('',(-5.690554141998,1.843205571175,
    0.699999988079));
#3393 = VECTOR('',#3394,1.);
#3394 = DIRECTION('',(0.9571782939,0.289499073724,0.));
#3395 = ORIENTED_EDGE('',*,*,#3376,.F.);
#3396 = ORIENTED_EDGE('',*,*,#398,.F.);
#3397 = PLANE('',#3398);
#3398 = AXIS2_PLACEMENT_3D('',#3399,#3400,#3401);
#3399 = CARTESIAN_POINT('',(0.237629071758,3.755340607846,0.699999988079
    ));
#3400 = DIRECTION('',(0.,0.,1.));
#3401 = DIRECTION('',(1.,0.,-0.));
#3402 = ADVANCED_FACE('',(#3403),#3413,.T.);
#3403 = FACE_BOUND('',#3404,.T.);
#3404 = EDGE_LOOP('',(#3405,#3411,#3412));
#3405 = ORIENTED_EDGE('',*,*,#3406,.T.);
#3406 = EDGE_CURVE('',#445,#3272,#3407,.T.);
#3407 = LINE('',#3408,#3409);
#3408 = CARTESIAN_POINT('',(-5.664978504181,1.382809758186,
    0.699999988079));
#3409 = VECTOR('',#3410,1.);
#3410 = DIRECTION('',(0.94641121443,0.322964105128,0.));
#3411 = ORIENTED_EDGE('',*,*,#3390,.F.);
#3412 = ORIENTED_EDGE('',*,*,#444,.F.);
#3413 = PLANE('',#3414);
#3414 = AXIS2_PLACEMENT_3D('',#3415,#3416,#3417);
#3415 = CARTESIAN_POINT('',(0.253386927985,3.521304048179,0.699999988079
    ));
#3416 = DIRECTION('',(0.,0.,1.));
#3417 = DIRECTION('',(1.,0.,-0.));
#3418 = ADVANCED_FACE('',(#3419),#3436,.T.);
#3419 = FACE_BOUND('',#3420,.T.);
#3420 = EDGE_LOOP('',(#3421,#3429,#3430));
#3421 = ORIENTED_EDGE('',*,*,#3422,.T.);
#3422 = EDGE_CURVE('',#3423,#3272,#3425,.T.);
#3423 = VERTEX_POINT('',#3424);
#3424 = CARTESIAN_POINT('',(2.451555728912,-4.20246219635,0.699999988079
    ));
#3425 = LINE('',#3426,#3427);
#3426 = CARTESIAN_POINT('',(2.451555728912,-4.20246219635,0.699999988079
    ));
#3427 = VECTOR('',#3428,1.);
#3428 = DIRECTION('',(0.376935741731,0.926239411063,0.));
#3429 = ORIENTED_EDGE('',*,*,#3406,.F.);
#3430 = ORIENTED_EDGE('',*,*,#3431,.T.);
#3431 = EDGE_CURVE('',#445,#3423,#3432,.T.);
#3432 = LINE('',#3433,#3434);
#3433 = CARTESIAN_POINT('',(-5.664978504181,1.382809758186,
    0.699999988079));
#3434 = VECTOR('',#3435,1.);
#3435 = DIRECTION('',(0.823797604676,-0.566884032701,0.));
#3436 = PLANE('',#3437);
#3437 = AXIS2_PLACEMENT_3D('',#3438,#3439,#3440);
#3438 = CARTESIAN_POINT('',(1.064685033289,1.111899309224,0.699999988079
    ));
#3439 = DIRECTION('',(0.,0.,1.));
#3440 = DIRECTION('',(1.,0.,-0.));
#3441 = ADVANCED_FACE('',(#3442),#3452,.T.);
#3442 = FACE_BOUND('',#3443,.T.);
#3443 = EDGE_LOOP('',(#3444,#3450,#3451));
#3444 = ORIENTED_EDGE('',*,*,#3445,.T.);
#3445 = EDGE_CURVE('',#491,#3423,#3446,.T.);
#3446 = LINE('',#3447,#3448);
#3447 = CARTESIAN_POINT('',(-5.646705627441,0.92206633091,0.699999988079
    ));
#3448 = VECTOR('',#3449,1.);
#3449 = DIRECTION('',(0.845025147992,-0.534726564948,0.));
#3450 = ORIENTED_EDGE('',*,*,#3431,.F.);
#3451 = ORIENTED_EDGE('',*,*,#490,.F.);
#3452 = PLANE('',#3453);
#3453 = AXIS2_PLACEMENT_3D('',#3454,#3455,#3456);
#3454 = CARTESIAN_POINT('',(-1.696147250862,-1.46140561538,
    0.699999988079));
#3455 = DIRECTION('',(0.,0.,1.));
#3456 = DIRECTION('',(1.,0.,-0.));
#3457 = ADVANCED_FACE('',(#3458),#3468,.T.);
#3458 = FACE_BOUND('',#3459,.T.);
#3459 = EDGE_LOOP('',(#3460,#3466,#3467));
#3460 = ORIENTED_EDGE('',*,*,#3461,.T.);
#3461 = EDGE_CURVE('',#537,#3423,#3462,.T.);
#3462 = LINE('',#3463,#3464);
#3463 = CARTESIAN_POINT('',(-5.635739803314,0.461091130972,
    0.699999988079));
#3464 = VECTOR('',#3465,1.);
#3465 = DIRECTION('',(0.866287299237,-0.499546109163,0.));
#3466 = ORIENTED_EDGE('',*,*,#3445,.F.);
#3467 = ORIENTED_EDGE('',*,*,#536,.F.);
#3468 = PLANE('',#3469);
#3469 = AXIS2_PLACEMENT_3D('',#3470,#3471,#3472);
#3470 = CARTESIAN_POINT('',(-1.691143015502,-1.695746564775,
    0.699999988079));
#3471 = DIRECTION('',(0.,0.,1.));
#3472 = DIRECTION('',(1.,0.,-0.));
#3473 = ADVANCED_FACE('',(#3474),#3491,.T.);
#3474 = FACE_BOUND('',#3475,.T.);
#3475 = EDGE_LOOP('',(#3476,#3484,#3485));
#3476 = ORIENTED_EDGE('',*,*,#3477,.T.);
#3477 = EDGE_CURVE('',#3478,#3423,#3480,.T.);
#3478 = VERTEX_POINT('',#3479);
#3479 = CARTESIAN_POINT('',(2.42103934288,-4.209788799286,0.699999988079
    ));
#3480 = LINE('',#3481,#3482);
#3481 = CARTESIAN_POINT('',(2.42103934288,-4.209788799286,0.699999988079
    ));
#3482 = VECTOR('',#3483,1.);
#3483 = DIRECTION('',(0.972367990289,0.233453403192,0.));
#3484 = ORIENTED_EDGE('',*,*,#3461,.F.);
#3485 = ORIENTED_EDGE('',*,*,#3486,.T.);
#3486 = EDGE_CURVE('',#537,#3478,#3487,.T.);
#3487 = LINE('',#3488,#3489);
#3488 = CARTESIAN_POINT('',(-5.635739803314,0.461091130972,
    0.699999988079));
#3489 = VECTOR('',#3490,1.);
#3490 = DIRECTION('',(0.865126800829,-0.501553206039,0.));
#3491 = PLANE('',#3492);
#3492 = AXIS2_PLACEMENT_3D('',#3493,#3494,#3495);
#3493 = CARTESIAN_POINT('',(-1.592931001834,-1.876435604592,
    0.699999988079));
#3494 = DIRECTION('',(0.,0.,1.));
#3495 = DIRECTION('',(1.,0.,-0.));
#3496 = ADVANCED_FACE('',(#3497),#3507,.T.);
#3497 = FACE_BOUND('',#3498,.T.);
#3498 = EDGE_LOOP('',(#3499,#3505,#3506));
#3499 = ORIENTED_EDGE('',*,*,#3500,.T.);
#3500 = EDGE_CURVE('',#583,#3478,#3501,.T.);
#3501 = LINE('',#3502,#3503);
#3502 = CARTESIAN_POINT('',(-5.632084369659,-1.110223024625E-15,
    0.699999988079));
#3503 = VECTOR('',#3504,1.);
#3504 = DIRECTION('',(0.886216344506,-0.463271616582,0.));
#3505 = ORIENTED_EDGE('',*,*,#3486,.F.);
#3506 = ORIENTED_EDGE('',*,*,#582,.F.);
#3507 = PLANE('',#3508);
#3508 = AXIS2_PLACEMENT_3D('',#3509,#3510,#3511);
#3509 = CARTESIAN_POINT('',(-1.704909192377,-1.933964302546,
    0.699999988079));
#3510 = DIRECTION('',(0.,0.,1.));
#3511 = DIRECTION('',(1.,0.,-0.));
#3512 = ADVANCED_FACE('',(#3513),#3523,.T.);
#3513 = FACE_BOUND('',#3514,.T.);
#3514 = EDGE_LOOP('',(#3515,#3521,#3522));
#3515 = ORIENTED_EDGE('',*,*,#3516,.T.);
#3516 = EDGE_CURVE('',#606,#3478,#3517,.T.);
#3517 = LINE('',#3518,#3519);
#3518 = CARTESIAN_POINT('',(-5.635739803314,-0.461091130972,
    0.699999988079));
#3519 = VECTOR('',#3520,1.);
#3520 = DIRECTION('',(0.906662642658,-0.42185643578,0.));
#3521 = ORIENTED_EDGE('',*,*,#3500,.F.);
#3522 = ORIENTED_EDGE('',*,*,#605,.F.);
#3523 = PLANE('',#3524);
#3524 = AXIS2_PLACEMENT_3D('',#3525,#3526,#3527);
#3525 = CARTESIAN_POINT('',(-1.707167055073,-2.169143879517,
    0.699999988079));
#3526 = DIRECTION('',(0.,0.,1.));
#3527 = DIRECTION('',(1.,0.,-0.));
#3528 = ADVANCED_FACE('',(#3529),#3546,.T.);
#3529 = FACE_BOUND('',#3530,.T.);
#3530 = EDGE_LOOP('',(#3531,#3539,#3540));
#3531 = ORIENTED_EDGE('',*,*,#3532,.T.);
#3532 = EDGE_CURVE('',#3533,#3478,#3535,.T.);
#3533 = VERTEX_POINT('',#3534);
#3534 = CARTESIAN_POINT('',(2.39204454422,-4.22179889679,0.699999988079)
  );
#3535 = LINE('',#3536,#3537);
#3536 = CARTESIAN_POINT('',(2.39204454422,-4.22179889679,0.699999988079)
  );
#3537 = VECTOR('',#3538,1.);
#3538 = DIRECTION('',(0.923878871673,0.382685027766,0.));
#3539 = ORIENTED_EDGE('',*,*,#3516,.F.);
#3540 = ORIENTED_EDGE('',*,*,#3541,.T.);
#3541 = EDGE_CURVE('',#606,#3533,#3542,.T.);
#3542 = LINE('',#3543,#3544);
#3543 = CARTESIAN_POINT('',(-5.635739803314,-0.461091130972,
    0.699999988079));
#3544 = VECTOR('',#3545,1.);
#3545 = DIRECTION('',(0.905559318119,-0.424219661694,0.));
#3546 = PLANE('',#3547);
#3547 = AXIS2_PLACEMENT_3D('',#3548,#3549,#3550);
#3548 = CARTESIAN_POINT('',(-1.607493539403,-2.341752174312,
    0.699999988079));
#3549 = DIRECTION('',(0.,0.,1.));
#3550 = DIRECTION('',(1.,0.,-0.));
#3551 = ADVANCED_FACE('',(#3552),#3562,.T.);
#3552 = FACE_BOUND('',#3553,.T.);
#3553 = EDGE_LOOP('',(#3554,#3560,#3561));
#3554 = ORIENTED_EDGE('',*,*,#3555,.T.);
#3555 = EDGE_CURVE('',#652,#3533,#3556,.T.);
#3556 = LINE('',#3557,#3558);
#3557 = CARTESIAN_POINT('',(-5.646705627441,-0.92206633091,
    0.699999988079));
#3558 = VECTOR('',#3559,1.);
#3559 = DIRECTION('',(0.925096518108,-0.379732053142,0.));
#3560 = ORIENTED_EDGE('',*,*,#3541,.F.);
#3561 = ORIENTED_EDGE('',*,*,#651,.F.);
#3562 = PLANE('',#3563);
#3563 = AXIS2_PLACEMENT_3D('',#3564,#3565,#3566);
#3564 = CARTESIAN_POINT('',(-1.727366516181,-2.410389738831,
    0.699999988079));
#3565 = DIRECTION('',(0.,0.,1.));
#3566 = DIRECTION('',(1.,0.,-0.));
#3567 = ADVANCED_FACE('',(#3568),#3578,.T.);
#3568 = FACE_BOUND('',#3569,.T.);
#3569 = EDGE_LOOP('',(#3570,#3576,#3577));
#3570 = ORIENTED_EDGE('',*,*,#3571,.T.);
#3571 = EDGE_CURVE('',#698,#3533,#3572,.T.);
#3572 = LINE('',#3573,#3574);
#3573 = CARTESIAN_POINT('',(-5.664978504181,-1.382809758186,
    0.699999988079));
#3574 = VECTOR('',#3575,1.);
#3575 = DIRECTION('',(0.943161635083,-0.332334364921,0.));
#3576 = ORIENTED_EDGE('',*,*,#3555,.F.);
#3577 = ORIENTED_EDGE('',*,*,#697,.F.);
#3578 = PLANE('',#3579);
#3579 = AXIS2_PLACEMENT_3D('',#3580,#3581,#3582);
#3580 = CARTESIAN_POINT('',(-1.736728850173,-2.646165720608,
    0.699999988079));
#3581 = DIRECTION('',(0.,0.,1.));
#3582 = DIRECTION('',(1.,0.,-0.));
#3583 = ADVANCED_FACE('',(#3584),#3594,.T.);
#3584 = FACE_BOUND('',#3585,.T.);
#3585 = EDGE_LOOP('',(#3586,#3587,#3588));
#3586 = ORIENTED_EDGE('',*,*,#3571,.F.);
#3587 = ORIENTED_EDGE('',*,*,#743,.F.);
#3588 = ORIENTED_EDGE('',*,*,#3589,.T.);
#3589 = EDGE_CURVE('',#744,#3533,#3590,.T.);
#3590 = LINE('',#3591,#3592);
#3591 = CARTESIAN_POINT('',(-5.690554141998,-1.843205571175,
    0.699999988079));
#3592 = VECTOR('',#3593,1.);
#3593 = DIRECTION('',(0.959321844944,-0.282314714127,0.));
#3594 = PLANE('',#3595);
#3595 = AXIS2_PLACEMENT_3D('',#3596,#3597,#3598);
#3596 = CARTESIAN_POINT('',(-1.7495662695,-2.882119628387,0.699999988079
    ));
#3597 = DIRECTION('',(0.,0.,1.));
#3598 = DIRECTION('',(1.,0.,-0.));
#3599 = ADVANCED_FACE('',(#3600),#3610,.T.);
#3600 = FACE_BOUND('',#3601,.T.);
#3601 = EDGE_LOOP('',(#3602,#3608,#3609));
#3602 = ORIENTED_EDGE('',*,*,#3603,.T.);
#3603 = EDGE_CURVE('',#790,#3533,#3604,.T.);
#3604 = LINE('',#3605,#3606);
#3605 = CARTESIAN_POINT('',(-5.72342634201,-2.303138017654,
    0.699999988079));
#3606 = VECTOR('',#3607,1.);
#3607 = DIRECTION('',(0.973172298856,-0.230077545056,0.));
#3608 = ORIENTED_EDGE('',*,*,#3589,.F.);
#3609 = ORIENTED_EDGE('',*,*,#789,.F.);
#3610 = PLANE('',#3611);
#3611 = AXIS2_PLACEMENT_3D('',#3612,#3613,#3614);
#3612 = CARTESIAN_POINT('',(-1.765831631848,-3.118152536287,
    0.699999988079));
#3613 = DIRECTION('',(0.,0.,1.));
#3614 = DIRECTION('',(1.,0.,-0.));
#3615 = ADVANCED_FACE('',(#3616),#3626,.T.);
#3616 = FACE_BOUND('',#3617,.T.);
#3617 = EDGE_LOOP('',(#3618,#3624,#3625));
#3618 = ORIENTED_EDGE('',*,*,#3619,.T.);
#3619 = EDGE_CURVE('',#836,#3533,#3620,.T.);
#3620 = LINE('',#3621,#3622);
#3621 = CARTESIAN_POINT('',(-5.763586044312,-2.762491464615,
    0.699999988079));
#3622 = VECTOR('',#3623,1.);
#3623 = DIRECTION('',(0.984366006289,-0.17613507789,0.));
#3624 = ORIENTED_EDGE('',*,*,#3603,.F.);
#3625 = ORIENTED_EDGE('',*,*,#835,.F.);
#3626 = PLANE('',#3627);
#3627 = AXIS2_PLACEMENT_3D('',#3628,#3629,#3630);
#3628 = CARTESIAN_POINT('',(-1.785480972047,-3.354152337712,
    0.699999988079));
#3629 = DIRECTION('',(0.,0.,1.));
#3630 = DIRECTION('',(1.,0.,-0.));
#3631 = ADVANCED_FACE('',(#3632),#3642,.T.);
#3632 = FACE_BOUND('',#3633,.T.);
#3633 = EDGE_LOOP('',(#3634,#3635,#3636));
#3634 = ORIENTED_EDGE('',*,*,#3619,.F.);
#3635 = ORIENTED_EDGE('',*,*,#881,.F.);
#3636 = ORIENTED_EDGE('',*,*,#3637,.T.);
#3637 = EDGE_CURVE('',#882,#3533,#3638,.T.);
#3638 = LINE('',#3639,#3640);
#3639 = CARTESIAN_POINT('',(-5.811024188995,-3.221150398254,
    0.699999988079));
#3640 = VECTOR('',#3641,1.);
#3641 = DIRECTION('',(0.992641888986,-0.121087077056,0.));
#3642 = PLANE('',#3643);
#3643 = AXIS2_PLACEMENT_3D('',#3644,#3645,#3646);
#3644 = CARTESIAN_POINT('',(-1.808477077825,-3.589995499523,
    0.699999988079));
#3645 = DIRECTION('',(0.,0.,1.));
#3646 = DIRECTION('',(1.,0.,-0.));
#3647 = ADVANCED_FACE('',(#3648),#3658,.T.);
#3648 = FACE_BOUND('',#3649,.T.);
#3649 = EDGE_LOOP('',(#3650,#3656,#3657));
#3650 = ORIENTED_EDGE('',*,*,#3651,.T.);
#3651 = EDGE_CURVE('',#928,#3533,#3652,.T.);
#3652 = LINE('',#3653,#3654);
#3653 = CARTESIAN_POINT('',(-5.865728378296,-3.678999423981,
    0.699999988079));
#3654 = VECTOR('',#3655,1.);
#3655 = DIRECTION('',(0.997846631245,-6.559039955034E-02,0.));
#3656 = ORIENTED_EDGE('',*,*,#3637,.F.);
#3657 = ORIENTED_EDGE('',*,*,#927,.F.);
#3658 = PLANE('',#3659);
#3659 = AXIS2_PLACEMENT_3D('',#3660,#3661,#3662);
#3660 = CARTESIAN_POINT('',(-1.83479188832,-3.82555008955,0.699999988079
    ));
#3661 = DIRECTION('',(0.,0.,1.));
#3662 = DIRECTION('',(1.,0.,-0.));
#3663 = ADVANCED_FACE('',(#3664),#3674,.T.);
#3664 = FACE_BOUND('',#3665,.T.);
#3665 = EDGE_LOOP('',(#3666,#3672,#3673));
#3666 = ORIENTED_EDGE('',*,*,#3667,.T.);
#3667 = EDGE_CURVE('',#974,#3533,#3668,.T.);
#3668 = LINE('',#3669,#3670);
#3669 = CARTESIAN_POINT('',(-5.927684783936,-4.135923862457,
    0.699999988079));
#3670 = VECTOR('',#3671,1.);
#3671 = DIRECTION('',(0.999946733918,-1.032130454233E-02,0.));
#3672 = ORIENTED_EDGE('',*,*,#3651,.F.);
#3673 = ORIENTED_EDGE('',*,*,#973,.F.);
#3674 = PLANE('',#3675);
#3675 = AXIS2_PLACEMENT_3D('',#3676,#3677,#3678);
#3676 = CARTESIAN_POINT('',(-1.864408194936,-4.060680012667,
    0.699999988079));
#3677 = DIRECTION('',(0.,0.,1.));
#3678 = DIRECTION('',(1.,0.,-0.));
#3679 = ADVANCED_FACE('',(#3680),#3690,.T.);
#3680 = FACE_BOUND('',#3681,.T.);
#3681 = EDGE_LOOP('',(#3682,#3683,#3684));
#3682 = ORIENTED_EDGE('',*,*,#3667,.F.);
#3683 = ORIENTED_EDGE('',*,*,#1019,.F.);
#3684 = ORIENTED_EDGE('',*,*,#3685,.T.);
#3685 = EDGE_CURVE('',#1020,#3533,#3686,.T.);
#3686 = LINE('',#3687,#3688);
#3687 = CARTESIAN_POINT('',(-5.996877670288,-4.591808319092,
    0.699999988079));
#3688 = VECTOR('',#3689,1.);
#3689 = DIRECTION('',(0.999028707272,4.406406751536E-02,0.));
#3690 = PLANE('',#3691);
#3691 = AXIS2_PLACEMENT_3D('',#3692,#3693,#3694);
#3692 = CARTESIAN_POINT('',(-1.897320180487,-4.295249431328,
    0.699999988079));
#3693 = DIRECTION('',(0.,0.,1.));
#3694 = DIRECTION('',(1.,0.,-0.));
#3695 = ADVANCED_FACE('',(#3696),#3713,.T.);
#3696 = FACE_BOUND('',#3697,.T.);
#3697 = EDGE_LOOP('',(#3698,#3706,#3707));
#3698 = ORIENTED_EDGE('',*,*,#3699,.T.);
#3699 = EDGE_CURVE('',#3700,#3533,#3702,.T.);
#3700 = VERTEX_POINT('',#3701);
#3701 = CARTESIAN_POINT('',(2.365285634995,-4.238196372986,
    0.699999988079));
#3702 = LINE('',#3703,#3704);
#3703 = CARTESIAN_POINT('',(2.365285634995,-4.238196372986,
    0.699999988079));
#3704 = VECTOR('',#3705,1.);
#3705 = DIRECTION('',(0.852645905918,0.522489195219,0.));
#3706 = ORIENTED_EDGE('',*,*,#3685,.F.);
#3707 = ORIENTED_EDGE('',*,*,#3708,.T.);
#3708 = EDGE_CURVE('',#1020,#3700,#3709,.T.);
#3709 = LINE('',#3710,#3711);
#3710 = CARTESIAN_POINT('',(-5.996877670288,-4.591808319092,
    0.699999988079));
#3711 = VECTOR('',#3712,1.);
#3712 = DIRECTION('',(0.999107096359,4.224937875688E-02,0.));
#3713 = PLANE('',#3714);
#3714 = AXIS2_PLACEMENT_3D('',#3715,#3716,#3717);
#3715 = CARTESIAN_POINT('',(-1.801271475347,-4.410558300216,
    0.699999988079));
#3716 = DIRECTION('',(0.,0.,1.));
#3717 = DIRECTION('',(1.,0.,-0.));
#3718 = ADVANCED_FACE('',(#3719),#3736,.T.);
#3719 = FACE_BOUND('',#3720,.T.);
#3720 = EDGE_LOOP('',(#3721,#3729,#3730));
#3721 = ORIENTED_EDGE('',*,*,#3722,.T.);
#3722 = EDGE_CURVE('',#3723,#3700,#3725,.T.);
#3723 = VERTEX_POINT('',#3724);
#3724 = CARTESIAN_POINT('',(2.341421365738,-4.258578777313,
    0.699999988079));
#3725 = LINE('',#3726,#3727);
#3726 = CARTESIAN_POINT('',(2.341421365738,-4.258578777313,
    0.699999988079));
#3727 = VECTOR('',#3728,1.);
#3728 = DIRECTION('',(0.760399783315,0.649455286786,0.));
#3729 = ORIENTED_EDGE('',*,*,#3708,.F.);
#3730 = ORIENTED_EDGE('',*,*,#3731,.T.);
#3731 = EDGE_CURVE('',#1020,#3723,#3732,.T.);
#3732 = LINE('',#3733,#3734);
#3733 = CARTESIAN_POINT('',(-5.996877670288,-4.591808319092,
    0.699999988079));
#3734 = VECTOR('',#3735,1.);
#3735 = DIRECTION('',(0.999202405344,3.993185639399E-02,0.));
#3736 = PLANE('',#3737);
#3737 = AXIS2_PLACEMENT_3D('',#3738,#3739,#3740);
#3738 = CARTESIAN_POINT('',(-1.813928654434,-4.419768632194,
    0.699999988079));
#3739 = DIRECTION('',(0.,0.,1.));
#3740 = DIRECTION('',(1.,0.,-0.));
#3741 = ADVANCED_FACE('',(#3742),#3759,.T.);
#3742 = FACE_BOUND('',#3743,.T.);
#3743 = EDGE_LOOP('',(#3744,#3752,#3753));
#3744 = ORIENTED_EDGE('',*,*,#3745,.T.);
#3745 = EDGE_CURVE('',#3746,#3723,#3748,.T.);
#3746 = VERTEX_POINT('',#3747);
#3747 = CARTESIAN_POINT('',(-0.600000023842,-4.900000095367,
    0.699999988079));
#3748 = LINE('',#3749,#3750);
#3749 = CARTESIAN_POINT('',(-0.600000023842,-4.900000095367,
    0.699999988079));
#3750 = VECTOR('',#3751,1.);
#3751 = DIRECTION('',(0.977039507994,0.213058207583,0.));
#3752 = ORIENTED_EDGE('',*,*,#3731,.F.);
#3753 = ORIENTED_EDGE('',*,*,#3754,.T.);
#3754 = EDGE_CURVE('',#1020,#3746,#3755,.T.);
#3755 = LINE('',#3756,#3757);
#3756 = CARTESIAN_POINT('',(-5.996877670288,-4.591808319092,
    0.699999988079));
#3757 = VECTOR('',#3758,1.);
#3758 = DIRECTION('',(0.998373454018,-5.701268554471E-02,0.));
#3759 = PLANE('',#3760);
#3760 = AXIS2_PLACEMENT_3D('',#3761,#3762,#3763);
#3761 = CARTESIAN_POINT('',(-1.81737121061,-4.556304242989,
    0.699999988079));
#3762 = DIRECTION('',(0.,0.,1.));
#3763 = DIRECTION('',(1.,0.,-0.));
#3764 = ADVANCED_FACE('',(#3765),#3782,.T.);
#3765 = FACE_BOUND('',#3766,.T.);
#3766 = EDGE_LOOP('',(#3767,#3775,#3776));
#3767 = ORIENTED_EDGE('',*,*,#3768,.T.);
#3768 = EDGE_CURVE('',#3769,#3723,#3771,.T.);
#3769 = VERTEX_POINT('',#3770);
#3770 = CARTESIAN_POINT('',(-0.565270364285,-4.90303850174,
    0.699999988079));
#3771 = LINE('',#3772,#3773);
#3772 = CARTESIAN_POINT('',(-0.565270364285,-4.90303850174,
    0.699999988079));
#3773 = VECTOR('',#3774,1.);
#3774 = DIRECTION('',(0.976291629111,0.216459360915,0.));
#3775 = ORIENTED_EDGE('',*,*,#3745,.F.);
#3776 = ORIENTED_EDGE('',*,*,#3777,.T.);
#3777 = EDGE_CURVE('',#3746,#3769,#3778,.T.);
#3778 = LINE('',#3779,#3780);
#3779 = CARTESIAN_POINT('',(-0.600000023842,-4.900000095367,
    0.699999988079));
#3780 = VECTOR('',#3781,1.);
#3781 = DIRECTION('',(0.99619481048,-8.71544581365E-02,0.));
#3782 = PLANE('',#3783);
#3783 = AXIS2_PLACEMENT_3D('',#3784,#3785,#3786);
#3784 = CARTESIAN_POINT('',(0.870882176421,-4.581905672948,
    0.699999988079));
#3785 = DIRECTION('',(0.,0.,1.));
#3786 = DIRECTION('',(1.,0.,-0.));
#3787 = ADVANCED_FACE('',(#3788),#3803,.T.);
#3788 = FACE_BOUND('',#3789,.T.);
#3789 = EDGE_LOOP('',(#3790,#3791,#3797));
#3790 = ORIENTED_EDGE('',*,*,#1065,.F.);
#3791 = ORIENTED_EDGE('',*,*,#3792,.T.);
#3792 = EDGE_CURVE('',#1066,#1227,#3793,.T.);
#3793 = LINE('',#3794,#3795);
#3794 = CARTESIAN_POINT('',(-6.073289871216,-5.046538352966,
    0.699999988079));
#3795 = VECTOR('',#3796,1.);
#3796 = DIRECTION('',(0.992919909588,-0.118785744702,0.));
#3797 = ORIENTED_EDGE('',*,*,#3798,.T.);
#3798 = EDGE_CURVE('',#1227,#1020,#3799,.T.);
#3799 = LINE('',#3800,#3801);
#3800 = CARTESIAN_POINT('',(-2.282842636108,-5.5,0.699999988079));
#3801 = VECTOR('',#3802,1.);
#3802 = DIRECTION('',(-0.971379912556,0.237531188442,0.));
#3803 = PLANE('',#3804);
#3804 = AXIS2_PLACEMENT_3D('',#3805,#3806,#3807);
#3805 = CARTESIAN_POINT('',(-4.265723307652,-5.140128969548,
    0.699999988079));
#3806 = DIRECTION('',(0.,0.,1.));
#3807 = DIRECTION('',(1.,0.,-0.));
#3808 = ADVANCED_FACE('',(#3809),#3826,.T.);
#3809 = FACE_BOUND('',#3810,.T.);
#3810 = EDGE_LOOP('',(#3811,#3819,#3820));
#3811 = ORIENTED_EDGE('',*,*,#3812,.T.);
#3812 = EDGE_CURVE('',#3813,#1020,#3815,.T.);
#3813 = VERTEX_POINT('',#3814);
#3814 = CARTESIAN_POINT('',(-1.658578634262,-4.958578586578,
    0.699999988079));
#3815 = LINE('',#3816,#3817);
#3816 = CARTESIAN_POINT('',(-1.658578634262,-4.958578586578,
    0.699999988079));
#3817 = VECTOR('',#3818,1.);
#3818 = DIRECTION('',(-0.996445333936,8.424189264701E-02,0.));
#3819 = ORIENTED_EDGE('',*,*,#3798,.F.);
#3820 = ORIENTED_EDGE('',*,*,#3821,.T.);
#3821 = EDGE_CURVE('',#1227,#3813,#3822,.T.);
#3822 = LINE('',#3823,#3824);
#3823 = CARTESIAN_POINT('',(-2.282842636108,-5.5,0.699999988079));
#3824 = VECTOR('',#3825,1.);
#3825 = DIRECTION('',(0.755453886006,0.655201820906,0.));
#3826 = PLANE('',#3827);
#3827 = AXIS2_PLACEMENT_3D('',#3828,#3829,#3830);
#3828 = CARTESIAN_POINT('',(-3.789842311716,-4.931830153811,
    0.699999988079));
#3829 = DIRECTION('',(0.,0.,1.));
#3830 = DIRECTION('',(1.,0.,-0.));
#3831 = ADVANCED_FACE('',(#3832),#3849,.T.);
#3832 = FACE_BOUND('',#3833,.T.);
#3833 = EDGE_LOOP('',(#3834,#3842,#3843));
#3834 = ORIENTED_EDGE('',*,*,#3835,.T.);
#3835 = EDGE_CURVE('',#3836,#1020,#3838,.T.);
#3836 = VERTEX_POINT('',#3837);
#3837 = CARTESIAN_POINT('',(-1.634714365005,-4.938196659088,
    0.699999988079));
#3838 = LINE('',#3839,#3840);
#3839 = CARTESIAN_POINT('',(-1.634714365005,-4.938196659088,
    0.699999988079));
#3840 = VECTOR('',#3841,1.);
#3841 = DIRECTION('',(-0.996862059118,7.91582913563E-02,0.));
#3842 = ORIENTED_EDGE('',*,*,#3812,.F.);
#3843 = ORIENTED_EDGE('',*,*,#3844,.T.);
#3844 = EDGE_CURVE('',#3813,#3836,#3845,.T.);
#3845 = LINE('',#3846,#3847);
#3846 = CARTESIAN_POINT('',(-1.658578634262,-4.958578586578,
    0.699999988079));
#3847 = VECTOR('',#3848,1.);
#3848 = DIRECTION('',(0.760407286688,0.649446501532,0.));
#3849 = PLANE('',#3850);
#3850 = AXIS2_PLACEMENT_3D('',#3851,#3852,#3853);
#3851 = CARTESIAN_POINT('',(-3.81395540006,-4.770723769102,
    0.699999988079));
#3852 = DIRECTION('',(0.,0.,1.));
#3853 = DIRECTION('',(1.,0.,-0.));
#3854 = ADVANCED_FACE('',(#3855),#3860,.T.);
#3855 = FACE_BOUND('',#3856,.T.);
#3856 = EDGE_LOOP('',(#3857,#3858,#3859));
#3857 = ORIENTED_EDGE('',*,*,#3792,.F.);
#3858 = ORIENTED_EDGE('',*,*,#1111,.F.);
#3859 = ORIENTED_EDGE('',*,*,#1226,.F.);
#3860 = PLANE('',#3861);
#3861 = AXIS2_PLACEMENT_3D('',#3862,#3863,#3864);
#3862 = CARTESIAN_POINT('',(-4.307488782221,-5.381009572579,
    0.699999988079));
#3863 = DIRECTION('',(0.,0.,1.));
#3864 = DIRECTION('',(1.,0.,-0.));
#3865 = ADVANCED_FACE('',(#3866),#3890,.T.);
#3866 = FACE_BOUND('',#3867,.T.);
#3867 = EDGE_LOOP('',(#3868,#3876,#3884));
#3868 = ORIENTED_EDGE('',*,*,#3869,.T.);
#3869 = EDGE_CURVE('',#1227,#3870,#3872,.T.);
#3870 = VERTEX_POINT('',#3871);
#3871 = CARTESIAN_POINT('',(-2.251555919647,-5.497537612915,
    0.699999988079));
#3872 = LINE('',#3873,#3874);
#3873 = CARTESIAN_POINT('',(-2.282842636108,-5.5,0.699999988079));
#3874 = VECTOR('',#3875,1.);
#3875 = DIRECTION('',(0.996917161516,7.846128392344E-02,0.));
#3876 = ORIENTED_EDGE('',*,*,#3877,.T.);
#3877 = EDGE_CURVE('',#3870,#3878,#3880,.T.);
#3878 = VERTEX_POINT('',#3879);
#3879 = CARTESIAN_POINT('',(-2.221039295197,-5.490211486816,
    0.699999988079));
#3880 = LINE('',#3881,#3882);
#3881 = CARTESIAN_POINT('',(-2.251555919647,-5.497537612915,
    0.699999988079));
#3882 = VECTOR('',#3883,1.);
#3883 = DIRECTION('',(0.972371853219,0.233437312929,0.));
#3884 = ORIENTED_EDGE('',*,*,#3885,.T.);
#3885 = EDGE_CURVE('',#3878,#1227,#3886,.T.);
#3886 = LINE('',#3887,#3888);
#3887 = CARTESIAN_POINT('',(-2.221039295197,-5.490211486816,
    0.699999988079));
#3888 = VECTOR('',#3889,1.);
#3889 = DIRECTION('',(-0.987688771167,-0.156431746492,0.));
#3890 = PLANE('',#3891);
#3891 = AXIS2_PLACEMENT_3D('',#3892,#3893,#3894);
#3892 = CARTESIAN_POINT('',(-2.251844527066,-5.495714644672,
    0.699999988079));
#3893 = DIRECTION('',(0.,0.,1.));
#3894 = DIRECTION('',(1.,0.,-0.));
#3895 = ADVANCED_FACE('',(#3896),#3913,.T.);
#3896 = FACE_BOUND('',#3897,.T.);
#3897 = EDGE_LOOP('',(#3898,#3906,#3907));
#3898 = ORIENTED_EDGE('',*,*,#3899,.T.);
#3899 = EDGE_CURVE('',#3900,#1227,#3902,.T.);
#3900 = VERTEX_POINT('',#3901);
#3901 = CARTESIAN_POINT('',(-2.192044496536,-5.478201389313,
    0.699999988079));
#3902 = LINE('',#3903,#3904);
#3903 = CARTESIAN_POINT('',(-2.192044496536,-5.478201389313,
    0.699999988079));
#3904 = VECTOR('',#3905,1.);
#3905 = DIRECTION('',(-0.972370148875,-0.233444412178,0.));
#3906 = ORIENTED_EDGE('',*,*,#3885,.F.);
#3907 = ORIENTED_EDGE('',*,*,#3908,.T.);
#3908 = EDGE_CURVE('',#3878,#3900,#3909,.T.);
#3909 = LINE('',#3910,#3911);
#3910 = CARTESIAN_POINT('',(-2.221039295197,-5.490211486816,
    0.699999988079));
#3911 = VECTOR('',#3912,1.);
#3912 = DIRECTION('',(0.923878871673,0.382685027766,0.));
#3913 = PLANE('',#3914);
#3914 = AXIS2_PLACEMENT_3D('',#3915,#3916,#3917);
#3915 = CARTESIAN_POINT('',(-2.237109113723,-5.490286576451,
    0.699999988079));
#3916 = DIRECTION('',(0.,0.,1.));
#3917 = DIRECTION('',(1.,0.,-0.));
#3918 = ADVANCED_FACE('',(#3919),#3936,.T.);
#3919 = FACE_BOUND('',#3920,.T.);
#3920 = EDGE_LOOP('',(#3921,#3929,#3930));
#3921 = ORIENTED_EDGE('',*,*,#3922,.T.);
#3922 = EDGE_CURVE('',#3923,#1227,#3925,.T.);
#3923 = VERTEX_POINT('',#3924);
#3924 = CARTESIAN_POINT('',(-2.165285587311,-5.461803436279,
    0.699999988079));
#3925 = LINE('',#3926,#3927);
#3926 = CARTESIAN_POINT('',(-2.165285587311,-5.461803436279,
    0.699999988079));
#3927 = VECTOR('',#3928,1.);
#3928 = DIRECTION('',(-0.951056603946,-0.309016724613,0.));
#3929 = ORIENTED_EDGE('',*,*,#3899,.F.);
#3930 = ORIENTED_EDGE('',*,*,#3931,.T.);
#3931 = EDGE_CURVE('',#3900,#3923,#3932,.T.);
#3932 = LINE('',#3933,#3934);
#3933 = CARTESIAN_POINT('',(-2.192044496536,-5.478201389313,
    0.699999988079));
#3934 = VECTOR('',#3935,1.);
#3935 = DIRECTION('',(0.852639137027,0.522500241158,0.));
#3936 = PLANE('',#3937);
#3937 = AXIS2_PLACEMENT_3D('',#3938,#3939,#3940);
#3938 = CARTESIAN_POINT('',(-2.223357747829,-5.482607029019,
    0.699999988079));
#3939 = DIRECTION('',(0.,0.,1.));
#3940 = DIRECTION('',(1.,0.,-0.));
#3941 = ADVANCED_FACE('',(#3942),#3959,.T.);
#3942 = FACE_BOUND('',#3943,.T.);
#3943 = EDGE_LOOP('',(#3944,#3945,#3953));
#3944 = ORIENTED_EDGE('',*,*,#3922,.F.);
#3945 = ORIENTED_EDGE('',*,*,#3946,.T.);
#3946 = EDGE_CURVE('',#3923,#3947,#3949,.T.);
#3947 = VERTEX_POINT('',#3948);
#3948 = CARTESIAN_POINT('',(-2.141421318054,-5.441421508789,
    0.699999988079));
#3949 = LINE('',#3950,#3951);
#3950 = CARTESIAN_POINT('',(-2.165285587311,-5.461803436279,
    0.699999988079));
#3951 = VECTOR('',#3952,1.);
#3952 = DIRECTION('',(0.760407286688,0.649446501532,0.));
#3953 = ORIENTED_EDGE('',*,*,#3954,.T.);
#3954 = EDGE_CURVE('',#3947,#1227,#3955,.T.);
#3955 = LINE('',#3956,#3957);
#3956 = CARTESIAN_POINT('',(-2.141421318054,-5.441421508789,
    0.699999988079));
#3957 = VECTOR('',#3958,1.);
#3958 = DIRECTION('',(-0.92387984833,-0.382682669911,0.));
#3959 = PLANE('',#3960);
#3960 = AXIS2_PLACEMENT_3D('',#3961,#3962,#3963);
#3961 = CARTESIAN_POINT('',(-2.210931623886,-5.472854145078,
    0.699999988079));
#3962 = DIRECTION('',(0.,0.,1.));
#3963 = DIRECTION('',(1.,0.,-0.));
#3964 = ADVANCED_FACE('',(#3965),#3975,.T.);
#3965 = FACE_BOUND('',#3966,.T.);
#3966 = EDGE_LOOP('',(#3967,#3968,#3969));
#3967 = ORIENTED_EDGE('',*,*,#3821,.F.);
#3968 = ORIENTED_EDGE('',*,*,#3954,.F.);
#3969 = ORIENTED_EDGE('',*,*,#3970,.T.);
#3970 = EDGE_CURVE('',#3947,#3813,#3971,.T.);
#3971 = LINE('',#3972,#3973);
#3972 = CARTESIAN_POINT('',(-2.141421318054,-5.441421508789,
    0.699999988079));
#3973 = VECTOR('',#3974,1.);
#3974 = DIRECTION('',(0.707106606609,0.707106955764,0.));
#3975 = PLANE('',#3976);
#3976 = AXIS2_PLACEMENT_3D('',#3977,#3978,#3979);
#3977 = CARTESIAN_POINT('',(-1.963895144813,-5.239489401842,
    0.699999988079));
#3978 = DIRECTION('',(0.,0.,1.));
#3979 = DIRECTION('',(1.,0.,-0.));
#3980 = ADVANCED_FACE('',(#3981),#3998,.T.);
#3981 = FACE_BOUND('',#3982,.T.);
#3982 = EDGE_LOOP('',(#3983,#3984,#3992));
#3983 = ORIENTED_EDGE('',*,*,#3835,.F.);
#3984 = ORIENTED_EDGE('',*,*,#3985,.T.);
#3985 = EDGE_CURVE('',#3836,#3986,#3988,.T.);
#3986 = VERTEX_POINT('',#3987);
#3987 = CARTESIAN_POINT('',(-1.607955336571,-4.921798706055,
    0.699999988079));
#3988 = LINE('',#3989,#3990);
#3989 = CARTESIAN_POINT('',(-1.634714365005,-4.938196659088,
    0.699999988079));
#3990 = VECTOR('',#3991,1.);
#3991 = DIRECTION('',(0.852640174024,0.522498548935,0.));
#3992 = ORIENTED_EDGE('',*,*,#3993,.T.);
#3993 = EDGE_CURVE('',#3986,#1020,#3994,.T.);
#3994 = LINE('',#3995,#3996);
#3995 = CARTESIAN_POINT('',(-1.607955336571,-4.921798706055,
    0.699999988079));
#3996 = VECTOR('',#3997,1.);
#3997 = DIRECTION('',(-0.997185377139,7.497548679498E-02,0.));
#3998 = PLANE('',#3999);
#3999 = AXIS2_PLACEMENT_3D('',#4000,#4001,#4002);
#4000 = CARTESIAN_POINT('',(-3.801292244765,-4.76149363235,
    0.699999988079));
#4001 = DIRECTION('',(0.,0.,1.));
#4002 = DIRECTION('',(1.,0.,-0.));
#4003 = ADVANCED_FACE('',(#4004),#4021,.T.);
#4004 = FACE_BOUND('',#4005,.T.);
#4005 = EDGE_LOOP('',(#4006,#4014,#4015));
#4006 = ORIENTED_EDGE('',*,*,#4007,.T.);
#4007 = EDGE_CURVE('',#4008,#1020,#4010,.T.);
#4008 = VERTEX_POINT('',#4009);
#4009 = CARTESIAN_POINT('',(-1.57896065712,-4.909788608551,
    0.699999988079));
#4010 = LINE('',#4011,#4012);
#4011 = CARTESIAN_POINT('',(-1.57896065712,-4.909788608551,
    0.699999988079));
#4012 = VECTOR('',#4013,1.);
#4013 = DIRECTION('',(-0.997419808628,7.178945157062E-02,0.));
#4014 = ORIENTED_EDGE('',*,*,#3993,.F.);
#4015 = ORIENTED_EDGE('',*,*,#4016,.T.);
#4016 = EDGE_CURVE('',#3986,#4008,#4017,.T.);
#4017 = LINE('',#4018,#4019);
#4018 = CARTESIAN_POINT('',(-1.607955336571,-4.921798706055,
    0.699999988079));
#4019 = VECTOR('',#4020,1.);
#4020 = DIRECTION('',(0.923878315397,0.382686370725,0.));
#4021 = PLANE('',#4022);
#4022 = AXIS2_PLACEMENT_3D('',#4023,#4024,#4025);
#4023 = CARTESIAN_POINT('',(-3.78734785918,-4.754365163722,
    0.699999988079));
#4024 = DIRECTION('',(0.,0.,1.));
#4025 = DIRECTION('',(1.,0.,-0.));
#4026 = ADVANCED_FACE('',(#4027),#4044,.T.);
#4027 = FACE_BOUND('',#4028,.T.);
#4028 = EDGE_LOOP('',(#4029,#4037,#4038));
#4029 = ORIENTED_EDGE('',*,*,#4030,.T.);
#4030 = EDGE_CURVE('',#4031,#1020,#4033,.T.);
#4031 = VERTEX_POINT('',#4032);
#4032 = CARTESIAN_POINT('',(-1.548444151878,-4.902462482452,
    0.699999988079));
#4033 = LINE('',#4034,#4035);
#4034 = CARTESIAN_POINT('',(-1.548444151878,-4.902462482452,
    0.699999988079));
#4035 = VECTOR('',#4036,1.);
#4036 = DIRECTION('',(-0.997570453602,6.966484120187E-02,0.));
#4037 = ORIENTED_EDGE('',*,*,#4007,.F.);
#4038 = ORIENTED_EDGE('',*,*,#4039,.T.);
#4039 = EDGE_CURVE('',#4008,#4031,#4040,.T.);
#4040 = LINE('',#4041,#4042);
#4041 = CARTESIAN_POINT('',(-1.57896065712,-4.909788608551,
    0.699999988079));
#4042 = VECTOR('',#4043,1.);
#4043 = DIRECTION('',(0.972371646229,0.233438175134,0.));
#4044 = PLANE('',#4045);
#4045 = AXIS2_PLACEMENT_3D('',#4046,#4047,#4048);
#4046 = CARTESIAN_POINT('',(-3.772465736502,-4.749513725913,
    0.699999988079));
#4047 = DIRECTION('',(0.,0.,1.));
#4048 = DIRECTION('',(1.,0.,-0.));
#4049 = ADVANCED_FACE('',(#4050),#4067,.T.);
#4050 = FACE_BOUND('',#4051,.T.);
#4051 = EDGE_LOOP('',(#4052,#4053,#4061));
#4052 = ORIENTED_EDGE('',*,*,#4030,.F.);
#4053 = ORIENTED_EDGE('',*,*,#4054,.T.);
#4054 = EDGE_CURVE('',#4031,#4055,#4057,.T.);
#4055 = VERTEX_POINT('',#4056);
#4056 = CARTESIAN_POINT('',(-1.517157316208,-4.900000095367,
    0.699999988079));
#4057 = LINE('',#4058,#4059);
#4058 = CARTESIAN_POINT('',(-1.548444151878,-4.902462482452,
    0.699999988079));
#4059 = VECTOR('',#4060,1.);
#4060 = DIRECTION('',(0.9969171849,7.846098681018E-02,0.));
#4061 = ORIENTED_EDGE('',*,*,#4062,.T.);
#4062 = EDGE_CURVE('',#4055,#1020,#4063,.T.);
#4063 = LINE('',#4064,#4065);
#4064 = CARTESIAN_POINT('',(-1.517157316208,-4.900000095367,
    0.699999988079));
#4065 = VECTOR('',#4066,1.);
#4066 = DIRECTION('',(-0.997641847039,6.8634867497E-02,0.));
#4067 = PLANE('',#4068);
#4068 = AXIS2_PLACEMENT_3D('',#4069,#4070,#4071);
#4069 = CARTESIAN_POINT('',(-3.757012403396,-4.747058308993,
    0.699999988079));
#4070 = DIRECTION('',(0.,0.,1.));
#4071 = DIRECTION('',(1.,0.,-0.));
#4072 = ADVANCED_FACE('',(#4073),#4083,.T.);
#4073 = FACE_BOUND('',#4074,.T.);
#4074 = EDGE_LOOP('',(#4075,#4076,#4077));
#4075 = ORIENTED_EDGE('',*,*,#3754,.F.);
#4076 = ORIENTED_EDGE('',*,*,#4062,.F.);
#4077 = ORIENTED_EDGE('',*,*,#4078,.T.);
#4078 = EDGE_CURVE('',#4055,#3746,#4079,.T.);
#4079 = LINE('',#4080,#4081);
#4080 = CARTESIAN_POINT('',(-1.517157316208,-4.900000095367,
    0.699999988079));
#4081 = VECTOR('',#4082,1.);
#4082 = DIRECTION('',(1.,0.,0.));
#4083 = PLANE('',#4084);
#4084 = AXIS2_PLACEMENT_3D('',#4085,#4086,#4087);
#4085 = CARTESIAN_POINT('',(-3.298887913249,-4.758974435735,
    0.699999988079));
#4086 = DIRECTION('',(0.,0.,1.));
#4087 = DIRECTION('',(1.,0.,-0.));
#4088 = ADVANCED_FACE('',(#4089),#4106,.T.);
#4089 = FACE_BOUND('',#4090,.T.);
#4090 = EDGE_LOOP('',(#4091,#4092,#4100));
#4091 = ORIENTED_EDGE('',*,*,#3768,.F.);
#4092 = ORIENTED_EDGE('',*,*,#4093,.T.);
#4093 = EDGE_CURVE('',#3769,#4094,#4096,.T.);
#4094 = VERTEX_POINT('',#4095);
#4095 = CARTESIAN_POINT('',(-0.531595945358,-4.912061691284,
    0.699999988079));
#4096 = LINE('',#4097,#4098);
#4097 = CARTESIAN_POINT('',(-0.565270364285,-4.90303850174,
    0.699999988079));
#4098 = VECTOR('',#4099,1.);
#4099 = DIRECTION('',(0.965924706248,-0.258823225115,0.));
#4100 = ORIENTED_EDGE('',*,*,#4101,.T.);
#4101 = EDGE_CURVE('',#4094,#3723,#4102,.T.);
#4102 = LINE('',#4103,#4104);
#4103 = CARTESIAN_POINT('',(-0.531595945358,-4.912061691284,
    0.699999988079));
#4104 = VECTOR('',#4105,1.);
#4105 = DIRECTION('',(0.975094375345,0.221790349587,0.));
#4106 = PLANE('',#4107);
#4107 = AXIS2_PLACEMENT_3D('',#4108,#4109,#4110);
#4108 = CARTESIAN_POINT('',(0.887996463398,-4.58495125502,0.699999988079
    ));
#4109 = DIRECTION('',(0.,0.,1.));
#4110 = DIRECTION('',(1.,0.,-0.));
#4111 = ADVANCED_FACE('',(#4112),#4129,.T.);
#4112 = FACE_BOUND('',#4113,.T.);
#4113 = EDGE_LOOP('',(#4114,#4122,#4123));
#4114 = ORIENTED_EDGE('',*,*,#4115,.T.);
#4115 = EDGE_CURVE('',#4116,#3723,#4118,.T.);
#4116 = VERTEX_POINT('',#4117);
#4117 = CARTESIAN_POINT('',(1.158578634262,-5.441421508789,
    0.699999988079));
#4118 = LINE('',#4119,#4120);
#4119 = CARTESIAN_POINT('',(1.158578634262,-5.441421508789,
    0.699999988079));
#4120 = VECTOR('',#4121,1.);
#4121 = DIRECTION('',(0.707106781187,0.707106781187,0.));
#4122 = ORIENTED_EDGE('',*,*,#4101,.F.);
#4123 = ORIENTED_EDGE('',*,*,#4124,.T.);
#4124 = EDGE_CURVE('',#4094,#4116,#4125,.T.);
#4125 = LINE('',#4126,#4127);
#4126 = CARTESIAN_POINT('',(-0.531595945358,-4.912061691284,
    0.699999988079));
#4127 = VECTOR('',#4128,1.);
#4128 = DIRECTION('',(0.954290066017,-0.298882033421,0.));
#4129 = PLANE('',#4130);
#4130 = AXIS2_PLACEMENT_3D('',#4131,#4132,#4133);
#4131 = CARTESIAN_POINT('',(0.962213335821,-4.818522849495,
    0.699999988079));
#4132 = DIRECTION('',(0.,0.,1.));
#4133 = DIRECTION('',(1.,0.,-0.));
#4134 = ADVANCED_FACE('',(#4135),#4152,.T.);
#4135 = FACE_BOUND('',#4136,.T.);
#4136 = EDGE_LOOP('',(#4137,#4145,#4146));
#4137 = ORIENTED_EDGE('',*,*,#4138,.T.);
#4138 = EDGE_CURVE('',#4139,#4116,#4141,.T.);
#4139 = VERTEX_POINT('',#4140);
#4140 = CARTESIAN_POINT('',(-0.5,-4.926795005798,0.699999988079));
#4141 = LINE('',#4142,#4143);
#4142 = CARTESIAN_POINT('',(-0.5,-4.926795005798,0.699999988079));
#4143 = VECTOR('',#4144,1.);
#4144 = DIRECTION('',(0.955081218216,-0.296344169187,0.));
#4145 = ORIENTED_EDGE('',*,*,#4124,.F.);
#4146 = ORIENTED_EDGE('',*,*,#4147,.T.);
#4147 = EDGE_CURVE('',#4094,#4139,#4148,.T.);
#4148 = LINE('',#4149,#4150);
#4149 = CARTESIAN_POINT('',(-0.531595945358,-4.912061691284,
    0.699999988079));
#4150 = VECTOR('',#4151,1.);
#4151 = DIRECTION('',(0.906309069988,-0.422615510432,0.));
#4152 = PLANE('',#4153);
#4153 = AXIS2_PLACEMENT_3D('',#4154,#4155,#4156);
#4154 = CARTESIAN_POINT('',(0.313074596829,-5.177820561763,
    0.699999988079));
#4155 = DIRECTION('',(0.,0.,1.));
#4156 = DIRECTION('',(1.,0.,-0.));
#4157 = ADVANCED_FACE('',(#4158),#4175,.T.);
#4158 = FACE_BOUND('',#4159,.T.);
#4159 = EDGE_LOOP('',(#4160,#4168,#4169));
#4160 = ORIENTED_EDGE('',*,*,#4161,.T.);
#4161 = EDGE_CURVE('',#4162,#4116,#4164,.T.);
#4162 = VERTEX_POINT('',#4163);
#4163 = CARTESIAN_POINT('',(-0.471442490816,-4.946791172028,
    0.699999988079));
#4164 = LINE('',#4165,#4166);
#4165 = CARTESIAN_POINT('',(-0.471442490816,-4.946791172028,
    0.699999988079));
#4166 = VECTOR('',#4167,1.);
#4167 = DIRECTION('',(0.956912798736,-0.290375439071,0.));
#4168 = ORIENTED_EDGE('',*,*,#4138,.F.);
#4169 = ORIENTED_EDGE('',*,*,#4170,.T.);
#4170 = EDGE_CURVE('',#4139,#4162,#4171,.T.);
#4171 = LINE('',#4172,#4173);
#4172 = CARTESIAN_POINT('',(-0.5,-4.926795005798,0.699999988079));
#4173 = VECTOR('',#4174,1.);
#4174 = DIRECTION('',(0.819152273048,-0.573576109649,0.));
#4175 = PLANE('',#4176);
#4176 = AXIS2_PLACEMENT_3D('',#4177,#4178,#4179);
#4177 = CARTESIAN_POINT('',(0.328112162004,-5.186528189416,
    0.699999988079));
#4178 = DIRECTION('',(0.,0.,1.));
#4179 = DIRECTION('',(1.,0.,-0.));
#4180 = ADVANCED_FACE('',(#4181),#4198,.T.);
#4181 = FACE_BOUND('',#4182,.T.);
#4182 = EDGE_LOOP('',(#4183,#4184,#4192));
#4183 = ORIENTED_EDGE('',*,*,#4161,.F.);
#4184 = ORIENTED_EDGE('',*,*,#4185,.T.);
#4185 = EDGE_CURVE('',#4162,#4186,#4188,.T.);
#4186 = VERTEX_POINT('',#4187);
#4187 = CARTESIAN_POINT('',(-0.446791112423,-4.971442699432,
    0.699999988079));
#4188 = LINE('',#4189,#4190);
#4189 = CARTESIAN_POINT('',(-0.471442490816,-4.946791172028,
    0.699999988079));
#4190 = VECTOR('',#4191,1.);
#4191 = DIRECTION('',(0.707104644045,-0.707108918321,0.));
#4192 = ORIENTED_EDGE('',*,*,#4193,.T.);
#4193 = EDGE_CURVE('',#4186,#4116,#4194,.T.);
#4194 = LINE('',#4195,#4196);
#4195 = CARTESIAN_POINT('',(-0.446791112423,-4.971442699432,
    0.699999988079));
#4196 = VECTOR('',#4197,1.);
#4197 = DIRECTION('',(0.959718952611,-0.280961798113,0.));
#4198 = PLANE('',#4199);
#4199 = AXIS2_PLACEMENT_3D('',#4200,#4201,#4202);
#4200 = CARTESIAN_POINT('',(0.341408681761,-5.197749118281,
    0.699999988079));
#4201 = DIRECTION('',(0.,0.,1.));
#4202 = DIRECTION('',(1.,0.,-0.));
#4203 = ADVANCED_FACE('',(#4204),#4221,.T.);
#4204 = FACE_BOUND('',#4205,.T.);
#4205 = EDGE_LOOP('',(#4206,#4214,#4215));
#4206 = ORIENTED_EDGE('',*,*,#4207,.T.);
#4207 = EDGE_CURVE('',#4208,#4116,#4210,.T.);
#4208 = VERTEX_POINT('',#4209);
#4209 = CARTESIAN_POINT('',(-0.426794916391,-5.,0.699999988079));
#4210 = LINE('',#4211,#4212);
#4211 = CARTESIAN_POINT('',(-0.426794916391,-5.,0.699999988079));
#4212 = VECTOR('',#4213,1.);
#4213 = DIRECTION('',(0.96335476718,-0.26823048401,0.));
#4214 = ORIENTED_EDGE('',*,*,#4193,.F.);
#4215 = ORIENTED_EDGE('',*,*,#4216,.T.);
#4216 = EDGE_CURVE('',#4186,#4208,#4217,.T.);
#4217 = LINE('',#4218,#4219);
#4218 = CARTESIAN_POINT('',(-0.446791112423,-4.971442699432,
    0.699999988079));
#4219 = VECTOR('',#4220,1.);
#4220 = DIRECTION('',(0.573579494843,-0.819149902701,0.));
#4221 = PLANE('',#4222);
#4222 = AXIS2_PLACEMENT_3D('',#4223,#4224,#4225);
#4223 = CARTESIAN_POINT('',(0.352559404199,-5.211144978417,
    0.699999988079));
#4224 = DIRECTION('',(0.,0.,1.));
#4225 = DIRECTION('',(1.,0.,-0.));
#4226 = ADVANCED_FACE('',(#4227),#4244,.T.);
#4227 = FACE_BOUND('',#4228,.T.);
#4228 = EDGE_LOOP('',(#4229,#4237,#4238));
#4229 = ORIENTED_EDGE('',*,*,#4230,.T.);
#4230 = EDGE_CURVE('',#4231,#4116,#4233,.T.);
#4231 = VERTEX_POINT('',#4232);
#4232 = CARTESIAN_POINT('',(-0.412061482668,-5.031596183777,
    0.699999988079));
#4233 = LINE('',#4234,#4235);
#4234 = CARTESIAN_POINT('',(-0.412061482668,-5.031596183777,
    0.699999988079));
#4235 = VECTOR('',#4236,1.);
#4236 = DIRECTION('',(0.967603259006,-0.25247560904,0.));
#4237 = ORIENTED_EDGE('',*,*,#4207,.F.);
#4238 = ORIENTED_EDGE('',*,*,#4239,.T.);
#4239 = EDGE_CURVE('',#4208,#4231,#4240,.T.);
#4240 = LINE('',#4241,#4242);
#4241 = CARTESIAN_POINT('',(-0.426794916391,-5.,0.699999988079));
#4242 = VECTOR('',#4243,1.);
#4243 = DIRECTION('',(0.422615699716,-0.906308981724,0.));
#4244 = PLANE('',#4245);
#4245 = AXIS2_PLACEMENT_3D('',#4246,#4247,#4248);
#4246 = CARTESIAN_POINT('',(0.361224356741,-5.226310457819,
    0.699999988079));
#4247 = DIRECTION('',(0.,0.,1.));
#4248 = DIRECTION('',(1.,0.,-0.));
#4249 = ADVANCED_FACE('',(#4250),#4267,.T.);
#4250 = FACE_BOUND('',#4251,.T.);
#4251 = EDGE_LOOP('',(#4252,#4253,#4261));
#4252 = ORIENTED_EDGE('',*,*,#4230,.F.);
#4253 = ORIENTED_EDGE('',*,*,#4254,.T.);
#4254 = EDGE_CURVE('',#4231,#4255,#4257,.T.);
#4255 = VERTEX_POINT('',#4256);
#4256 = CARTESIAN_POINT('',(-0.403038442135,-5.065270423889,
    0.699999988079));
#4257 = LINE('',#4258,#4259);
#4258 = CARTESIAN_POINT('',(-0.412061482668,-5.031596183777,
    0.699999988079));
#4259 = VECTOR('',#4260,1.);
#4260 = DIRECTION('',(0.258820519451,-0.965925431237,0.));
#4261 = ORIENTED_EDGE('',*,*,#4262,.T.);
#4262 = EDGE_CURVE('',#4255,#4116,#4263,.T.);
#4263 = LINE('',#4264,#4265);
#4264 = CARTESIAN_POINT('',(-0.403038442135,-5.065270423889,
    0.699999988079));
#4265 = VECTOR('',#4266,1.);
#4266 = DIRECTION('',(0.972194413699,-0.234175195042,0.));
#4267 = PLANE('',#4268);
#4268 = AXIS2_PLACEMENT_3D('',#4269,#4270,#4271);
#4269 = CARTESIAN_POINT('',(0.367139815441,-5.242785224451,
    0.699999988079));
#4270 = DIRECTION('',(0.,0.,1.));
#4271 = DIRECTION('',(1.,0.,-0.));
#4272 = ADVANCED_FACE('',(#4273),#4290,.T.);
#4273 = FACE_BOUND('',#4274,.T.);
#4274 = EDGE_LOOP('',(#4275,#4283,#4284));
#4275 = ORIENTED_EDGE('',*,*,#4276,.T.);
#4276 = EDGE_CURVE('',#4277,#4116,#4279,.T.);
#4277 = VERTEX_POINT('',#4278);
#4278 = CARTESIAN_POINT('',(-0.40000000596,-5.099999904633,
    0.699999988079));
#4279 = LINE('',#4280,#4281);
#4280 = CARTESIAN_POINT('',(-0.40000000596,-5.099999904633,
    0.699999988079));
#4281 = VECTOR('',#4282,1.);
#4282 = DIRECTION('',(0.976836840826,-0.213985481763,0.));
#4283 = ORIENTED_EDGE('',*,*,#4262,.F.);
#4284 = ORIENTED_EDGE('',*,*,#4285,.T.);
#4285 = EDGE_CURVE('',#4255,#4277,#4286,.T.);
#4286 = LINE('',#4287,#4288);
#4287 = CARTESIAN_POINT('',(-0.403038442135,-5.065270423889,
    0.699999988079));
#4288 = VECTOR('',#4289,1.);
#4289 = DIRECTION('',(8.715575183425E-02,-0.996194697297,0.));
#4290 = PLANE('',#4291);
#4291 = AXIS2_PLACEMENT_3D('',#4292,#4293,#4294);
#4292 = CARTESIAN_POINT('',(0.370125307561,-5.260067278157,
    0.699999988079));
#4293 = DIRECTION('',(0.,0.,1.));
#4294 = DIRECTION('',(1.,0.,-0.));
#4295 = ADVANCED_FACE('',(#4296),#4313,.T.);
#4296 = FACE_BOUND('',#4297,.T.);
#4297 = EDGE_LOOP('',(#4298,#4306,#4307));
#4298 = ORIENTED_EDGE('',*,*,#4299,.T.);
#4299 = EDGE_CURVE('',#4300,#4116,#4302,.T.);
#4300 = VERTEX_POINT('',#4301);
#4301 = CARTESIAN_POINT('',(-0.40000000596,-5.300000190735,
    0.699999988079));
#4302 = LINE('',#4303,#4304);
#4303 = CARTESIAN_POINT('',(-0.40000000596,-5.300000190735,
    0.699999988079));
#4304 = VECTOR('',#4305,1.);
#4305 = DIRECTION('',(0.995908612209,-9.036612267448E-02,0.));
#4306 = ORIENTED_EDGE('',*,*,#4276,.F.);
#4307 = ORIENTED_EDGE('',*,*,#4308,.T.);
#4308 = EDGE_CURVE('',#4277,#4300,#4309,.T.);
#4309 = LINE('',#4310,#4311);
#4310 = CARTESIAN_POINT('',(-0.40000000596,-5.099999904633,
    0.699999988079));
#4311 = VECTOR('',#4312,1.);
#4312 = DIRECTION('',(0.,-1.,0.));
#4313 = PLANE('',#4314);
#4314 = AXIS2_PLACEMENT_3D('',#4315,#4316,#4317);
#4315 = CARTESIAN_POINT('',(0.332910131272,-5.313072099545,
    0.699999988079));
#4316 = DIRECTION('',(0.,0.,1.));
#4317 = DIRECTION('',(1.,0.,-0.));
#4318 = ADVANCED_FACE('',(#4319),#4336,.T.);
#4319 = FACE_BOUND('',#4320,.T.);
#4320 = EDGE_LOOP('',(#4321,#4322,#4330));
#4321 = ORIENTED_EDGE('',*,*,#4299,.F.);
#4322 = ORIENTED_EDGE('',*,*,#4323,.T.);
#4323 = EDGE_CURVE('',#4300,#4324,#4326,.T.);
#4324 = VERTEX_POINT('',#4325);
#4325 = CARTESIAN_POINT('',(-0.396961539984,-5.334729671478,
    0.699999988079));
#4326 = LINE('',#4327,#4328);
#4327 = CARTESIAN_POINT('',(-0.40000000596,-5.300000190735,
    0.699999988079));
#4328 = VECTOR('',#4329,1.);
#4329 = DIRECTION('',(8.715660020257E-02,-0.996194623074,0.));
#4330 = ORIENTED_EDGE('',*,*,#4331,.T.);
#4331 = EDGE_CURVE('',#4324,#4116,#4332,.T.);
#4332 = LINE('',#4333,#4334);
#4333 = CARTESIAN_POINT('',(-0.396961539984,-5.334729671478,
    0.699999988079));
#4334 = VECTOR('',#4335,1.);
#4335 = DIRECTION('',(0.997656090082,-6.842752313149E-02,0.));
#4336 = PLANE('',#4337);
#4337 = AXIS2_PLACEMENT_3D('',#4338,#4339,#4340);
#4338 = CARTESIAN_POINT('',(0.371455932965,-5.378692790912,
    0.699999988079));
#4339 = DIRECTION('',(0.,0.,1.));
#4340 = DIRECTION('',(1.,0.,-0.));
#4341 = ADVANCED_FACE('',(#4342),#4359,.T.);
#4342 = FACE_BOUND('',#4343,.T.);
#4343 = EDGE_LOOP('',(#4344,#4352,#4353));
#4344 = ORIENTED_EDGE('',*,*,#4345,.T.);
#4345 = EDGE_CURVE('',#4346,#4116,#4348,.T.);
#4346 = VERTEX_POINT('',#4347);
#4347 = CARTESIAN_POINT('',(-0.387938529253,-5.368403911591,
    0.699999988079));
#4348 = LINE('',#4349,#4350);
#4349 = CARTESIAN_POINT('',(-0.387938529253,-5.368403911591,
    0.699999988079));
#4350 = VECTOR('',#4351,1.);
#4351 = DIRECTION('',(0.998887268864,-4.716168042962E-02,0.));
#4352 = ORIENTED_EDGE('',*,*,#4331,.F.);
#4353 = ORIENTED_EDGE('',*,*,#4354,.T.);
#4354 = EDGE_CURVE('',#4324,#4346,#4355,.T.);
#4355 = LINE('',#4356,#4357);
#4356 = CARTESIAN_POINT('',(-0.396961539984,-5.334729671478,
    0.699999988079));
#4357 = VECTOR('',#4358,1.);
#4358 = DIRECTION('',(0.258819721854,-0.965925644954,0.));
#4359 = PLANE('',#4360);
#4360 = AXIS2_PLACEMENT_3D('',#4361,#4362,#4363);
#4361 = CARTESIAN_POINT('',(0.374452508543,-5.395966355298,
    0.699999988079));
#4362 = DIRECTION('',(0.,0.,1.));
#4363 = DIRECTION('',(1.,0.,-0.));
#4364 = ADVANCED_FACE('',(#4365),#4382,.T.);
#4365 = FACE_BOUND('',#4366,.T.);
#4366 = EDGE_LOOP('',(#4367,#4375,#4376));
#4367 = ORIENTED_EDGE('',*,*,#4368,.T.);
#4368 = EDGE_CURVE('',#4369,#4116,#4371,.T.);
#4369 = VERTEX_POINT('',#4370);
#4370 = CARTESIAN_POINT('',(-0.37320509553,-5.400000095367,
    0.699999988079));
#4371 = LINE('',#4372,#4373);
#4372 = CARTESIAN_POINT('',(-0.37320509553,-5.400000095367,
    0.699999988079));
#4373 = VECTOR('',#4374,1.);
#4374 = DIRECTION('',(0.999634584613,-2.703141219906E-02,0.));
#4375 = ORIENTED_EDGE('',*,*,#4345,.F.);
#4376 = ORIENTED_EDGE('',*,*,#4377,.T.);
#4377 = EDGE_CURVE('',#4346,#4369,#4378,.T.);
#4378 = LINE('',#4379,#4380);
#4379 = CARTESIAN_POINT('',(-0.387938529253,-5.368403911591,
    0.699999988079));
#4380 = VECTOR('',#4381,1.);
#4381 = DIRECTION('',(0.422615699716,-0.906308981724,0.));
#4382 = PLANE('',#4383);
#4383 = AXIS2_PLACEMENT_3D('',#4384,#4385,#4386);
#4384 = CARTESIAN_POINT('',(0.380372911186,-5.412451302962,
    0.699999988079));
#4385 = DIRECTION('',(0.,0.,1.));
#4386 = DIRECTION('',(1.,0.,-0.));
#4387 = ADVANCED_FACE('',(#4388),#4405,.T.);
#4388 = FACE_BOUND('',#4389,.T.);
#4389 = EDGE_LOOP('',(#4390,#4391,#4399));
#4390 = ORIENTED_EDGE('',*,*,#4368,.F.);
#4391 = ORIENTED_EDGE('',*,*,#4392,.T.);
#4392 = EDGE_CURVE('',#4369,#4393,#4395,.T.);
#4393 = VERTEX_POINT('',#4394);
#4394 = CARTESIAN_POINT('',(-0.353208899498,-5.428557395935,
    0.699999988079));
#4395 = LINE('',#4396,#4397);
#4396 = CARTESIAN_POINT('',(-0.37320509553,-5.400000095367,
    0.699999988079));
#4397 = VECTOR('',#4398,1.);
#4398 = DIRECTION('',(0.573579494843,-0.819149902701,0.));
#4399 = ORIENTED_EDGE('',*,*,#4400,.T.);
#4400 = EDGE_CURVE('',#4393,#4116,#4401,.T.);
#4401 = LINE('',#4402,#4403);
#4402 = CARTESIAN_POINT('',(-0.353208899498,-5.428557395935,
    0.699999988079));
#4403 = VECTOR('',#4404,1.);
#4404 = DIRECTION('',(0.999963798665,-8.508898815929E-03,0.));
#4405 = PLANE('',#4406);
#4406 = AXIS2_PLACEMENT_3D('',#4407,#4408,#4409);
#4407 = CARTESIAN_POINT('',(0.389037423739,-5.427648930842,
    0.699999988079));
#4408 = DIRECTION('',(0.,0.,1.));
#4409 = DIRECTION('',(1.,0.,-0.));
#4410 = ADVANCED_FACE('',(#4411),#4428,.T.);
#4411 = FACE_BOUND('',#4412,.T.);
#4412 = EDGE_LOOP('',(#4413,#4421,#4422));
#4413 = ORIENTED_EDGE('',*,*,#4414,.T.);
#4414 = EDGE_CURVE('',#4415,#4116,#4417,.T.);
#4415 = VERTEX_POINT('',#4416);
#4416 = CARTESIAN_POINT('',(-0.328557521105,-5.45320892334,
    0.699999988079));
#4417 = LINE('',#4418,#4419);
#4418 = CARTESIAN_POINT('',(-0.328557521105,-5.45320892334,
    0.699999988079));
#4419 = VECTOR('',#4420,1.);
#4420 = DIRECTION('',(0.999968588752,7.926002101987E-03,0.));
#4421 = ORIENTED_EDGE('',*,*,#4400,.F.);
#4422 = ORIENTED_EDGE('',*,*,#4423,.T.);
#4423 = EDGE_CURVE('',#4393,#4415,#4424,.T.);
#4424 = LINE('',#4425,#4426);
#4425 = CARTESIAN_POINT('',(-0.353208899498,-5.428557395935,
    0.699999988079));
#4426 = VECTOR('',#4427,1.);
#4427 = DIRECTION('',(0.707104644045,-0.707108918321,0.));
#4428 = PLANE('',#4429);
#4429 = AXIS2_PLACEMENT_3D('',#4430,#4431,#4432);
#4430 = CARTESIAN_POINT('',(0.400182458201,-5.441099149311,
    0.699999988079));
#4431 = DIRECTION('',(0.,0.,1.));
#4432 = DIRECTION('',(1.,0.,-0.));
#4433 = ADVANCED_FACE('',(#4434),#4451,.T.);
#4434 = FACE_BOUND('',#4435,.T.);
#4435 = EDGE_LOOP('',(#4436,#4444,#4445));
#4436 = ORIENTED_EDGE('',*,*,#4437,.T.);
#4437 = EDGE_CURVE('',#4438,#4116,#4440,.T.);
#4438 = VERTEX_POINT('',#4439);
#4439 = CARTESIAN_POINT('',(1.134714365005,-5.461803436279,
    0.699999988079));
#4440 = LINE('',#4441,#4442);
#4441 = CARTESIAN_POINT('',(1.134714365005,-5.461803436279,
    0.699999988079));
#4442 = VECTOR('',#4443,1.);
#4443 = DIRECTION('',(0.760407286688,0.649446501532,0.));
#4444 = ORIENTED_EDGE('',*,*,#4414,.F.);
#4445 = ORIENTED_EDGE('',*,*,#4446,.T.);
#4446 = EDGE_CURVE('',#4415,#4438,#4447,.T.);
#4447 = LINE('',#4448,#4449);
#4448 = CARTESIAN_POINT('',(-0.328557521105,-5.45320892334,
    0.699999988079));
#4449 = VECTOR('',#4450,1.);
#4450 = DIRECTION('',(0.999982751503,-5.873388793022E-03,0.));
#4451 = PLANE('',#4452);
#4452 = AXIS2_PLACEMENT_3D('',#4453,#4454,#4455);
#4453 = CARTESIAN_POINT('',(0.4168553977,-5.452361480222,0.699999988079)
  );
#4454 = DIRECTION('',(0.,0.,1.));
#4455 = DIRECTION('',(1.,0.,-0.));
#4456 = ADVANCED_FACE('',(#4457),#4474,.T.);
#4457 = FACE_BOUND('',#4458,.T.);
#4458 = EDGE_LOOP('',(#4459,#4467,#4468));
#4459 = ORIENTED_EDGE('',*,*,#4460,.T.);
#4460 = EDGE_CURVE('',#4461,#4438,#4463,.T.);
#4461 = VERTEX_POINT('',#4462);
#4462 = CARTESIAN_POINT('',(-0.300000011921,-5.473205089569,
    0.699999988079));
#4463 = LINE('',#4464,#4465);
#4464 = CARTESIAN_POINT('',(-0.300000011921,-5.473205089569,
    0.699999988079));
#4465 = VECTOR('',#4466,1.);
#4466 = DIRECTION('',(0.999968424212,7.946733828677E-03,0.));
#4467 = ORIENTED_EDGE('',*,*,#4446,.F.);
#4468 = ORIENTED_EDGE('',*,*,#4469,.T.);
#4469 = EDGE_CURVE('',#4415,#4461,#4470,.T.);
#4470 = LINE('',#4471,#4472);
#4471 = CARTESIAN_POINT('',(-0.328557521105,-5.45320892334,
    0.699999988079));
#4472 = VECTOR('',#4473,1.);
#4473 = DIRECTION('',(0.819152273048,-0.573576109649,0.));
#4474 = PLANE('',#4475);
#4475 = AXIS2_PLACEMENT_3D('',#4476,#4477,#4478);
#4476 = CARTESIAN_POINT('',(0.401536572421,-5.462464922249,
    0.699999988079));
#4477 = DIRECTION('',(0.,0.,1.));
#4478 = DIRECTION('',(1.,0.,-0.));
#4479 = ADVANCED_FACE('',(#4480),#4497,.T.);
#4480 = FACE_BOUND('',#4481,.T.);
#4481 = EDGE_LOOP('',(#4482,#4490,#4491));
#4482 = ORIENTED_EDGE('',*,*,#4483,.T.);
#4483 = EDGE_CURVE('',#4484,#4438,#4486,.T.);
#4484 = VERTEX_POINT('',#4485);
#4485 = CARTESIAN_POINT('',(1.107955336571,-5.478201389313,
    0.699999988079));
#4486 = LINE('',#4487,#4488);
#4487 = CARTESIAN_POINT('',(1.107955336571,-5.478201389313,
    0.699999988079));
#4488 = VECTOR('',#4489,1.);
#4489 = DIRECTION('',(0.852640174024,0.522498548935,0.));
#4490 = ORIENTED_EDGE('',*,*,#4460,.F.);
#4491 = ORIENTED_EDGE('',*,*,#4492,.T.);
#4492 = EDGE_CURVE('',#4461,#4484,#4493,.T.);
#4493 = LINE('',#4494,#4495);
#4494 = CARTESIAN_POINT('',(-0.300000011921,-5.473205089569,
    0.699999988079));
#4495 = VECTOR('',#4496,1.);
#4496 = DIRECTION('',(0.999993703704,-3.548598533913E-03,0.));
#4497 = PLANE('',#4498);
#4498 = AXIS2_PLACEMENT_3D('',#4499,#4500,#4501);
#4499 = CARTESIAN_POINT('',(0.418489899459,-5.471548045658,
    0.699999988079));
#4500 = DIRECTION('',(0.,0.,1.));
#4501 = DIRECTION('',(1.,0.,-0.));
#4502 = ADVANCED_FACE('',(#4503),#4520,.T.);
#4503 = FACE_BOUND('',#4504,.T.);
#4504 = EDGE_LOOP('',(#4505,#4513,#4514));
#4505 = ORIENTED_EDGE('',*,*,#4506,.T.);
#4506 = EDGE_CURVE('',#4507,#4484,#4509,.T.);
#4507 = VERTEX_POINT('',#4508);
#4508 = CARTESIAN_POINT('',(-0.26840403676,-5.487938404083,
    0.699999988079));
#4509 = LINE('',#4510,#4511);
#4510 = CARTESIAN_POINT('',(-0.26840403676,-5.487938404083,
    0.699999988079));
#4511 = VECTOR('',#4512,1.);
#4512 = DIRECTION('',(0.999974976868,7.074294191302E-03,0.));
#4513 = ORIENTED_EDGE('',*,*,#4492,.F.);
#4514 = ORIENTED_EDGE('',*,*,#4515,.T.);
#4515 = EDGE_CURVE('',#4461,#4507,#4516,.T.);
#4516 = LINE('',#4517,#4518);
#4517 = CARTESIAN_POINT('',(-0.300000011921,-5.473205089569,
    0.699999988079));
#4518 = VECTOR('',#4519,1.);
#4519 = DIRECTION('',(0.906309222669,-0.422615183003,0.));
#4520 = PLANE('',#4521);
#4521 = AXIS2_PLACEMENT_3D('',#4522,#4523,#4524);
#4522 = CARTESIAN_POINT('',(0.4031805493,-5.479359976973,0.699999988079)
  );
#4523 = DIRECTION('',(0.,0.,1.));
#4524 = DIRECTION('',(1.,0.,-0.));
#4525 = ADVANCED_FACE('',(#4526),#4543,.T.);
#4526 = FACE_BOUND('',#4527,.T.);
#4527 = EDGE_LOOP('',(#4528,#4536,#4537));
#4528 = ORIENTED_EDGE('',*,*,#4529,.T.);
#4529 = EDGE_CURVE('',#4530,#4484,#4532,.T.);
#4530 = VERTEX_POINT('',#4531);
#4531 = CARTESIAN_POINT('',(1.07896065712,-5.490211486816,0.699999988079
    ));
#4532 = LINE('',#4533,#4534);
#4533 = CARTESIAN_POINT('',(1.07896065712,-5.490211486816,0.699999988079
    ));
#4534 = VECTOR('',#4535,1.);
#4535 = DIRECTION('',(0.923878315397,0.382686370725,0.));
#4536 = ORIENTED_EDGE('',*,*,#4506,.F.);
#4537 = ORIENTED_EDGE('',*,*,#4538,.T.);
#4538 = EDGE_CURVE('',#4507,#4530,#4539,.T.);
#4539 = LINE('',#4540,#4541);
#4540 = CARTESIAN_POINT('',(-0.26840403676,-5.487938404083,
    0.699999988079));
#4541 = VECTOR('',#4542,1.);
#4542 = DIRECTION('',(0.99999857692,-1.687055857038E-03,0.));
#4543 = PLANE('',#4544);
#4544 = AXIS2_PLACEMENT_3D('',#4545,#4546,#4547);
#4545 = CARTESIAN_POINT('',(0.420359787663,-5.486019532277,
    0.699999988079));
#4546 = DIRECTION('',(0.,0.,1.));
#4547 = DIRECTION('',(1.,0.,-0.));
#4548 = ADVANCED_FACE('',(#4549),#4566,.T.);
#4549 = FACE_BOUND('',#4550,.T.);
#4550 = EDGE_LOOP('',(#4551,#4559,#4560));
#4551 = ORIENTED_EDGE('',*,*,#4552,.T.);
#4552 = EDGE_CURVE('',#4553,#4530,#4555,.T.);
#4553 = VERTEX_POINT('',#4554);
#4554 = CARTESIAN_POINT('',(-0.234729632735,-5.496961593628,
    0.699999988079));
#4555 = LINE('',#4556,#4557);
#4556 = CARTESIAN_POINT('',(-0.234729632735,-5.496961593628,
    0.699999988079));
#4557 = VECTOR('',#4558,1.);
#4558 = DIRECTION('',(0.999986799307,5.138210853476E-03,0.));
#4559 = ORIENTED_EDGE('',*,*,#4538,.F.);
#4560 = ORIENTED_EDGE('',*,*,#4561,.T.);
#4561 = EDGE_CURVE('',#4507,#4553,#4562,.T.);
#4562 = LINE('',#4563,#4564);
#4563 = CARTESIAN_POINT('',(-0.26840403676,-5.487938404083,
    0.699999988079));
#4564 = VECTOR('',#4565,1.);
#4565 = DIRECTION('',(0.965924677615,-0.258823331974,0.));
#4566 = PLANE('',#4567);
#4567 = AXIS2_PLACEMENT_3D('',#4568,#4569,#4570);
#4568 = CARTESIAN_POINT('',(0.404988984217,-5.491317052624,
    0.699999988079));
#4569 = DIRECTION('',(0.,0.,1.));
#4570 = DIRECTION('',(1.,0.,-0.));
#4571 = ADVANCED_FACE('',(#4572),#4589,.T.);
#4572 = FACE_BOUND('',#4573,.T.);
#4573 = EDGE_LOOP('',(#4574,#4582,#4583));
#4574 = ORIENTED_EDGE('',*,*,#4575,.T.);
#4575 = EDGE_CURVE('',#4576,#4530,#4578,.T.);
#4576 = VERTEX_POINT('',#4577);
#4577 = CARTESIAN_POINT('',(1.048444151878,-5.497537612915,
    0.699999988079));
#4578 = LINE('',#4579,#4580);
#4579 = CARTESIAN_POINT('',(1.048444151878,-5.497537612915,
    0.699999988079));
#4580 = VECTOR('',#4581,1.);
#4581 = DIRECTION('',(0.972371646229,0.233438175134,0.));
#4582 = ORIENTED_EDGE('',*,*,#4552,.F.);
#4583 = ORIENTED_EDGE('',*,*,#4584,.T.);
#4584 = EDGE_CURVE('',#4553,#4576,#4585,.T.);
#4585 = LINE('',#4586,#4587);
#4586 = CARTESIAN_POINT('',(-0.234729632735,-5.496961593628,
    0.699999988079));
#4587 = VECTOR('',#4588,1.);
#4588 = DIRECTION('',(0.999999899244,-4.489019616662E-04,0.));
#4589 = PLANE('',#4590);
#4590 = AXIS2_PLACEMENT_3D('',#4591,#4592,#4593);
#4591 = CARTESIAN_POINT('',(0.422327173896,-5.495378363153,
    0.699999988079));
#4592 = DIRECTION('',(0.,0.,1.));
#4593 = DIRECTION('',(1.,0.,-0.));
#4594 = ADVANCED_FACE('',(#4595),#4612,.T.);
#4595 = FACE_BOUND('',#4596,.T.);
#4596 = EDGE_LOOP('',(#4597,#4605,#4606));
#4597 = ORIENTED_EDGE('',*,*,#4598,.T.);
#4598 = EDGE_CURVE('',#4599,#4576,#4601,.T.);
#4599 = VERTEX_POINT('',#4600);
#4600 = CARTESIAN_POINT('',(-0.20000000298,-5.5,0.699999988079));
#4601 = LINE('',#4602,#4603);
#4602 = CARTESIAN_POINT('',(-0.20000000298,-5.5,0.699999988079));
#4603 = VECTOR('',#4604,1.);
#4604 = DIRECTION('',(0.999998054895,1.972360786644E-03,0.));
#4605 = ORIENTED_EDGE('',*,*,#4584,.F.);
#4606 = ORIENTED_EDGE('',*,*,#4607,.T.);
#4607 = EDGE_CURVE('',#4553,#4599,#4608,.T.);
#4608 = LINE('',#4609,#4610);
#4609 = CARTESIAN_POINT('',(-0.234729632735,-5.496961593628,
    0.699999988079));
#4610 = VECTOR('',#4611,1.);
#4611 = DIRECTION('',(0.996194803986,-8.715453235772E-02,0.));
#4612 = PLANE('',#4613);
#4613 = AXIS2_PLACEMENT_3D('',#4614,#4615,#4616);
#4614 = CARTESIAN_POINT('',(0.406825010852,-5.498005332576,
    0.699999988079));
#4615 = DIRECTION('',(0.,0.,1.));
#4616 = DIRECTION('',(1.,0.,-0.));
#4617 = ADVANCED_FACE('',(#4618),#4635,.T.);
#4618 = FACE_BOUND('',#4619,.T.);
#4619 = EDGE_LOOP('',(#4620,#4628,#4629));
#4620 = ORIENTED_EDGE('',*,*,#4621,.T.);
#4621 = EDGE_CURVE('',#4622,#4576,#4624,.T.);
#4622 = VERTEX_POINT('',#4623);
#4623 = CARTESIAN_POINT('',(1.017157316208,-5.5,0.699999988079));
#4624 = LINE('',#4625,#4626);
#4625 = CARTESIAN_POINT('',(1.017157316208,-5.5,0.699999988079));
#4626 = VECTOR('',#4627,1.);
#4627 = DIRECTION('',(0.9969171849,7.846098681018E-02,0.));
#4628 = ORIENTED_EDGE('',*,*,#4598,.F.);
#4629 = ORIENTED_EDGE('',*,*,#4630,.T.);
#4630 = EDGE_CURVE('',#4599,#4622,#4631,.T.);
#4631 = LINE('',#4632,#4633);
#4632 = CARTESIAN_POINT('',(-0.20000000298,-5.5,0.699999988079));
#4633 = VECTOR('',#4634,1.);
#4634 = DIRECTION('',(1.,0.,0.));
#4635 = PLANE('',#4636);
#4636 = AXIS2_PLACEMENT_3D('',#4637,#4638,#4639);
#4637 = CARTESIAN_POINT('',(0.424245654807,-5.499368952129,
    0.699999988079));
#4638 = DIRECTION('',(0.,0.,1.));
#4639 = DIRECTION('',(1.,0.,-0.));
#4640 = ADVANCED_FACE('',(#4641),#4658,.T.);
#4641 = FACE_BOUND('',#4642,.T.);
#4642 = EDGE_LOOP('',(#4643,#4651,#4652));
#4643 = ORIENTED_EDGE('',*,*,#4644,.T.);
#4644 = EDGE_CURVE('',#4645,#3272,#4647,.T.);
#4645 = VERTEX_POINT('',#4646);
#4646 = CARTESIAN_POINT('',(7.5,4.400000095367,0.699999988079));
#4647 = LINE('',#4648,#4649);
#4648 = CARTESIAN_POINT('',(7.5,4.400000095367,0.699999988079));
#4649 = VECTOR('',#4650,1.);
#4650 = DIRECTION('',(-0.707106781187,0.707106781187,0.));
#4651 = ORIENTED_EDGE('',*,*,#3422,.F.);
#4652 = ORIENTED_EDGE('',*,*,#4653,.T.);
#4653 = EDGE_CURVE('',#3423,#4645,#4654,.T.);
#4654 = LINE('',#4655,#4656);
#4655 = CARTESIAN_POINT('',(2.451555728912,-4.20246219635,0.699999988079
    ));
#4656 = VECTOR('',#4657,1.);
#4657 = DIRECTION('',(0.5061388952,0.862451980557,0.));
#4658 = PLANE('',#4659);
#4659 = AXIS2_PLACEMENT_3D('',#4660,#4661,#4662);
#4660 = CARTESIAN_POINT('',(4.853527388048,0.703538375897,0.699999988079
    ));
#4661 = DIRECTION('',(0.,0.,1.));
#4662 = DIRECTION('',(1.,0.,-0.));
#4663 = ADVANCED_FACE('',(#4664),#4681,.T.);
#4664 = FACE_BOUND('',#4665,.T.);
#4665 = EDGE_LOOP('',(#4666,#4674,#4675));
#4666 = ORIENTED_EDGE('',*,*,#4667,.T.);
#4667 = EDGE_CURVE('',#4668,#4645,#4670,.T.);
#4668 = VERTEX_POINT('',#4669);
#4669 = CARTESIAN_POINT('',(2.482842683792,-4.199999809265,
    0.699999988079));
#4670 = LINE('',#4671,#4672);
#4671 = CARTESIAN_POINT('',(2.482842683792,-4.199999809265,
    0.699999988079));
#4672 = VECTOR('',#4673,1.);
#4673 = DIRECTION('',(0.503907797231,0.863757449687,0.));
#4674 = ORIENTED_EDGE('',*,*,#4653,.F.);
#4675 = ORIENTED_EDGE('',*,*,#4676,.T.);
#4676 = EDGE_CURVE('',#3423,#4668,#4677,.T.);
#4677 = LINE('',#4678,#4679);
#4678 = CARTESIAN_POINT('',(2.451555728912,-4.20246219635,0.699999988079
    ));
#4679 = VECTOR('',#4680,1.);
#4680 = DIRECTION('',(0.996917208284,7.846068969917E-02,0.));
#4681 = PLANE('',#4682);
#4682 = AXIS2_PLACEMENT_3D('',#4683,#4684,#4685);
#4683 = CARTESIAN_POINT('',(4.979636425067,9.262278864855E-02,
    0.699999988079));
#4684 = DIRECTION('',(0.,0.,1.));
#4685 = DIRECTION('',(1.,0.,-0.));
#4686 = ADVANCED_FACE('',(#4687),#4704,.T.);
#4687 = FACE_BOUND('',#4688,.T.);
#4688 = EDGE_LOOP('',(#4689,#4697,#4698));
#4689 = ORIENTED_EDGE('',*,*,#4690,.T.);
#4690 = EDGE_CURVE('',#4691,#4645,#4693,.T.);
#4691 = VERTEX_POINT('',#4692);
#4692 = CARTESIAN_POINT('',(7.5,-3.099999904633,0.699999988079));
#4693 = LINE('',#4694,#4695);
#4694 = CARTESIAN_POINT('',(7.5,-3.099999904633,0.699999988079));
#4695 = VECTOR('',#4696,1.);
#4696 = DIRECTION('',(0.,1.,0.));
#4697 = ORIENTED_EDGE('',*,*,#4667,.F.);
#4698 = ORIENTED_EDGE('',*,*,#4699,.T.);
#4699 = EDGE_CURVE('',#4668,#4691,#4700,.T.);
#4700 = LINE('',#4701,#4702);
#4701 = CARTESIAN_POINT('',(2.482842683792,-4.199999809265,
    0.699999988079));
#4702 = VECTOR('',#4703,1.);
#4703 = DIRECTION('',(0.976798429895,0.2141607512,0.));
#4704 = PLANE('',#4705);
#4705 = AXIS2_PLACEMENT_3D('',#4706,#4707,#4708);
#4706 = CARTESIAN_POINT('',(5.824178572448,-0.569957236549,
    0.699999988079));
#4707 = DIRECTION('',(0.,0.,1.));
#4708 = DIRECTION('',(1.,0.,-0.));
#4709 = ADVANCED_FACE('',(#4710),#4727,.T.);
#4710 = FACE_BOUND('',#4711,.T.);
#4711 = EDGE_LOOP('',(#4712,#4720,#4721));
#4712 = ORIENTED_EDGE('',*,*,#4713,.T.);
#4713 = EDGE_CURVE('',#4714,#4691,#4716,.T.);
#4714 = VERTEX_POINT('',#4715);
#4715 = CARTESIAN_POINT('',(6.400000095367,-4.199999809265,
    0.699999988079));
#4716 = LINE('',#4717,#4718);
#4717 = CARTESIAN_POINT('',(6.400000095367,-4.199999809265,
    0.699999988079));
#4718 = VECTOR('',#4719,1.);
#4719 = DIRECTION('',(0.707106781187,0.707106781187,0.));
#4720 = ORIENTED_EDGE('',*,*,#4699,.F.);
#4721 = ORIENTED_EDGE('',*,*,#4722,.T.);
#4722 = EDGE_CURVE('',#4668,#4714,#4723,.T.);
#4723 = LINE('',#4724,#4725);
#4724 = CARTESIAN_POINT('',(2.482842683792,-4.199999809265,
    0.699999988079));
#4725 = VECTOR('',#4726,1.);
#4726 = DIRECTION('',(1.,0.,0.));
#4727 = PLANE('',#4728);
#4728 = AXIS2_PLACEMENT_3D('',#4729,#4730,#4731);
#4729 = CARTESIAN_POINT('',(5.075537341999,-3.85307384521,0.699999988079
    ));
#4730 = DIRECTION('',(0.,0.,1.));
#4731 = DIRECTION('',(1.,0.,-0.));
#4732 = ADVANCED_FACE('',(#4733),#4750,.T.);
#4733 = FACE_BOUND('',#4734,.T.);
#4734 = EDGE_LOOP('',(#4735,#4743,#4744));
#4735 = ORIENTED_EDGE('',*,*,#4736,.T.);
#4736 = EDGE_CURVE('',#4737,#4691,#4739,.T.);
#4737 = VERTEX_POINT('',#4738);
#4738 = CARTESIAN_POINT('',(7.496609210968,-3.186305046082,
    0.699999988079));
#4739 = LINE('',#4740,#4741);
#4740 = CARTESIAN_POINT('',(7.496609210968,-3.186305046082,
    0.699999988079));
#4741 = VECTOR('',#4742,1.);
#4742 = DIRECTION('',(3.925809087884E-02,0.99922910401,0.));
#4743 = ORIENTED_EDGE('',*,*,#4713,.F.);
#4744 = ORIENTED_EDGE('',*,*,#4745,.T.);
#4745 = EDGE_CURVE('',#4714,#4737,#4746,.T.);
#4746 = LINE('',#4747,#4748);
#4747 = CARTESIAN_POINT('',(6.400000095367,-4.199999809265,
    0.699999988079));
#4748 = VECTOR('',#4749,1.);
#4749 = DIRECTION('',(0.734322601674,0.67880064575,0.));
#4750 = PLANE('',#4751);
#4751 = AXIS2_PLACEMENT_3D('',#4752,#4753,#4754);
#4752 = CARTESIAN_POINT('',(6.964296989286,-3.65659082352,0.699999988079
    ));
#4753 = DIRECTION('',(0.,0.,1.));
#4754 = DIRECTION('',(1.,0.,-0.));
#4755 = ADVANCED_FACE('',(#4756),#4773,.T.);
#4756 = FACE_BOUND('',#4757,.T.);
#4757 = EDGE_LOOP('',(#4758,#4766,#4767));
#4758 = ORIENTED_EDGE('',*,*,#4759,.T.);
#4759 = EDGE_CURVE('',#4760,#4737,#4762,.T.);
#4760 = VERTEX_POINT('',#4761);
#4761 = CARTESIAN_POINT('',(7.48645734787,-3.272077798843,0.699999988079
    ));
#4762 = LINE('',#4763,#4764);
#4763 = CARTESIAN_POINT('',(7.48645734787,-3.272077798843,0.699999988079
    ));
#4764 = VECTOR('',#4765,1.);
#4765 = DIRECTION('',(0.117537269715,0.993068472074,0.));
#4766 = ORIENTED_EDGE('',*,*,#4745,.F.);
#4767 = ORIENTED_EDGE('',*,*,#4768,.T.);
#4768 = EDGE_CURVE('',#4714,#4760,#4769,.T.);
#4769 = LINE('',#4770,#4771);
#4770 = CARTESIAN_POINT('',(6.400000095367,-4.199999809265,
    0.699999988079));
#4771 = VECTOR('',#4772,1.);
#4772 = DIRECTION('',(0.760406015553,0.649447989843,0.));
#4773 = PLANE('',#4774);
#4774 = AXIS2_PLACEMENT_3D('',#4775,#4776,#4777);
#4775 = CARTESIAN_POINT('',(6.961489553739,-3.700199903417,
    0.699999988079));
#4776 = DIRECTION('',(0.,0.,1.));
#4777 = DIRECTION('',(1.,0.,-0.));
#4778 = ADVANCED_FACE('',(#4779),#4796,.T.);
#4779 = FACE_BOUND('',#4780,.T.);
#4780 = EDGE_LOOP('',(#4781,#4789,#4790));
#4781 = ORIENTED_EDGE('',*,*,#4782,.T.);
#4782 = EDGE_CURVE('',#4783,#4760,#4785,.T.);
#4783 = VERTEX_POINT('',#4784);
#4784 = CARTESIAN_POINT('',(7.469606876373,-3.356789827347,
    0.699999988079));
#4785 = LINE('',#4786,#4787);
#4786 = CARTESIAN_POINT('',(7.469606876373,-3.356789827347,
    0.699999988079));
#4787 = VECTOR('',#4788,1.);
#4788 = DIRECTION('',(0.195092564621,0.980784834319,0.));
#4789 = ORIENTED_EDGE('',*,*,#4768,.F.);
#4790 = ORIENTED_EDGE('',*,*,#4791,.T.);
#4791 = EDGE_CURVE('',#4714,#4783,#4792,.T.);
#4792 = LINE('',#4793,#4794);
#4793 = CARTESIAN_POINT('',(6.400000095367,-4.199999809265,
    0.699999988079));
#4794 = VECTOR('',#4795,1.);
#4795 = DIRECTION('',(0.78531693596,0.619093942867,0.));
#4796 = PLANE('',#4797);
#4797 = AXIS2_PLACEMENT_3D('',#4798,#4799,#4800);
#4798 = CARTESIAN_POINT('',(6.955294992299,-3.743433043281,
    0.699999988079));
#4799 = DIRECTION('',(0.,0.,1.));
#4800 = DIRECTION('',(1.,0.,-0.));
#4801 = ADVANCED_FACE('',(#4802),#4819,.T.);
#4802 = FACE_BOUND('',#4803,.T.);
#4803 = EDGE_LOOP('',(#4804,#4812,#4813));
#4804 = ORIENTED_EDGE('',*,*,#4805,.T.);
#4805 = EDGE_CURVE('',#4806,#4783,#4808,.T.);
#4806 = VERTEX_POINT('',#4807);
#4807 = CARTESIAN_POINT('',(7.446162223816,-3.439918756485,
    0.699999988079));
#4808 = LINE('',#4809,#4810);
#4809 = CARTESIAN_POINT('',(7.446162223816,-3.439918756485,
    0.699999988079));
#4810 = VECTOR('',#4811,1.);
#4811 = DIRECTION('',(0.271439053609,0.962455630237,0.));
#4812 = ORIENTED_EDGE('',*,*,#4791,.F.);
#4813 = ORIENTED_EDGE('',*,*,#4814,.T.);
#4814 = EDGE_CURVE('',#4714,#4806,#4815,.T.);
#4815 = LINE('',#4816,#4817);
#4816 = CARTESIAN_POINT('',(6.400000095367,-4.199999809265,
    0.699999988079));
#4817 = VECTOR('',#4818,1.);
#4818 = DIRECTION('',(0.809017077015,0.587785138549,0.));
#4819 = PLANE('',#4820);
#4820 = AXIS2_PLACEMENT_3D('',#4821,#4822,#4823);
#4821 = CARTESIAN_POINT('',(6.945754016119,-3.786026902159,
    0.699999988079));
#4822 = DIRECTION('',(0.,0.,1.));
#4823 = DIRECTION('',(1.,0.,-0.));
#4824 = ADVANCED_FACE('',(#4825),#4842,.T.);
#4825 = FACE_BOUND('',#4826,.T.);
#4826 = EDGE_LOOP('',(#4827,#4835,#4836));
#4827 = ORIENTED_EDGE('',*,*,#4828,.T.);
#4828 = EDGE_CURVE('',#4829,#4806,#4831,.T.);
#4829 = VERTEX_POINT('',#4830);
#4830 = CARTESIAN_POINT('',(7.41626739502,-3.520951747894,0.699999988079
    ));
#4831 = LINE('',#4832,#4833);
#4832 = CARTESIAN_POINT('',(7.41626739502,-3.520951747894,0.699999988079
    ));
#4833 = VECTOR('',#4834,1.);
#4834 = DIRECTION('',(0.346118891203,0.938190659276,0.));
#4835 = ORIENTED_EDGE('',*,*,#4814,.F.);
#4836 = ORIENTED_EDGE('',*,*,#4837,.T.);
#4837 = EDGE_CURVE('',#4714,#4829,#4838,.T.);
#4838 = LINE('',#4839,#4840);
#4839 = CARTESIAN_POINT('',(6.400000095367,-4.199999809265,
    0.699999988079));
#4840 = VECTOR('',#4841,1.);
#4841 = DIRECTION('',(0.831469626919,0.555570211145,0.));
#4842 = PLANE('',#4843);
#4843 = AXIS2_PLACEMENT_3D('',#4844,#4845,#4846);
#4844 = CARTESIAN_POINT('',(6.932927887286,-3.827721832895,
    0.699999988079));
#4845 = DIRECTION('',(0.,0.,1.));
#4846 = DIRECTION('',(1.,0.,-0.));
#4847 = ADVANCED_FACE('',(#4848),#4865,.T.);
#4848 = FACE_BOUND('',#4849,.T.);
#4849 = EDGE_LOOP('',(#4850,#4858,#4859));
#4850 = ORIENTED_EDGE('',*,*,#4851,.T.);
#4851 = EDGE_CURVE('',#4852,#4829,#4854,.T.);
#4852 = VERTEX_POINT('',#4853);
#4853 = CARTESIAN_POINT('',(7.380107402802,-3.59938955307,0.699999988079
    ));
#4854 = LINE('',#4855,#4856);
#4855 = CARTESIAN_POINT('',(7.380107402802,-3.59938955307,0.699999988079
    ));
#4856 = VECTOR('',#4857,1.);
#4857 = DIRECTION('',(0.418656574497,0.908144632,0.));
#4858 = ORIENTED_EDGE('',*,*,#4837,.F.);
#4859 = ORIENTED_EDGE('',*,*,#4860,.T.);
#4860 = EDGE_CURVE('',#4714,#4852,#4861,.T.);
#4861 = LINE('',#4862,#4863);
#4862 = CARTESIAN_POINT('',(6.400000095367,-4.199999809265,
    0.699999988079));
#4863 = VECTOR('',#4864,1.);
#4864 = DIRECTION('',(0.852640270648,0.52249839126,0.));
#4865 = PLANE('',#4866);
#4866 = AXIS2_PLACEMENT_3D('',#4867,#4868,#4869);
#4867 = CARTESIAN_POINT('',(6.916898062171,-3.868263918837,
    0.699999988079));
#4868 = DIRECTION('',(0.,0.,1.));
#4869 = DIRECTION('',(1.,0.,-0.));
#4870 = ADVANCED_FACE('',(#4871),#4888,.T.);
#4871 = FACE_BOUND('',#4872,.T.);
#4872 = EDGE_LOOP('',(#4873,#4881,#4882));
#4873 = ORIENTED_EDGE('',*,*,#4874,.T.);
#4874 = EDGE_CURVE('',#4875,#4852,#4877,.T.);
#4875 = VERTEX_POINT('',#4876);
#4876 = CARTESIAN_POINT('',(7.33790397644,-3.674748420715,0.699999988079
    ));
#4877 = LINE('',#4878,#4879);
#4878 = CARTESIAN_POINT('',(7.33790397644,-3.674748420715,0.699999988079
    ));
#4879 = VECTOR('',#4880,1.);
#4880 = DIRECTION('',(0.488625055042,0.872493871374,0.));
#4881 = ORIENTED_EDGE('',*,*,#4860,.F.);
#4882 = ORIENTED_EDGE('',*,*,#4883,.T.);
#4883 = EDGE_CURVE('',#4714,#4875,#4884,.T.);
#4884 = LINE('',#4885,#4886);
#4885 = CARTESIAN_POINT('',(6.400000095367,-4.199999809265,
    0.699999988079));
#4886 = VECTOR('',#4887,1.);
#4887 = DIRECTION('',(0.872496015962,0.488621225625,0.));
#4888 = PLANE('',#4889);
#4889 = AXIS2_PLACEMENT_3D('',#4890,#4891,#4892);
#4890 = CARTESIAN_POINT('',(6.897765503327,-3.907406469257,
    0.699999988079));
#4891 = DIRECTION('',(0.,0.,1.));
#4892 = DIRECTION('',(1.,0.,-0.));
#4893 = ADVANCED_FACE('',(#4894),#4911,.T.);
#4894 = FACE_BOUND('',#4895,.T.);
#4895 = EDGE_LOOP('',(#4896,#4904,#4905));
#4896 = ORIENTED_EDGE('',*,*,#4897,.T.);
#4897 = EDGE_CURVE('',#4898,#4875,#4900,.T.);
#4898 = VERTEX_POINT('',#4899);
#4899 = CARTESIAN_POINT('',(7.289918899536,-3.746563673019,
    0.699999988079));
#4900 = LINE('',#4901,#4902);
#4901 = CARTESIAN_POINT('',(7.289918899536,-3.746563673019,
    0.699999988079));
#4902 = VECTOR('',#4903,1.);
#4903 = DIRECTION('',(0.555567507055,0.831471433727,0.));
#4904 = ORIENTED_EDGE('',*,*,#4883,.F.);
#4905 = ORIENTED_EDGE('',*,*,#4906,.T.);
#4906 = EDGE_CURVE('',#4714,#4898,#4907,.T.);
#4907 = LINE('',#4908,#4909);
#4908 = CARTESIAN_POINT('',(6.400000095367,-4.199999809265,
    0.699999988079));
#4909 = VECTOR('',#4910,1.);
#4910 = DIRECTION('',(0.891006581886,0.453990386502,0.));
#4911 = PLANE('',#4912);
#4912 = AXIS2_PLACEMENT_3D('',#4913,#4914,#4915);
#4913 = CARTESIAN_POINT('',(6.875650037506,-3.944911604951,
    0.699999988079));
#4914 = DIRECTION('',(0.,0.,1.));
#4915 = DIRECTION('',(1.,0.,-0.));
#4916 = ADVANCED_FACE('',(#4917),#4934,.T.);
#4917 = FACE_BOUND('',#4918,.T.);
#4918 = EDGE_LOOP('',(#4919,#4927,#4928));
#4919 = ORIENTED_EDGE('',*,*,#4920,.T.);
#4920 = EDGE_CURVE('',#4921,#4898,#4923,.T.);
#4921 = VERTEX_POINT('',#4922);
#4922 = CARTESIAN_POINT('',(7.236446380615,-3.814392805099,
    0.699999988079));
#4923 = LINE('',#4924,#4925);
#4924 = CARTESIAN_POINT('',(7.236446380615,-3.814392805099,
    0.699999988079));
#4925 = VECTOR('',#4926,1.);
#4926 = DIRECTION('',(0.619096396836,0.785315001401,0.));
#4927 = ORIENTED_EDGE('',*,*,#4906,.F.);
#4928 = ORIENTED_EDGE('',*,*,#4929,.T.);
#4929 = EDGE_CURVE('',#4714,#4921,#4930,.T.);
#4930 = LINE('',#4931,#4932);
#4931 = CARTESIAN_POINT('',(6.400000095367,-4.199999809265,
    0.699999988079));
#4932 = VECTOR('',#4933,1.);
#4933 = DIRECTION('',(0.908143180022,0.418659724095,0.));
#4934 = PLANE('',#4935);
#4935 = AXIS2_PLACEMENT_3D('',#4936,#4937,#4938);
#4936 = CARTESIAN_POINT('',(6.850690354176,-3.980551321652,
    0.699999988079));
#4937 = DIRECTION('',(0.,0.,1.));
#4938 = DIRECTION('',(1.,0.,-0.));
#4939 = ADVANCED_FACE('',(#4940),#4957,.T.);
#4940 = FACE_BOUND('',#4941,.T.);
#4941 = EDGE_LOOP('',(#4942,#4950,#4951));
#4942 = ORIENTED_EDGE('',*,*,#4943,.T.);
#4943 = EDGE_CURVE('',#4944,#4921,#4946,.T.);
#4944 = VERTEX_POINT('',#4945);
#4945 = CARTESIAN_POINT('',(7.177817344666,-3.877817392349,
    0.699999988079));
#4946 = LINE('',#4947,#4948);
#4947 = CARTESIAN_POINT('',(7.177817344666,-3.877817392349,
    0.699999988079));
#4948 = VECTOR('',#4949,1.);
#4949 = DIRECTION('',(0.678800436864,0.734322794766,0.));
#4950 = ORIENTED_EDGE('',*,*,#4929,.F.);
#4951 = ORIENTED_EDGE('',*,*,#4952,.T.);
#4952 = EDGE_CURVE('',#4714,#4944,#4953,.T.);
#4953 = LINE('',#4954,#4955);
#4954 = CARTESIAN_POINT('',(6.400000095367,-4.199999809265,
    0.699999988079));
#4955 = VECTOR('',#4956,1.);
#4956 = DIRECTION('',(0.923879547962,0.382683395065,0.));
#4957 = PLANE('',#4958);
#4958 = AXIS2_PLACEMENT_3D('',#4959,#4960,#4961);
#4959 = CARTESIAN_POINT('',(6.823041558577,-4.014109631417,
    0.699999988079));
#4960 = DIRECTION('',(0.,0.,1.));
#4961 = DIRECTION('',(1.,0.,-0.));
#4962 = ADVANCED_FACE('',(#4963),#4980,.T.);
#4963 = FACE_BOUND('',#4964,.T.);
#4964 = EDGE_LOOP('',(#4965,#4973,#4974));
#4965 = ORIENTED_EDGE('',*,*,#4966,.T.);
#4966 = EDGE_CURVE('',#4967,#4944,#4969,.T.);
#4967 = VERTEX_POINT('',#4968);
#4968 = CARTESIAN_POINT('',(7.114392757416,-3.936446666718,
    0.699999988079));
#4969 = LINE('',#4970,#4971);
#4970 = CARTESIAN_POINT('',(7.114392757416,-3.936446666718,
    0.699999988079));
#4971 = VECTOR('',#4972,1.);
#4972 = DIRECTION('',(0.73432141883,0.678801925341,0.));
#4973 = ORIENTED_EDGE('',*,*,#4952,.F.);
#4974 = ORIENTED_EDGE('',*,*,#4975,.T.);
#4975 = EDGE_CURVE('',#4714,#4967,#4976,.T.);
#4976 = LINE('',#4977,#4978);
#4977 = CARTESIAN_POINT('',(6.400000095367,-4.199999809265,
    0.699999988079));
#4978 = VECTOR('',#4979,1.);
#4979 = DIRECTION('',(0.938191431783,0.346116797237,0.));
#4980 = PLANE('',#4981);
#4981 = AXIS2_PLACEMENT_3D('',#4982,#4983,#4984);
#4982 = CARTESIAN_POINT('',(6.792876270284,-4.045383044743,
    0.699999988079));
#4983 = DIRECTION('',(0.,0.,1.));
#4984 = DIRECTION('',(1.,0.,-0.));
#4985 = ADVANCED_FACE('',(#4986),#5003,.T.);
#4986 = FACE_BOUND('',#4987,.T.);
#4987 = EDGE_LOOP('',(#4988,#4996,#4997));
#4988 = ORIENTED_EDGE('',*,*,#4989,.T.);
#4989 = EDGE_CURVE('',#4990,#4967,#4992,.T.);
#4990 = VERTEX_POINT('',#4991);
#4991 = CARTESIAN_POINT('',(7.046563625336,-3.989918708801,
    0.699999988079));
#4992 = LINE('',#4993,#4994);
#4993 = CARTESIAN_POINT('',(7.046563625336,-3.989918708801,
    0.699999988079));
#4994 = VECTOR('',#4995,1.);
#4995 = DIRECTION('',(0.78531768551,0.619092992066,0.));
#4996 = ORIENTED_EDGE('',*,*,#4975,.F.);
#4997 = ORIENTED_EDGE('',*,*,#4998,.T.);
#4998 = EDGE_CURVE('',#4714,#4990,#4999,.T.);
#4999 = LINE('',#5000,#5001);
#5000 = CARTESIAN_POINT('',(6.400000095367,-4.199999809265,
    0.699999988079));
#5001 = VECTOR('',#5002,1.);
#5002 = DIRECTION('',(0.951056570457,0.309016827681,0.));
#5003 = PLANE('',#5004);
#5004 = AXIS2_PLACEMENT_3D('',#5005,#5006,#5007);
#5005 = CARTESIAN_POINT('',(6.760381663479,-4.074182407434,
    0.699999988079));
#5006 = DIRECTION('',(0.,0.,1.));
#5007 = DIRECTION('',(1.,0.,-0.));
#5008 = ADVANCED_FACE('',(#5009),#5026,.T.);
#5009 = FACE_BOUND('',#5010,.T.);
#5010 = EDGE_LOOP('',(#5011,#5019,#5020));
#5011 = ORIENTED_EDGE('',*,*,#5012,.T.);
#5012 = EDGE_CURVE('',#5013,#4990,#5015,.T.);
#5013 = VERTEX_POINT('',#5014);
#5014 = CARTESIAN_POINT('',(6.97474861145,-4.037904262543,0.699999988079
    ));
#5015 = LINE('',#5016,#5017);
#5016 = CARTESIAN_POINT('',(6.97474861145,-4.037904262543,0.699999988079
    ));
#5017 = VECTOR('',#5018,1.);
#5018 = DIRECTION('',(0.831468031442,0.555572598937,0.));
#5019 = ORIENTED_EDGE('',*,*,#4998,.F.);
#5020 = ORIENTED_EDGE('',*,*,#5021,.T.);
#5021 = EDGE_CURVE('',#4714,#5013,#5022,.T.);
#5022 = LINE('',#5023,#5024);
#5023 = CARTESIAN_POINT('',(6.400000095367,-4.199999809265,
    0.699999988079));
#5024 = VECTOR('',#5025,1.);
#5025 = DIRECTION('',(0.96245536737,0.271439985671,0.));
#5026 = PLANE('',#5027);
#5027 = AXIS2_PLACEMENT_3D('',#5028,#5029,#5030);
#5028 = CARTESIAN_POINT('',(6.725759568574,-4.100333806941,
    0.699999988079));
#5029 = DIRECTION('',(0.,0.,1.));
#5030 = DIRECTION('',(1.,0.,-0.));
#5031 = ADVANCED_FACE('',(#5032),#5049,.T.);
#5032 = FACE_BOUND('',#5033,.T.);
#5033 = EDGE_LOOP('',(#5034,#5042,#5043));
#5034 = ORIENTED_EDGE('',*,*,#5035,.T.);
#5035 = EDGE_CURVE('',#5036,#5013,#5038,.T.);
#5036 = VERTEX_POINT('',#5037);
#5037 = CARTESIAN_POINT('',(6.899389743805,-4.080107212067,
    0.699999988079));
#5038 = LINE('',#5039,#5040);
#5039 = CARTESIAN_POINT('',(6.899389743805,-4.080107212067,
    0.699999988079));
#5040 = VECTOR('',#5041,1.);
#5041 = DIRECTION('',(0.87249622499,0.488620852378,0.));
#5042 = ORIENTED_EDGE('',*,*,#5021,.F.);
#5043 = ORIENTED_EDGE('',*,*,#5044,.T.);
#5044 = EDGE_CURVE('',#4714,#5036,#5045,.T.);
#5045 = LINE('',#5046,#5047);
#5046 = CARTESIAN_POINT('',(6.400000095367,-4.199999809265,
    0.699999988079));
#5047 = VECTOR('',#5048,1.);
#5048 = DIRECTION('',(0.972370030848,0.233444903796,0.));
#5049 = PLANE('',#5050);
#5050 = AXIS2_PLACEMENT_3D('',#5051,#5052,#5053);
#5051 = CARTESIAN_POINT('',(6.689224740302,-4.123679744303,
    0.699999988079));
#5052 = DIRECTION('',(0.,0.,1.));
#5053 = DIRECTION('',(1.,0.,-0.));
#5054 = ADVANCED_FACE('',(#5055),#5072,.T.);
#5055 = FACE_BOUND('',#5056,.T.);
#5056 = EDGE_LOOP('',(#5057,#5065,#5066));
#5057 = ORIENTED_EDGE('',*,*,#5058,.T.);
#5058 = EDGE_CURVE('',#5059,#5036,#5061,.T.);
#5059 = VERTEX_POINT('',#5060);
#5060 = CARTESIAN_POINT('',(6.820951938629,-4.116267681122,
    0.699999988079));
#5061 = LINE('',#5062,#5063);
#5062 = CARTESIAN_POINT('',(6.820951938629,-4.116267681122,
    0.699999988079));
#5063 = VECTOR('',#5064,1.);
#5064 = DIRECTION('',(0.908142532993,0.418661127608,0.));
#5065 = ORIENTED_EDGE('',*,*,#5044,.F.);
#5066 = ORIENTED_EDGE('',*,*,#5067,.T.);
#5067 = EDGE_CURVE('',#4714,#5059,#5068,.T.);
#5068 = LINE('',#5069,#5070);
#5069 = CARTESIAN_POINT('',(6.400000095367,-4.199999809265,
    0.699999988079));
#5070 = VECTOR('',#5071,1.);
#5071 = DIRECTION('',(0.980785458528,0.19508942652,0.));
#5072 = PLANE('',#5073);
#5073 = AXIS2_PLACEMENT_3D('',#5074,#5075,#5076);
#5074 = CARTESIAN_POINT('',(6.651003240752,-4.14408010495,0.699999988079
    ));
#5075 = DIRECTION('',(0.,0.,1.));
#5076 = DIRECTION('',(1.,0.,-0.));
#5077 = ADVANCED_FACE('',(#5078),#5095,.T.);
#5078 = FACE_BOUND('',#5079,.T.);
#5079 = EDGE_LOOP('',(#5080,#5088,#5089));
#5080 = ORIENTED_EDGE('',*,*,#5081,.T.);
#5081 = EDGE_CURVE('',#5082,#5059,#5084,.T.);
#5082 = VERTEX_POINT('',#5083);
#5083 = CARTESIAN_POINT('',(6.739918708801,-4.146162033081,
    0.699999988079));
#5084 = LINE('',#5085,#5086);
#5085 = CARTESIAN_POINT('',(6.739918708801,-4.146162033081,
    0.699999988079));
#5086 = VECTOR('',#5087,1.);
#5087 = DIRECTION('',(0.938192782679,0.346113135446,0.));
#5088 = ORIENTED_EDGE('',*,*,#5067,.F.);
#5089 = ORIENTED_EDGE('',*,*,#5090,.T.);
#5090 = EDGE_CURVE('',#4714,#5082,#5091,.T.);
#5091 = LINE('',#5092,#5093);
#5092 = CARTESIAN_POINT('',(6.400000095367,-4.199999809265,
    0.699999988079));
#5093 = VECTOR('',#5094,1.);
#5094 = DIRECTION('',(0.987688359972,0.156434342699,0.));
#5095 = PLANE('',#5096);
#5096 = AXIS2_PLACEMENT_3D('',#5097,#5098,#5099);
#5097 = CARTESIAN_POINT('',(6.611331679269,-4.161412845983,
    0.699999988079));
#5098 = DIRECTION('',(0.,0.,1.));
#5099 = DIRECTION('',(1.,0.,-0.));
#5100 = ADVANCED_FACE('',(#5101),#5118,.T.);
#5101 = FACE_BOUND('',#5102,.T.);
#5102 = EDGE_LOOP('',(#5103,#5111,#5112));
#5103 = ORIENTED_EDGE('',*,*,#5104,.T.);
#5104 = EDGE_CURVE('',#5105,#5082,#5107,.T.);
#5105 = VERTEX_POINT('',#5106);
#5106 = CARTESIAN_POINT('',(6.656789779663,-4.169606685638,
    0.699999988079));
#5107 = LINE('',#5108,#5109);
#5108 = CARTESIAN_POINT('',(6.656789779663,-4.169606685638,
    0.699999988079));
#5109 = VECTOR('',#5110,1.);
#5110 = DIRECTION('',(0.962455630237,0.271439053609,0.));
#5111 = ORIENTED_EDGE('',*,*,#5090,.F.);
#5112 = ORIENTED_EDGE('',*,*,#5113,.T.);
#5113 = EDGE_CURVE('',#4714,#5105,#5114,.T.);
#5114 = LINE('',#5115,#5116);
#5115 = CARTESIAN_POINT('',(6.400000095367,-4.199999809265,
    0.699999988079));
#5116 = VECTOR('',#5117,1.);
#5117 = DIRECTION('',(0.993068429139,0.117537632477,0.));
#5118 = PLANE('',#5119);
#5119 = AXIS2_PLACEMENT_3D('',#5120,#5121,#5122);
#5120 = CARTESIAN_POINT('',(6.570455485459,-4.175574908627,
    0.699999988079));
#5121 = DIRECTION('',(0.,0.,1.));
#5122 = DIRECTION('',(1.,0.,-0.));
#5123 = ADVANCED_FACE('',(#5124),#5141,.T.);
#5124 = FACE_BOUND('',#5125,.T.);
#5125 = EDGE_LOOP('',(#5126,#5134,#5135));
#5126 = ORIENTED_EDGE('',*,*,#5127,.T.);
#5127 = EDGE_CURVE('',#5128,#5105,#5130,.T.);
#5128 = VERTEX_POINT('',#5129);
#5129 = CARTESIAN_POINT('',(6.57207775116,-4.186457157135,0.699999988079
    ));
#5130 = LINE('',#5131,#5132);
#5131 = CARTESIAN_POINT('',(6.57207775116,-4.186457157135,0.699999988079
    ));
#5132 = VECTOR('',#5133,1.);
#5133 = DIRECTION('',(0.980784834319,0.195092564621,0.));
#5134 = ORIENTED_EDGE('',*,*,#5113,.F.);
#5135 = ORIENTED_EDGE('',*,*,#5136,.T.);
#5136 = EDGE_CURVE('',#4714,#5128,#5137,.T.);
#5137 = LINE('',#5138,#5139);
#5138 = CARTESIAN_POINT('',(6.400000095367,-4.199999809265,
    0.699999988079));
#5139 = VECTOR('',#5140,1.);
#5140 = DIRECTION('',(0.996917403103,7.845821429018E-02,0.));
#5141 = PLANE('',#5142);
#5142 = AXIS2_PLACEMENT_3D('',#5143,#5144,#5145);
#5143 = CARTESIAN_POINT('',(6.528627289586,-4.186483093558,
    0.699999988079));
#5144 = DIRECTION('',(0.,0.,1.));
#5145 = DIRECTION('',(1.,0.,-0.));
#5146 = ADVANCED_FACE('',(#5147),#5164,.T.);
#5147 = FACE_BOUND('',#5148,.T.);
#5148 = EDGE_LOOP('',(#5149,#5157,#5158));
#5149 = ORIENTED_EDGE('',*,*,#5150,.T.);
#5150 = EDGE_CURVE('',#5151,#5128,#5153,.T.);
#5151 = VERTEX_POINT('',#5152);
#5152 = CARTESIAN_POINT('',(6.486305236816,-4.196609020233,
    0.699999988079));
#5153 = LINE('',#5154,#5155);
#5154 = CARTESIAN_POINT('',(6.486305236816,-4.196609020233,
    0.699999988079));
#5155 = VECTOR('',#5156,1.);
#5156 = DIRECTION('',(0.993068433939,0.117537591915,0.));
#5157 = ORIENTED_EDGE('',*,*,#5136,.F.);
#5158 = ORIENTED_EDGE('',*,*,#5159,.T.);
#5159 = EDGE_CURVE('',#4714,#5151,#5160,.T.);
#5160 = LINE('',#5161,#5162);
#5161 = CARTESIAN_POINT('',(6.400000095367,-4.199999809265,
    0.699999988079));
#5162 = VECTOR('',#5163,1.);
#5163 = DIRECTION('',(0.99922910401,3.925809087884E-02,0.));
#5164 = PLANE('',#5165);
#5165 = AXIS2_PLACEMENT_3D('',#5166,#5167,#5168);
#5166 = CARTESIAN_POINT('',(6.486105462176,-4.194073948511,
    0.699999988079));
#5167 = DIRECTION('',(0.,0.,1.));
#5168 = DIRECTION('',(1.,0.,-0.));
#5169 = ADVANCED_FACE('',(#5170),#5187,.T.);
#5170 = FACE_BOUND('',#5171,.T.);
#5171 = EDGE_LOOP('',(#5172,#5173,#5181));
#5172 = ORIENTED_EDGE('',*,*,#4644,.F.);
#5173 = ORIENTED_EDGE('',*,*,#5174,.T.);
#5174 = EDGE_CURVE('',#4645,#5175,#5177,.T.);
#5175 = VERTEX_POINT('',#5176);
#5176 = CARTESIAN_POINT('',(7.496609210968,4.486305236816,0.699999988079
    ));
#5177 = LINE('',#5178,#5179);
#5178 = CARTESIAN_POINT('',(7.5,4.400000095367,0.699999988079));
#5179 = VECTOR('',#5180,1.);
#5180 = DIRECTION('',(-3.925809087884E-02,0.99922910401,0.));
#5181 = ORIENTED_EDGE('',*,*,#5182,.T.);
#5182 = EDGE_CURVE('',#5175,#3272,#5183,.T.);
#5183 = LINE('',#5184,#5185);
#5184 = CARTESIAN_POINT('',(7.496609210968,4.486305236816,0.699999988079
    ));
#5185 = VECTOR('',#5186,1.);
#5186 = DIRECTION('',(-0.734322601674,0.67880064575,0.));
#5187 = PLANE('',#5188);
#5188 = AXIS2_PLACEMENT_3D('',#5189,#5190,#5191);
#5189 = CARTESIAN_POINT('',(6.964296989286,4.956591014255,0.699999988079
    ));
#5190 = DIRECTION('',(0.,0.,1.));
#5191 = DIRECTION('',(1.,0.,-0.));
#5192 = ADVANCED_FACE('',(#5193),#5210,.T.);
#5193 = FACE_BOUND('',#5194,.T.);
#5194 = EDGE_LOOP('',(#5195,#5203,#5204));
#5195 = ORIENTED_EDGE('',*,*,#5196,.T.);
#5196 = EDGE_CURVE('',#5197,#3272,#5199,.T.);
#5197 = VERTEX_POINT('',#5198);
#5198 = CARTESIAN_POINT('',(7.48645734787,4.57207775116,0.699999988079)
  );
#5199 = LINE('',#5200,#5201);
#5200 = CARTESIAN_POINT('',(7.48645734787,4.57207775116,0.699999988079)
  );
#5201 = VECTOR('',#5202,1.);
#5202 = DIRECTION('',(-0.760405933146,0.649448086329,0.));
#5203 = ORIENTED_EDGE('',*,*,#5182,.F.);
#5204 = ORIENTED_EDGE('',*,*,#5205,.T.);
#5205 = EDGE_CURVE('',#5175,#5197,#5206,.T.);
#5206 = LINE('',#5207,#5208);
#5207 = CARTESIAN_POINT('',(7.496609210968,4.486305236816,0.699999988079
    ));
#5208 = VECTOR('',#5209,1.);
#5209 = DIRECTION('',(-0.117537591915,0.993068433939,0.));
#5210 = PLANE('',#5211);
#5211 = AXIS2_PLACEMENT_3D('',#5212,#5213,#5214);
#5212 = CARTESIAN_POINT('',(6.961489511086,5.000200073027,0.699999988079
    ));
#5213 = DIRECTION('',(0.,0.,1.));
#5214 = DIRECTION('',(1.,0.,-0.));
#5215 = ADVANCED_FACE('',(#5216),#5233,.T.);
#5216 = FACE_BOUND('',#5217,.T.);
#5217 = EDGE_LOOP('',(#5218,#5226,#5227));
#5218 = ORIENTED_EDGE('',*,*,#5219,.T.);
#5219 = EDGE_CURVE('',#5220,#3272,#5222,.T.);
#5220 = VERTEX_POINT('',#5221);
#5221 = CARTESIAN_POINT('',(7.469606876373,4.656789779663,0.699999988079
    ));
#5222 = LINE('',#5223,#5224);
#5223 = CARTESIAN_POINT('',(7.469606876373,4.656789779663,0.699999988079
    ));
#5224 = VECTOR('',#5225,1.);
#5225 = DIRECTION('',(-0.785316850853,0.619094050824,0.));
#5226 = ORIENTED_EDGE('',*,*,#5196,.F.);
#5227 = ORIENTED_EDGE('',*,*,#5228,.T.);
#5228 = EDGE_CURVE('',#5197,#5220,#5229,.T.);
#5229 = LINE('',#5230,#5231);
#5230 = CARTESIAN_POINT('',(7.48645734787,4.57207775116,0.699999988079)
  );
#5231 = VECTOR('',#5232,1.);
#5232 = DIRECTION('',(-0.195092564621,0.980784834319,0.));
#5233 = PLANE('',#5234);
#5234 = AXIS2_PLACEMENT_3D('',#5235,#5236,#5237);
#5235 = CARTESIAN_POINT('',(6.955294990599,5.043433112623,0.699999988079
    ));
#5236 = DIRECTION('',(0.,0.,1.));
#5237 = DIRECTION('',(1.,0.,-0.));
#5238 = ADVANCED_FACE('',(#5239),#5256,.T.);
#5239 = FACE_BOUND('',#5240,.T.);
#5240 = EDGE_LOOP('',(#5241,#5242,#5250));
#5241 = ORIENTED_EDGE('',*,*,#5219,.F.);
#5242 = ORIENTED_EDGE('',*,*,#5243,.T.);
#5243 = EDGE_CURVE('',#5220,#5244,#5246,.T.);
#5244 = VERTEX_POINT('',#5245);
#5245 = CARTESIAN_POINT('',(7.446162223816,4.739918708801,0.699999988079
    ));
#5246 = LINE('',#5247,#5248);
#5247 = CARTESIAN_POINT('',(7.469606876373,4.656789779663,0.699999988079
    ));
#5248 = VECTOR('',#5249,1.);
#5249 = DIRECTION('',(-0.271439053609,0.962455630237,0.));
#5250 = ORIENTED_EDGE('',*,*,#5251,.T.);
#5251 = EDGE_CURVE('',#5244,#3272,#5252,.T.);
#5252 = LINE('',#5253,#5254);
#5253 = CARTESIAN_POINT('',(7.446162223816,4.739918708801,0.699999988079
    ));
#5254 = VECTOR('',#5255,1.);
#5255 = DIRECTION('',(-0.80901698934,0.587785259223,0.));
#5256 = PLANE('',#5257);
#5257 = AXIS2_PLACEMENT_3D('',#5258,#5259,#5260);
#5258 = CARTESIAN_POINT('',(6.94575401437,5.086026971253,0.699999988079)
  );
#5259 = DIRECTION('',(0.,0.,1.));
#5260 = DIRECTION('',(1.,0.,-0.));
#5261 = ADVANCED_FACE('',(#5262),#5279,.T.);
#5262 = FACE_BOUND('',#5263,.T.);
#5263 = EDGE_LOOP('',(#5264,#5272,#5273));
#5264 = ORIENTED_EDGE('',*,*,#5265,.T.);
#5265 = EDGE_CURVE('',#5266,#3272,#5268,.T.);
#5266 = VERTEX_POINT('',#5267);
#5267 = CARTESIAN_POINT('',(7.41626739502,4.820951938629,0.699999988079)
  );
#5268 = LINE('',#5269,#5270);
#5269 = CARTESIAN_POINT('',(7.41626739502,4.820951938629,0.699999988079)
  );
#5270 = VECTOR('',#5271,1.);
#5271 = DIRECTION('',(-0.831469626919,0.555570211145,0.));
#5272 = ORIENTED_EDGE('',*,*,#5251,.F.);
#5273 = ORIENTED_EDGE('',*,*,#5274,.T.);
#5274 = EDGE_CURVE('',#5244,#5266,#5275,.T.);
#5275 = LINE('',#5276,#5277);
#5276 = CARTESIAN_POINT('',(7.446162223816,4.739918708801,0.699999988079
    ));
#5277 = VECTOR('',#5278,1.);
#5278 = DIRECTION('',(-0.346117994838,0.938190989964,0.));
#5279 = PLANE('',#5280);
#5280 = AXIS2_PLACEMENT_3D('',#5281,#5282,#5283);
#5281 = CARTESIAN_POINT('',(6.932927929596,5.127721930147,0.699999988079
    ));
#5282 = DIRECTION('',(0.,0.,1.));
#5283 = DIRECTION('',(1.,0.,-0.));
#5284 = ADVANCED_FACE('',(#5285),#5302,.T.);
#5285 = FACE_BOUND('',#5286,.T.);
#5286 = EDGE_LOOP('',(#5287,#5295,#5296));
#5287 = ORIENTED_EDGE('',*,*,#5288,.T.);
#5288 = EDGE_CURVE('',#5289,#3272,#5291,.T.);
#5289 = VERTEX_POINT('',#5290);
#5290 = CARTESIAN_POINT('',(7.380107402802,4.899389743805,0.699999988079
    ));
#5291 = LINE('',#5292,#5293);
#5292 = CARTESIAN_POINT('',(7.380107402802,4.899389743805,0.699999988079
    ));
#5293 = VECTOR('',#5294,1.);
#5294 = DIRECTION('',(-0.852640270648,0.52249839126,0.));
#5295 = ORIENTED_EDGE('',*,*,#5265,.F.);
#5296 = ORIENTED_EDGE('',*,*,#5297,.T.);
#5297 = EDGE_CURVE('',#5266,#5289,#5298,.T.);
#5298 = LINE('',#5299,#5300);
#5299 = CARTESIAN_POINT('',(7.41626739502,4.820951938629,0.699999988079)
  );
#5300 = VECTOR('',#5301,1.);
#5301 = DIRECTION('',(-0.418656574497,0.908144632,0.));
#5302 = PLANE('',#5303);
#5303 = AXIS2_PLACEMENT_3D('',#5304,#5305,#5306);
#5304 = CARTESIAN_POINT('',(6.916898062171,5.168264109572,0.699999988079
    ));
#5305 = DIRECTION('',(0.,0.,1.));
#5306 = DIRECTION('',(1.,0.,-0.));
#5307 = ADVANCED_FACE('',(#5308),#5325,.T.);
#5308 = FACE_BOUND('',#5309,.T.);
#5309 = EDGE_LOOP('',(#5310,#5311,#5319));
#5310 = ORIENTED_EDGE('',*,*,#5288,.F.);
#5311 = ORIENTED_EDGE('',*,*,#5312,.T.);
#5312 = EDGE_CURVE('',#5289,#5313,#5315,.T.);
#5313 = VERTEX_POINT('',#5314);
#5314 = CARTESIAN_POINT('',(7.33790397644,4.97474861145,0.699999988079)
  );
#5315 = LINE('',#5316,#5317);
#5316 = CARTESIAN_POINT('',(7.380107402802,4.899389743805,0.699999988079
    ));
#5317 = VECTOR('',#5318,1.);
#5318 = DIRECTION('',(-0.488625055042,0.872493871374,0.));
#5319 = ORIENTED_EDGE('',*,*,#5320,.T.);
#5320 = EDGE_CURVE('',#5313,#3272,#5321,.T.);
#5321 = LINE('',#5322,#5323);
#5322 = CARTESIAN_POINT('',(7.33790397644,4.97474861145,0.699999988079)
  );
#5323 = VECTOR('',#5324,1.);
#5324 = DIRECTION('',(-0.872496015962,0.488621225625,0.));
#5325 = PLANE('',#5326);
#5326 = AXIS2_PLACEMENT_3D('',#5327,#5328,#5329);
#5327 = CARTESIAN_POINT('',(6.897765503327,5.207406659992,0.699999988079
    ));
#5328 = DIRECTION('',(0.,0.,1.));
#5329 = DIRECTION('',(1.,0.,-0.));
#5330 = ADVANCED_FACE('',(#5331),#5348,.T.);
#5331 = FACE_BOUND('',#5332,.T.);
#5332 = EDGE_LOOP('',(#5333,#5341,#5342));
#5333 = ORIENTED_EDGE('',*,*,#5334,.T.);
#5334 = EDGE_CURVE('',#5335,#3272,#5337,.T.);
#5335 = VERTEX_POINT('',#5336);
#5336 = CARTESIAN_POINT('',(7.289918899536,5.046563625336,0.699999988079
    ));
#5337 = LINE('',#5338,#5339);
#5338 = CARTESIAN_POINT('',(7.289918899536,5.046563625336,0.699999988079
    ));
#5339 = VECTOR('',#5340,1.);
#5340 = DIRECTION('',(-0.891006485326,0.453990576012,0.));
#5341 = ORIENTED_EDGE('',*,*,#5320,.F.);
#5342 = ORIENTED_EDGE('',*,*,#5343,.T.);
#5343 = EDGE_CURVE('',#5313,#5335,#5344,.T.);
#5344 = LINE('',#5345,#5346);
#5345 = CARTESIAN_POINT('',(7.33790397644,4.97474861145,0.699999988079)
  );
#5346 = VECTOR('',#5347,1.);
#5347 = DIRECTION('',(-0.555568782189,0.831470581715,0.));
#5348 = PLANE('',#5349);
#5349 = AXIS2_PLACEMENT_3D('',#5350,#5351,#5352);
#5350 = CARTESIAN_POINT('',(6.875649995748,5.24491175872,0.699999988079)
  );
#5351 = DIRECTION('',(0.,0.,1.));
#5352 = DIRECTION('',(1.,0.,-0.));
#5353 = ADVANCED_FACE('',(#5354),#5371,.T.);
#5354 = FACE_BOUND('',#5355,.T.);
#5355 = EDGE_LOOP('',(#5356,#5364,#5365));
#5356 = ORIENTED_EDGE('',*,*,#5357,.T.);
#5357 = EDGE_CURVE('',#5358,#3272,#5360,.T.);
#5358 = VERTEX_POINT('',#5359);
#5359 = CARTESIAN_POINT('',(7.236446380615,5.114392757416,0.699999988079
    ));
#5360 = LINE('',#5361,#5362);
#5361 = CARTESIAN_POINT('',(7.236446380615,5.114392757416,0.699999988079
    ));
#5362 = VECTOR('',#5363,1.);
#5363 = DIRECTION('',(-0.908143081605,0.418659937578,0.));
#5364 = ORIENTED_EDGE('',*,*,#5334,.F.);
#5365 = ORIENTED_EDGE('',*,*,#5366,.T.);
#5366 = EDGE_CURVE('',#5335,#5358,#5367,.T.);
#5367 = LINE('',#5368,#5369);
#5368 = CARTESIAN_POINT('',(7.289918899536,5.046563625336,0.699999988079
    ));
#5369 = VECTOR('',#5370,1.);
#5370 = DIRECTION('',(-0.619096396836,0.785315001401,0.));
#5371 = PLANE('',#5372);
#5372 = AXIS2_PLACEMENT_3D('',#5373,#5374,#5375);
#5373 = CARTESIAN_POINT('',(6.850690352251,5.280551388979,0.699999988079
    ));
#5374 = DIRECTION('',(0.,0.,1.));
#5375 = DIRECTION('',(1.,0.,-0.));
#5376 = ADVANCED_FACE('',(#5377),#5394,.T.);
#5377 = FACE_BOUND('',#5378,.T.);
#5378 = EDGE_LOOP('',(#5379,#5380,#5388));
#5379 = ORIENTED_EDGE('',*,*,#5357,.F.);
#5380 = ORIENTED_EDGE('',*,*,#5381,.T.);
#5381 = EDGE_CURVE('',#5358,#5382,#5384,.T.);
#5382 = VERTEX_POINT('',#5383);
#5383 = CARTESIAN_POINT('',(7.177817344666,5.177817344666,0.699999988079
    ));
#5384 = LINE('',#5385,#5386);
#5385 = CARTESIAN_POINT('',(7.236446380615,5.114392757416,0.699999988079
    ));
#5386 = VECTOR('',#5387,1.);
#5387 = DIRECTION('',(-0.678800436864,0.734322794766,0.));
#5388 = ORIENTED_EDGE('',*,*,#5389,.T.);
#5389 = EDGE_CURVE('',#5382,#3272,#5390,.T.);
#5390 = LINE('',#5391,#5392);
#5391 = CARTESIAN_POINT('',(7.177817344666,5.177817344666,0.699999988079
    ));
#5392 = VECTOR('',#5393,1.);
#5393 = DIRECTION('',(-0.923879447839,0.382683636783,0.));
#5394 = PLANE('',#5395);
#5395 = AXIS2_PLACEMENT_3D('',#5396,#5397,#5398);
#5396 = CARTESIAN_POINT('',(6.823041556633,5.314109698225,0.699999988079
    ));
#5397 = DIRECTION('',(0.,0.,1.));
#5398 = DIRECTION('',(1.,0.,-0.));
#5399 = ADVANCED_FACE('',(#5400),#5417,.T.);
#5400 = FACE_BOUND('',#5401,.T.);
#5401 = EDGE_LOOP('',(#5402,#5410,#5411));
#5402 = ORIENTED_EDGE('',*,*,#5403,.T.);
#5403 = EDGE_CURVE('',#5404,#3272,#5406,.T.);
#5404 = VERTEX_POINT('',#5405);
#5405 = CARTESIAN_POINT('',(7.114392757416,5.236446380615,0.699999988079
    ));
#5406 = LINE('',#5407,#5408);
#5407 = CARTESIAN_POINT('',(7.114392757416,5.236446380615,0.699999988079
    ));
#5408 = VECTOR('',#5409,1.);
#5409 = DIRECTION('',(-0.938191228435,0.346117348434,0.));
#5410 = ORIENTED_EDGE('',*,*,#5389,.F.);
#5411 = ORIENTED_EDGE('',*,*,#5412,.T.);
#5412 = EDGE_CURVE('',#5382,#5404,#5413,.T.);
#5413 = LINE('',#5414,#5415);
#5414 = CARTESIAN_POINT('',(7.177817344666,5.177817344666,0.699999988079
    ));
#5415 = VECTOR('',#5416,1.);
#5416 = DIRECTION('',(-0.734322794766,0.678800436864,0.));
#5417 = PLANE('',#5418);
#5418 = AXIS2_PLACEMENT_3D('',#5419,#5420,#5421);
#5419 = CARTESIAN_POINT('',(6.792876232753,5.345383065484,0.699999988079
    ));
#5420 = DIRECTION('',(0.,0.,1.));
#5421 = DIRECTION('',(1.,0.,-0.));
#5422 = ADVANCED_FACE('',(#5423),#5440,.T.);
#5423 = FACE_BOUND('',#5424,.T.);
#5424 = EDGE_LOOP('',(#5425,#5433,#5434));
#5425 = ORIENTED_EDGE('',*,*,#5426,.T.);
#5426 = EDGE_CURVE('',#5427,#3272,#5429,.T.);
#5427 = VERTEX_POINT('',#5428);
#5428 = CARTESIAN_POINT('',(7.046563625336,5.289918899536,0.699999988079
    ));
#5429 = LINE('',#5430,#5431);
#5430 = CARTESIAN_POINT('',(7.046563625336,5.289918899536,0.699999988079
    ));
#5431 = VECTOR('',#5432,1.);
#5432 = DIRECTION('',(-0.951056570457,0.309016827681,0.));
#5433 = ORIENTED_EDGE('',*,*,#5403,.F.);
#5434 = ORIENTED_EDGE('',*,*,#5435,.T.);
#5435 = EDGE_CURVE('',#5404,#5427,#5436,.T.);
#5436 = LINE('',#5437,#5438);
#5437 = CARTESIAN_POINT('',(7.114392757416,5.236446380615,0.699999988079
    ));
#5438 = VECTOR('',#5439,1.);
#5439 = DIRECTION('',(-0.785315001401,0.619096396836,0.));
#5440 = PLANE('',#5441);
#5441 = AXIS2_PLACEMENT_3D('',#5442,#5443,#5444);
#5442 = CARTESIAN_POINT('',(6.76038172499,5.374182443757,0.699999988079)
  );
#5443 = DIRECTION('',(0.,0.,1.));
#5444 = DIRECTION('',(1.,0.,-0.));
#5445 = ADVANCED_FACE('',(#5446),#5463,.T.);
#5446 = FACE_BOUND('',#5447,.T.);
#5447 = EDGE_LOOP('',(#5448,#5449,#5457));
#5448 = ORIENTED_EDGE('',*,*,#5426,.F.);
#5449 = ORIENTED_EDGE('',*,*,#5450,.T.);
#5450 = EDGE_CURVE('',#5427,#5451,#5453,.T.);
#5451 = VERTEX_POINT('',#5452);
#5452 = CARTESIAN_POINT('',(6.97474861145,5.33790397644,0.699999988079)
  );
#5453 = LINE('',#5454,#5455);
#5454 = CARTESIAN_POINT('',(7.046563625336,5.289918899536,0.699999988079
    ));
#5455 = VECTOR('',#5456,1.);
#5456 = DIRECTION('',(-0.831470581715,0.555568782189,0.));
#5457 = ORIENTED_EDGE('',*,*,#5458,.T.);
#5458 = EDGE_CURVE('',#5451,#3272,#5459,.T.);
#5459 = LINE('',#5460,#5461);
#5460 = CARTESIAN_POINT('',(6.97474861145,5.33790397644,0.699999988079)
  );
#5461 = VECTOR('',#5462,1.);
#5462 = DIRECTION('',(-0.962455158763,0.271440725334,0.));
#5463 = PLANE('',#5464);
#5464 = AXIS2_PLACEMENT_3D('',#5465,#5466,#5467);
#5465 = CARTESIAN_POINT('',(6.725759509572,5.400333896703,0.699999988079
    ));
#5466 = DIRECTION('',(0.,0.,1.));
#5467 = DIRECTION('',(1.,0.,-0.));
#5468 = ADVANCED_FACE('',(#5469),#5486,.T.);
#5469 = FACE_BOUND('',#5470,.T.);
#5470 = EDGE_LOOP('',(#5471,#5479,#5480));
#5471 = ORIENTED_EDGE('',*,*,#5472,.T.);
#5472 = EDGE_CURVE('',#5473,#3272,#5475,.T.);
#5473 = VERTEX_POINT('',#5474);
#5474 = CARTESIAN_POINT('',(6.899389743805,5.380107402802,0.699999988079
    ));
#5475 = LINE('',#5476,#5477);
#5476 = CARTESIAN_POINT('',(6.899389743805,5.380107402802,0.699999988079
    ));
#5477 = VECTOR('',#5478,1.);
#5478 = DIRECTION('',(-0.972370030848,0.233444903796,0.));
#5479 = ORIENTED_EDGE('',*,*,#5458,.F.);
#5480 = ORIENTED_EDGE('',*,*,#5481,.T.);
#5481 = EDGE_CURVE('',#5451,#5473,#5482,.T.);
#5482 = LINE('',#5483,#5484);
#5483 = CARTESIAN_POINT('',(6.97474861145,5.33790397644,0.699999988079)
  );
#5484 = VECTOR('',#5485,1.);
#5485 = DIRECTION('',(-0.872493871374,0.488625055042,0.));
#5486 = PLANE('',#5487);
#5487 = AXIS2_PLACEMENT_3D('',#5488,#5489,#5490);
#5488 = CARTESIAN_POINT('',(6.68922478834,5.423679785805,0.699999988079)
  );
#5489 = DIRECTION('',(0.,0.,1.));
#5490 = DIRECTION('',(1.,0.,-0.));
#5491 = ADVANCED_FACE('',(#5492),#5509,.T.);
#5492 = FACE_BOUND('',#5493,.T.);
#5493 = EDGE_LOOP('',(#5494,#5502,#5503));
#5494 = ORIENTED_EDGE('',*,*,#5495,.T.);
#5495 = EDGE_CURVE('',#5496,#3272,#5498,.T.);
#5496 = VERTEX_POINT('',#5497);
#5497 = CARTESIAN_POINT('',(6.820951938629,5.41626739502,0.699999988079)
  );
#5498 = LINE('',#5499,#5500);
#5499 = CARTESIAN_POINT('',(6.820951938629,5.41626739502,0.699999988079)
  );
#5500 = VECTOR('',#5501,1.);
#5501 = DIRECTION('',(-0.980785245949,0.19509049523,0.));
#5502 = ORIENTED_EDGE('',*,*,#5472,.F.);
#5503 = ORIENTED_EDGE('',*,*,#5504,.T.);
#5504 = EDGE_CURVE('',#5473,#5496,#5505,.T.);
#5505 = LINE('',#5506,#5507);
#5506 = CARTESIAN_POINT('',(6.899389743805,5.380107402802,0.699999988079
    ));
#5507 = VECTOR('',#5508,1.);
#5508 = DIRECTION('',(-0.908144632,0.418656574497,0.));
#5509 = PLANE('',#5510);
#5510 = AXIS2_PLACEMENT_3D('',#5511,#5512,#5513);
#5511 = CARTESIAN_POINT('',(6.651003196515,5.444080186417,0.699999988079
    ));
#5512 = DIRECTION('',(0.,0.,1.));
#5513 = DIRECTION('',(1.,0.,-0.));
#5514 = ADVANCED_FACE('',(#5515),#5532,.T.);
#5515 = FACE_BOUND('',#5516,.T.);
#5516 = EDGE_LOOP('',(#5517,#5518,#5526));
#5517 = ORIENTED_EDGE('',*,*,#5495,.F.);
#5518 = ORIENTED_EDGE('',*,*,#5519,.T.);
#5519 = EDGE_CURVE('',#5496,#5520,#5522,.T.);
#5520 = VERTEX_POINT('',#5521);
#5521 = CARTESIAN_POINT('',(6.739918708801,5.446162223816,0.699999988079
    ));
#5522 = LINE('',#5523,#5524);
#5523 = CARTESIAN_POINT('',(6.820951938629,5.41626739502,0.699999988079)
  );
#5524 = VECTOR('',#5525,1.);
#5525 = DIRECTION('',(-0.938190989964,0.346117994838,0.));
#5526 = ORIENTED_EDGE('',*,*,#5527,.T.);
#5527 = EDGE_CURVE('',#5520,#3272,#5528,.T.);
#5528 = LINE('',#5529,#5530);
#5529 = CARTESIAN_POINT('',(6.739918708801,5.446162223816,0.699999988079
    ));
#5530 = VECTOR('',#5531,1.);
#5531 = DIRECTION('',(-0.987688359972,0.156434342699,0.));
#5532 = PLANE('',#5533);
#5533 = AXIS2_PLACEMENT_3D('',#5534,#5535,#5536);
#5534 = CARTESIAN_POINT('',(6.611331711639,5.461412887588,0.699999988079
    ));
#5535 = DIRECTION('',(0.,0.,1.));
#5536 = DIRECTION('',(1.,0.,-0.));
#5537 = ADVANCED_FACE('',(#5538),#5555,.T.);
#5538 = FACE_BOUND('',#5539,.T.);
#5539 = EDGE_LOOP('',(#5540,#5548,#5549));
#5540 = ORIENTED_EDGE('',*,*,#5541,.T.);
#5541 = EDGE_CURVE('',#5542,#3272,#5544,.T.);
#5542 = VERTEX_POINT('',#5543);
#5543 = CARTESIAN_POINT('',(6.656789779663,5.469606876373,0.699999988079
    ));
#5544 = LINE('',#5545,#5546);
#5545 = CARTESIAN_POINT('',(6.656789779663,5.469606876373,0.699999988079
    ));
#5546 = VECTOR('',#5547,1.);
#5547 = DIRECTION('',(-0.993068429139,0.117537632477,0.));
#5548 = ORIENTED_EDGE('',*,*,#5527,.F.);
#5549 = ORIENTED_EDGE('',*,*,#5550,.T.);
#5550 = EDGE_CURVE('',#5520,#5542,#5551,.T.);
#5551 = LINE('',#5552,#5553);
#5552 = CARTESIAN_POINT('',(6.739918708801,5.446162223816,0.699999988079
    ));
#5553 = VECTOR('',#5554,1.);
#5554 = DIRECTION('',(-0.962455630237,0.271439053609,0.));
#5555 = PLANE('',#5556);
#5556 = AXIS2_PLACEMENT_3D('',#5557,#5558,#5559);
#5557 = CARTESIAN_POINT('',(6.570455485459,5.475575099362,0.699999988079
    ));
#5558 = DIRECTION('',(0.,0.,1.));
#5559 = DIRECTION('',(1.,0.,-0.));
#5560 = ADVANCED_FACE('',(#5561),#5578,.T.);
#5561 = FACE_BOUND('',#5562,.T.);
#5562 = EDGE_LOOP('',(#5563,#5571,#5572));
#5563 = ORIENTED_EDGE('',*,*,#5564,.T.);
#5564 = EDGE_CURVE('',#5565,#3272,#5567,.T.);
#5565 = VERTEX_POINT('',#5566);
#5566 = CARTESIAN_POINT('',(6.57207775116,5.48645734787,0.699999988079)
  );
#5567 = LINE('',#5568,#5569);
#5568 = CARTESIAN_POINT('',(6.57207775116,5.48645734787,0.699999988079)
  );
#5569 = VECTOR('',#5570,1.);
#5570 = DIRECTION('',(-0.996917403103,7.845821429018E-02,0.));
#5571 = ORIENTED_EDGE('',*,*,#5541,.F.);
#5572 = ORIENTED_EDGE('',*,*,#5573,.T.);
#5573 = EDGE_CURVE('',#5542,#5565,#5574,.T.);
#5574 = LINE('',#5575,#5576);
#5575 = CARTESIAN_POINT('',(6.656789779663,5.469606876373,0.699999988079
    ));
#5576 = VECTOR('',#5577,1.);
#5577 = DIRECTION('',(-0.980784834319,0.195092564621,0.));
#5578 = PLANE('',#5579);
#5579 = AXIS2_PLACEMENT_3D('',#5580,#5581,#5582);
#5580 = CARTESIAN_POINT('',(6.528627289586,5.486483284293,0.699999988079
    ));
#5581 = DIRECTION('',(0.,0.,1.));
#5582 = DIRECTION('',(1.,0.,-0.));
#5583 = ADVANCED_FACE('',(#5584),#5601,.T.);
#5584 = FACE_BOUND('',#5585,.T.);
#5585 = EDGE_LOOP('',(#5586,#5587,#5595));
#5586 = ORIENTED_EDGE('',*,*,#5564,.F.);
#5587 = ORIENTED_EDGE('',*,*,#5588,.T.);
#5588 = EDGE_CURVE('',#5565,#5589,#5591,.T.);
#5589 = VERTEX_POINT('',#5590);
#5590 = CARTESIAN_POINT('',(6.486305236816,5.496609210968,0.699999988079
    ));
#5591 = LINE('',#5592,#5593);
#5592 = CARTESIAN_POINT('',(6.57207775116,5.48645734787,0.699999988079)
  );
#5593 = VECTOR('',#5594,1.);
#5594 = DIRECTION('',(-0.993068433939,0.117537591915,0.));
#5595 = ORIENTED_EDGE('',*,*,#5596,.T.);
#5596 = EDGE_CURVE('',#5589,#3272,#5597,.T.);
#5597 = LINE('',#5598,#5599);
#5598 = CARTESIAN_POINT('',(6.486305236816,5.496609210968,0.699999988079
    ));
#5599 = VECTOR('',#5600,1.);
#5600 = DIRECTION('',(-0.99922910401,3.925809087884E-02,0.));
#5601 = PLANE('',#5602);
#5602 = AXIS2_PLACEMENT_3D('',#5603,#5604,#5605);
#5603 = CARTESIAN_POINT('',(6.486105462176,5.494074139246,0.699999988079
    ));
#5604 = DIRECTION('',(0.,0.,1.));
#5605 = DIRECTION('',(1.,0.,-0.));
#5606 = ADVANCED_FACE('',(#5607),#5633,.T.);
#5607 = FACE_BOUND('',#5608,.T.);
#5608 = EDGE_LOOP('',(#5609,#5619,#5627));
#5609 = ORIENTED_EDGE('',*,*,#5610,.T.);
#5610 = EDGE_CURVE('',#5611,#5613,#5615,.T.);
#5611 = VERTEX_POINT('',#5612);
#5612 = CARTESIAN_POINT('',(6.699999809265,-1.399999976158,
    9.999999776483E-03));
#5613 = VERTEX_POINT('',#5614);
#5614 = CARTESIAN_POINT('',(6.699999809265,-1.399999976158,0.));
#5615 = LINE('',#5616,#5617);
#5616 = CARTESIAN_POINT('',(6.699999809265,-1.399999976158,
    9.999999776483E-03));
#5617 = VECTOR('',#5618,1.);
#5618 = DIRECTION('',(0.,0.,-1.));
#5619 = ORIENTED_EDGE('',*,*,#5620,.T.);
#5620 = EDGE_CURVE('',#5613,#5621,#5623,.T.);
#5621 = VERTEX_POINT('',#5622);
#5622 = CARTESIAN_POINT('',(3.5,-1.399999976158,0.));
#5623 = LINE('',#5624,#5625);
#5624 = CARTESIAN_POINT('',(6.699999809265,-1.399999976158,0.));
#5625 = VECTOR('',#5626,1.);
#5626 = DIRECTION('',(-1.,0.,0.));
#5627 = ORIENTED_EDGE('',*,*,#5628,.T.);
#5628 = EDGE_CURVE('',#5621,#5611,#5629,.T.);
#5629 = LINE('',#5630,#5631);
#5630 = CARTESIAN_POINT('',(3.5,-1.399999976158,0.));
#5631 = VECTOR('',#5632,1.);
#5632 = DIRECTION('',(0.999995117223,0.,3.124984857736E-03));
#5633 = PLANE('',#5634);
#5634 = AXIS2_PLACEMENT_3D('',#5635,#5636,#5637);
#5635 = CARTESIAN_POINT('',(5.102495998336,-1.399999976158,
    2.503906184642E-03));
#5636 = DIRECTION('',(0.,1.,0.));
#5637 = DIRECTION('',(0.,-0.,1.));
#5638 = ADVANCED_FACE('',(#5639),#5656,.T.);
#5639 = FACE_BOUND('',#5640,.T.);
#5640 = EDGE_LOOP('',(#5641,#5649,#5650));
#5641 = ORIENTED_EDGE('',*,*,#5642,.T.);
#5642 = EDGE_CURVE('',#5643,#5611,#5645,.T.);
#5643 = VERTEX_POINT('',#5644);
#5644 = CARTESIAN_POINT('',(3.5,-1.399999976158,9.999999776483E-03));
#5645 = LINE('',#5646,#5647);
#5646 = CARTESIAN_POINT('',(3.5,-1.399999976158,9.999999776483E-03));
#5647 = VECTOR('',#5648,1.);
#5648 = DIRECTION('',(1.,0.,0.));
#5649 = ORIENTED_EDGE('',*,*,#5628,.F.);
#5650 = ORIENTED_EDGE('',*,*,#5651,.T.);
#5651 = EDGE_CURVE('',#5621,#5643,#5652,.T.);
#5652 = LINE('',#5653,#5654);
#5653 = CARTESIAN_POINT('',(3.5,-1.399999976158,0.));
#5654 = VECTOR('',#5655,1.);
#5655 = DIRECTION('',(0.,0.,1.));
#5656 = PLANE('',#5657);
#5657 = AXIS2_PLACEMENT_3D('',#5658,#5659,#5660);
#5658 = CARTESIAN_POINT('',(5.097503810929,-1.399999976158,
    7.49609359184E-03));
#5659 = DIRECTION('',(0.,1.,0.));
#5660 = DIRECTION('',(0.,-0.,1.));
#5661 = ADVANCED_FACE('',(#5662),#5679,.T.);
#5662 = FACE_BOUND('',#5663,.T.);
#5663 = EDGE_LOOP('',(#5664,#5665,#5673));
#5664 = ORIENTED_EDGE('',*,*,#5651,.F.);
#5665 = ORIENTED_EDGE('',*,*,#5666,.T.);
#5666 = EDGE_CURVE('',#5621,#5667,#5669,.T.);
#5667 = VERTEX_POINT('',#5668);
#5668 = CARTESIAN_POINT('',(3.5,-0.600000023842,0.));
#5669 = LINE('',#5670,#5671);
#5670 = CARTESIAN_POINT('',(3.5,-1.399999976158,0.));
#5671 = VECTOR('',#5672,1.);
#5672 = DIRECTION('',(0.,1.,0.));
#5673 = ORIENTED_EDGE('',*,*,#5674,.T.);
#5674 = EDGE_CURVE('',#5667,#5643,#5675,.T.);
#5675 = LINE('',#5676,#5677);
#5676 = CARTESIAN_POINT('',(3.5,-0.600000023842,0.));
#5677 = VECTOR('',#5678,1.);
#5678 = DIRECTION('',(0.,-0.999921884148,1.249902401748E-02));
#5679 = PLANE('',#5680);
#5680 = AXIS2_PLACEMENT_3D('',#5681,#5682,#5683);
#5681 = CARTESIAN_POINT('',(3.5,-1.002484375554,2.51562433405E-03));
#5682 = DIRECTION('',(1.,0.,0.));
#5683 = DIRECTION('',(-0.,0.,1.));
#5684 = ADVANCED_FACE('',(#5685),#5702,.T.);
#5685 = FACE_BOUND('',#5686,.T.);
#5686 = EDGE_LOOP('',(#5687,#5695,#5696));
#5687 = ORIENTED_EDGE('',*,*,#5688,.T.);
#5688 = EDGE_CURVE('',#5689,#5643,#5691,.T.);
#5689 = VERTEX_POINT('',#5690);
#5690 = CARTESIAN_POINT('',(3.5,-0.600000023842,9.999999776483E-03));
#5691 = LINE('',#5692,#5693);
#5692 = CARTESIAN_POINT('',(3.5,-0.600000023842,9.999999776483E-03));
#5693 = VECTOR('',#5694,1.);
#5694 = DIRECTION('',(0.,-1.,0.));
#5695 = ORIENTED_EDGE('',*,*,#5674,.F.);
#5696 = ORIENTED_EDGE('',*,*,#5697,.T.);
#5697 = EDGE_CURVE('',#5667,#5689,#5698,.T.);
#5698 = LINE('',#5699,#5700);
#5699 = CARTESIAN_POINT('',(3.5,-0.600000023842,0.));
#5700 = VECTOR('',#5701,1.);
#5701 = DIRECTION('',(0.,0.,1.));
#5702 = PLANE('',#5703);
#5703 = AXIS2_PLACEMENT_3D('',#5704,#5705,#5706);
#5704 = CARTESIAN_POINT('',(3.5,-0.997515624446,7.484375442433E-03));
#5705 = DIRECTION('',(1.,0.,0.));
#5706 = DIRECTION('',(-0.,0.,1.));
#5707 = ADVANCED_FACE('',(#5708),#5725,.T.);
#5708 = FACE_BOUND('',#5709,.T.);
#5709 = EDGE_LOOP('',(#5710,#5711,#5719));
#5710 = ORIENTED_EDGE('',*,*,#5697,.F.);
#5711 = ORIENTED_EDGE('',*,*,#5712,.T.);
#5712 = EDGE_CURVE('',#5667,#5713,#5715,.T.);
#5713 = VERTEX_POINT('',#5714);
#5714 = CARTESIAN_POINT('',(6.699999809265,-0.600000023842,0.));
#5715 = LINE('',#5716,#5717);
#5716 = CARTESIAN_POINT('',(3.5,-0.600000023842,0.));
#5717 = VECTOR('',#5718,1.);
#5718 = DIRECTION('',(1.,0.,0.));
#5719 = ORIENTED_EDGE('',*,*,#5720,.T.);
#5720 = EDGE_CURVE('',#5713,#5689,#5721,.T.);
#5721 = LINE('',#5722,#5723);
#5722 = CARTESIAN_POINT('',(6.699999809265,-0.600000023842,0.));
#5723 = VECTOR('',#5724,1.);
#5724 = DIRECTION('',(-0.999995117223,0.,3.124984857736E-03));
#5725 = PLANE('',#5726);
#5726 = AXIS2_PLACEMENT_3D('',#5727,#5728,#5729);
#5727 = CARTESIAN_POINT('',(5.097503810929,-0.600000023842,
    2.503906184642E-03));
#5728 = DIRECTION('',(-0.,-1.,-0.));
#5729 = DIRECTION('',(0.,0.,-1.));
#5730 = ADVANCED_FACE('',(#5731),#5748,.T.);
#5731 = FACE_BOUND('',#5732,.T.);
#5732 = EDGE_LOOP('',(#5733,#5741,#5742));
#5733 = ORIENTED_EDGE('',*,*,#5734,.T.);
#5734 = EDGE_CURVE('',#5735,#5689,#5737,.T.);
#5735 = VERTEX_POINT('',#5736);
#5736 = CARTESIAN_POINT('',(6.699999809265,-0.600000023842,
    9.999999776483E-03));
#5737 = LINE('',#5738,#5739);
#5738 = CARTESIAN_POINT('',(6.699999809265,-0.600000023842,
    9.999999776483E-03));
#5739 = VECTOR('',#5740,1.);
#5740 = DIRECTION('',(-1.,0.,0.));
#5741 = ORIENTED_EDGE('',*,*,#5720,.F.);
#5742 = ORIENTED_EDGE('',*,*,#5743,.T.);
#5743 = EDGE_CURVE('',#5713,#5735,#5744,.T.);
#5744 = LINE('',#5745,#5746);
#5745 = CARTESIAN_POINT('',(6.699999809265,-0.600000023842,0.));
#5746 = VECTOR('',#5747,1.);
#5747 = DIRECTION('',(0.,0.,1.));
#5748 = PLANE('',#5749);
#5749 = AXIS2_PLACEMENT_3D('',#5750,#5751,#5752);
#5750 = CARTESIAN_POINT('',(5.102495998336,-0.600000023842,
    7.49609359184E-03));
#5751 = DIRECTION('',(-0.,-1.,-0.));
#5752 = DIRECTION('',(0.,0.,-1.));
#5753 = ADVANCED_FACE('',(#5754),#5769,.T.);
#5754 = FACE_BOUND('',#5755,.T.);
#5755 = EDGE_LOOP('',(#5756,#5757,#5763));
#5756 = ORIENTED_EDGE('',*,*,#5743,.F.);
#5757 = ORIENTED_EDGE('',*,*,#5758,.T.);
#5758 = EDGE_CURVE('',#5713,#5613,#5759,.T.);
#5759 = LINE('',#5760,#5761);
#5760 = CARTESIAN_POINT('',(6.699999809265,-0.600000023842,0.));
#5761 = VECTOR('',#5762,1.);
#5762 = DIRECTION('',(0.,-1.,0.));
#5763 = ORIENTED_EDGE('',*,*,#5764,.T.);
#5764 = EDGE_CURVE('',#5613,#5735,#5765,.T.);
#5765 = LINE('',#5766,#5767);
#5766 = CARTESIAN_POINT('',(6.699999809265,-1.399999976158,0.));
#5767 = VECTOR('',#5768,1.);
#5768 = DIRECTION('',(0.,0.999921884148,1.249902401748E-02));
#5769 = PLANE('',#5770);
#5770 = AXIS2_PLACEMENT_3D('',#5771,#5772,#5773);
#5771 = CARTESIAN_POINT('',(6.699999809265,-0.997515624446,
    2.51562433405E-03));
#5772 = DIRECTION('',(-1.,-0.,-0.));
#5773 = DIRECTION('',(0.,0.,-1.));
#5774 = ADVANCED_FACE('',(#5775),#5785,.T.);
#5775 = FACE_BOUND('',#5776,.T.);
#5776 = EDGE_LOOP('',(#5777,#5783,#5784));
#5777 = ORIENTED_EDGE('',*,*,#5778,.T.);
#5778 = EDGE_CURVE('',#5611,#5735,#5779,.T.);
#5779 = LINE('',#5780,#5781);
#5780 = CARTESIAN_POINT('',(6.699999809265,-1.399999976158,
    9.999999776483E-03));
#5781 = VECTOR('',#5782,1.);
#5782 = DIRECTION('',(0.,1.,0.));
#5783 = ORIENTED_EDGE('',*,*,#5764,.F.);
#5784 = ORIENTED_EDGE('',*,*,#5610,.F.);
#5785 = PLANE('',#5786);
#5786 = AXIS2_PLACEMENT_3D('',#5787,#5788,#5789);
#5787 = CARTESIAN_POINT('',(6.699999809265,-1.002484375554,
    7.484375442433E-03));
#5788 = DIRECTION('',(-1.,-0.,-0.));
#5789 = DIRECTION('',(0.,0.,-1.));
#5790 = ADVANCED_FACE('',(#5791),#5801,.T.);
#5791 = FACE_BOUND('',#5792,.T.);
#5792 = EDGE_LOOP('',(#5793,#5794,#5795));
#5793 = ORIENTED_EDGE('',*,*,#5734,.F.);
#5794 = ORIENTED_EDGE('',*,*,#5778,.F.);
#5795 = ORIENTED_EDGE('',*,*,#5796,.T.);
#5796 = EDGE_CURVE('',#5611,#5689,#5797,.T.);
#5797 = LINE('',#5798,#5799);
#5798 = CARTESIAN_POINT('',(6.699999809265,-1.399999976158,
    9.999999776483E-03));
#5799 = VECTOR('',#5800,1.);
#5800 = DIRECTION('',(-0.970142500145,0.242535625036,0.));
#5801 = PLANE('',#5802);
#5802 = AXIS2_PLACEMENT_3D('',#5803,#5804,#5805);
#5803 = CARTESIAN_POINT('',(5.275378769056,-0.824621135577,
    9.999999776483E-03));
#5804 = DIRECTION('',(-0.,-0.,-1.));
#5805 = DIRECTION('',(-1.,0.,0.));
#5806 = ADVANCED_FACE('',(#5807),#5812,.T.);
#5807 = FACE_BOUND('',#5808,.T.);
#5808 = EDGE_LOOP('',(#5809,#5810,#5811));
#5809 = ORIENTED_EDGE('',*,*,#5688,.F.);
#5810 = ORIENTED_EDGE('',*,*,#5796,.F.);
#5811 = ORIENTED_EDGE('',*,*,#5642,.F.);
#5812 = PLANE('',#5813);
#5813 = AXIS2_PLACEMENT_3D('',#5814,#5815,#5816);
#5814 = CARTESIAN_POINT('',(4.924621040209,-1.175378864423,
    9.999999776483E-03));
#5815 = DIRECTION('',(-0.,-0.,-1.));
#5816 = DIRECTION('',(-1.,0.,0.));
#5817 = ADVANCED_FACE('',(#5818),#5844,.T.);
#5818 = FACE_BOUND('',#5819,.T.);
#5819 = EDGE_LOOP('',(#5820,#5830,#5838));
#5820 = ORIENTED_EDGE('',*,*,#5821,.T.);
#5821 = EDGE_CURVE('',#5822,#5824,#5826,.T.);
#5822 = VERTEX_POINT('',#5823);
#5823 = CARTESIAN_POINT('',(3.5,3.,9.999999776483E-03));
#5824 = VERTEX_POINT('',#5825);
#5825 = CARTESIAN_POINT('',(3.5,3.,0.));
#5826 = LINE('',#5827,#5828);
#5827 = CARTESIAN_POINT('',(3.5,3.,9.999999776483E-03));
#5828 = VECTOR('',#5829,1.);
#5829 = DIRECTION('',(0.,0.,-1.));
#5830 = ORIENTED_EDGE('',*,*,#5831,.T.);
#5831 = EDGE_CURVE('',#5824,#5832,#5834,.T.);
#5832 = VERTEX_POINT('',#5833);
#5833 = CARTESIAN_POINT('',(3.5,3.799999952316,0.));
#5834 = LINE('',#5835,#5836);
#5835 = CARTESIAN_POINT('',(3.5,3.,0.));
#5836 = VECTOR('',#5837,1.);
#5837 = DIRECTION('',(0.,1.,0.));
#5838 = ORIENTED_EDGE('',*,*,#5839,.T.);
#5839 = EDGE_CURVE('',#5832,#5822,#5840,.T.);
#5840 = LINE('',#5841,#5842);
#5841 = CARTESIAN_POINT('',(3.5,3.799999952316,0.));
#5842 = VECTOR('',#5843,1.);
#5843 = DIRECTION('',(0.,-0.999921884148,1.249902401748E-02));
#5844 = PLANE('',#5845);
#5845 = AXIS2_PLACEMENT_3D('',#5846,#5847,#5848);
#5846 = CARTESIAN_POINT('',(3.5,3.397515600604,2.51562433405E-03));
#5847 = DIRECTION('',(1.,0.,0.));
#5848 = DIRECTION('',(-0.,0.,1.));
#5849 = ADVANCED_FACE('',(#5850),#5867,.T.);
#5850 = FACE_BOUND('',#5851,.T.);
#5851 = EDGE_LOOP('',(#5852,#5860,#5861));
#5852 = ORIENTED_EDGE('',*,*,#5853,.T.);
#5853 = EDGE_CURVE('',#5854,#5822,#5856,.T.);
#5854 = VERTEX_POINT('',#5855);
#5855 = CARTESIAN_POINT('',(3.5,3.799999952316,9.999999776483E-03));
#5856 = LINE('',#5857,#5858);
#5857 = CARTESIAN_POINT('',(3.5,3.799999952316,9.999999776483E-03));
#5858 = VECTOR('',#5859,1.);
#5859 = DIRECTION('',(0.,-1.,0.));
#5860 = ORIENTED_EDGE('',*,*,#5839,.F.);
#5861 = ORIENTED_EDGE('',*,*,#5862,.T.);
#5862 = EDGE_CURVE('',#5832,#5854,#5863,.T.);
#5863 = LINE('',#5864,#5865);
#5864 = CARTESIAN_POINT('',(3.5,3.799999952316,0.));
#5865 = VECTOR('',#5866,1.);
#5866 = DIRECTION('',(0.,0.,1.));
#5867 = PLANE('',#5868);
#5868 = AXIS2_PLACEMENT_3D('',#5869,#5870,#5871);
#5869 = CARTESIAN_POINT('',(3.5,3.402484351712,7.484375442433E-03));
#5870 = DIRECTION('',(1.,0.,0.));
#5871 = DIRECTION('',(-0.,0.,1.));
#5872 = ADVANCED_FACE('',(#5873),#5890,.T.);
#5873 = FACE_BOUND('',#5874,.T.);
#5874 = EDGE_LOOP('',(#5875,#5876,#5884));
#5875 = ORIENTED_EDGE('',*,*,#5862,.F.);
#5876 = ORIENTED_EDGE('',*,*,#5877,.T.);
#5877 = EDGE_CURVE('',#5832,#5878,#5880,.T.);
#5878 = VERTEX_POINT('',#5879);
#5879 = CARTESIAN_POINT('',(6.400000095367,3.799999952316,0.));
#5880 = LINE('',#5881,#5882);
#5881 = CARTESIAN_POINT('',(3.5,3.799999952316,0.));
#5882 = VECTOR('',#5883,1.);
#5883 = DIRECTION('',(1.,0.,0.));
#5884 = ORIENTED_EDGE('',*,*,#5885,.T.);
#5885 = EDGE_CURVE('',#5878,#5854,#5886,.T.);
#5886 = LINE('',#5887,#5888);
#5887 = CARTESIAN_POINT('',(6.400000095367,3.799999952316,0.));
#5888 = VECTOR('',#5889,1.);
#5889 = DIRECTION('',(-0.99999405475,0.,3.448255170737E-03));
#5890 = PLANE('',#5891);
#5891 = AXIS2_PLACEMENT_3D('',#5892,#5893,#5894);
#5892 = CARTESIAN_POINT('',(4.947504358071,3.799999952316,
    2.504310275801E-03));
#5893 = DIRECTION('',(-0.,-1.,-0.));
#5894 = DIRECTION('',(0.,0.,-1.));
#5895 = ADVANCED_FACE('',(#5896),#5913,.T.);
#5896 = FACE_BOUND('',#5897,.T.);
#5897 = EDGE_LOOP('',(#5898,#5906,#5907));
#5898 = ORIENTED_EDGE('',*,*,#5899,.T.);
#5899 = EDGE_CURVE('',#5900,#5854,#5902,.T.);
#5900 = VERTEX_POINT('',#5901);
#5901 = CARTESIAN_POINT('',(6.400000095367,3.799999952316,
    9.999999776483E-03));
#5902 = LINE('',#5903,#5904);
#5903 = CARTESIAN_POINT('',(6.400000095367,3.799999952316,
    9.999999776483E-03));
#5904 = VECTOR('',#5905,1.);
#5905 = DIRECTION('',(-1.,0.,0.));
#5906 = ORIENTED_EDGE('',*,*,#5885,.F.);
#5907 = ORIENTED_EDGE('',*,*,#5908,.T.);
#5908 = EDGE_CURVE('',#5878,#5900,#5909,.T.);
#5909 = LINE('',#5910,#5911);
#5910 = CARTESIAN_POINT('',(6.400000095367,3.799999952316,0.));
#5911 = VECTOR('',#5912,1.);
#5912 = DIRECTION('',(0.,0.,1.));
#5913 = PLANE('',#5914);
#5914 = AXIS2_PLACEMENT_3D('',#5915,#5916,#5917);
#5915 = CARTESIAN_POINT('',(4.952495737296,3.799999952316,
    7.495689500682E-03));
#5916 = DIRECTION('',(-0.,-1.,-0.));
#5917 = DIRECTION('',(0.,0.,-1.));
#5918 = ADVANCED_FACE('',(#5919),#5936,.T.);
#5919 = FACE_BOUND('',#5920,.T.);
#5920 = EDGE_LOOP('',(#5921,#5922,#5930));
#5921 = ORIENTED_EDGE('',*,*,#5908,.F.);
#5922 = ORIENTED_EDGE('',*,*,#5923,.T.);
#5923 = EDGE_CURVE('',#5878,#5924,#5926,.T.);
#5924 = VERTEX_POINT('',#5925);
#5925 = CARTESIAN_POINT('',(6.400000095367,3.,0.));
#5926 = LINE('',#5927,#5928);
#5927 = CARTESIAN_POINT('',(6.400000095367,3.799999952316,0.));
#5928 = VECTOR('',#5929,1.);
#5929 = DIRECTION('',(0.,-1.,0.));
#5930 = ORIENTED_EDGE('',*,*,#5931,.T.);
#5931 = EDGE_CURVE('',#5924,#5900,#5932,.T.);
#5932 = LINE('',#5933,#5934);
#5933 = CARTESIAN_POINT('',(6.400000095367,3.,0.));
#5934 = VECTOR('',#5935,1.);
#5935 = DIRECTION('',(0.,0.999921884148,1.249902401748E-02));
#5936 = PLANE('',#5937);
#5937 = AXIS2_PLACEMENT_3D('',#5938,#5939,#5940);
#5938 = CARTESIAN_POINT('',(6.400000095367,3.402484351712,
    2.51562433405E-03));
#5939 = DIRECTION('',(-1.,-0.,-0.));
#5940 = DIRECTION('',(0.,0.,-1.));
#5941 = ADVANCED_FACE('',(#5942),#5959,.T.);
#5942 = FACE_BOUND('',#5943,.T.);
#5943 = EDGE_LOOP('',(#5944,#5952,#5953));
#5944 = ORIENTED_EDGE('',*,*,#5945,.T.);
#5945 = EDGE_CURVE('',#5946,#5900,#5948,.T.);
#5946 = VERTEX_POINT('',#5947);
#5947 = CARTESIAN_POINT('',(6.400000095367,3.,9.999999776483E-03));
#5948 = LINE('',#5949,#5950);
#5949 = CARTESIAN_POINT('',(6.400000095367,3.,9.999999776483E-03));
#5950 = VECTOR('',#5951,1.);
#5951 = DIRECTION('',(0.,1.,0.));
#5952 = ORIENTED_EDGE('',*,*,#5931,.F.);
#5953 = ORIENTED_EDGE('',*,*,#5954,.T.);
#5954 = EDGE_CURVE('',#5924,#5946,#5955,.T.);
#5955 = LINE('',#5956,#5957);
#5956 = CARTESIAN_POINT('',(6.400000095367,3.,0.));
#5957 = VECTOR('',#5958,1.);
#5958 = DIRECTION('',(0.,0.,1.));
#5959 = PLANE('',#5960);
#5960 = AXIS2_PLACEMENT_3D('',#5961,#5962,#5963);
#5961 = CARTESIAN_POINT('',(6.400000095367,3.397515600604,
    7.484375442433E-03));
#5962 = DIRECTION('',(-1.,-0.,-0.));
#5963 = DIRECTION('',(0.,0.,-1.));
#5964 = ADVANCED_FACE('',(#5965),#5980,.T.);
#5965 = FACE_BOUND('',#5966,.T.);
#5966 = EDGE_LOOP('',(#5967,#5968,#5974));
#5967 = ORIENTED_EDGE('',*,*,#5954,.F.);
#5968 = ORIENTED_EDGE('',*,*,#5969,.T.);
#5969 = EDGE_CURVE('',#5924,#5824,#5970,.T.);
#5970 = LINE('',#5971,#5972);
#5971 = CARTESIAN_POINT('',(6.400000095367,3.,0.));
#5972 = VECTOR('',#5973,1.);
#5973 = DIRECTION('',(-1.,0.,0.));
#5974 = ORIENTED_EDGE('',*,*,#5975,.T.);
#5975 = EDGE_CURVE('',#5824,#5946,#5976,.T.);
#5976 = LINE('',#5977,#5978);
#5977 = CARTESIAN_POINT('',(3.5,3.,0.));
#5978 = VECTOR('',#5979,1.);
#5979 = DIRECTION('',(0.99999405475,0.,3.448255170737E-03));
#5980 = PLANE('',#5981);
#5981 = AXIS2_PLACEMENT_3D('',#5982,#5983,#5984);
#5982 = CARTESIAN_POINT('',(4.952495737296,3.,2.504310275801E-03));
#5983 = DIRECTION('',(0.,1.,0.));
#5984 = DIRECTION('',(0.,-0.,1.));
#5985 = ADVANCED_FACE('',(#5986),#5996,.T.);
#5986 = FACE_BOUND('',#5987,.T.);
#5987 = EDGE_LOOP('',(#5988,#5994,#5995));
#5988 = ORIENTED_EDGE('',*,*,#5989,.T.);
#5989 = EDGE_CURVE('',#5822,#5946,#5990,.T.);
#5990 = LINE('',#5991,#5992);
#5991 = CARTESIAN_POINT('',(3.5,3.,9.999999776483E-03));
#5992 = VECTOR('',#5993,1.);
#5993 = DIRECTION('',(1.,0.,0.));
#5994 = ORIENTED_EDGE('',*,*,#5975,.F.);
#5995 = ORIENTED_EDGE('',*,*,#5821,.F.);
#5996 = PLANE('',#5997);
#5997 = AXIS2_PLACEMENT_3D('',#5998,#5999,#6000);
#5998 = CARTESIAN_POINT('',(4.947504358071,3.,7.495689500682E-03));
#5999 = DIRECTION('',(0.,1.,0.));
#6000 = DIRECTION('',(0.,-0.,1.));
#6001 = ADVANCED_FACE('',(#6002),#6012,.T.);
#6002 = FACE_BOUND('',#6003,.T.);
#6003 = EDGE_LOOP('',(#6004,#6005,#6006));
#6004 = ORIENTED_EDGE('',*,*,#5945,.F.);
#6005 = ORIENTED_EDGE('',*,*,#5989,.F.);
#6006 = ORIENTED_EDGE('',*,*,#6007,.T.);
#6007 = EDGE_CURVE('',#5822,#5900,#6008,.T.);
#6008 = LINE('',#6009,#6010);
#6009 = CARTESIAN_POINT('',(3.5,3.,9.999999776483E-03));
#6010 = VECTOR('',#6011,1.);
#6011 = DIRECTION('',(0.963992624511,0.265928975269,0.));
#6012 = PLANE('',#6013);
#6013 = AXIS2_PLACEMENT_3D('',#6014,#6015,#6016);
#6014 = CARTESIAN_POINT('',(5.122919591967,3.227080431875,
    9.999999776483E-03));
#6015 = DIRECTION('',(-0.,-0.,-1.));
#6016 = DIRECTION('',(-1.,0.,0.));
#6017 = ADVANCED_FACE('',(#6018),#6023,.T.);
#6018 = FACE_BOUND('',#6019,.T.);
#6019 = EDGE_LOOP('',(#6020,#6021,#6022));
#6020 = ORIENTED_EDGE('',*,*,#5899,.F.);
#6021 = ORIENTED_EDGE('',*,*,#6007,.F.);
#6022 = ORIENTED_EDGE('',*,*,#5853,.F.);
#6023 = PLANE('',#6024);
#6024 = AXIS2_PLACEMENT_3D('',#6025,#6026,#6027);
#6025 = CARTESIAN_POINT('',(4.777080503401,3.572919520441,
    9.999999776483E-03));
#6026 = DIRECTION('',(-0.,-0.,-1.));
#6027 = DIRECTION('',(-1.,0.,0.));
#6028 = ADVANCED_FACE('',(#6029),#6055,.T.);
#6029 = FACE_BOUND('',#6030,.T.);
#6030 = EDGE_LOOP('',(#6031,#6041,#6049));
#6031 = ORIENTED_EDGE('',*,*,#6032,.T.);
#6032 = EDGE_CURVE('',#6033,#6035,#6037,.T.);
#6033 = VERTEX_POINT('',#6034);
#6034 = CARTESIAN_POINT('',(3.5,1.899999976158,9.999999776483E-03));
#6035 = VERTEX_POINT('',#6036);
#6036 = CARTESIAN_POINT('',(3.5,1.899999976158,0.));
#6037 = LINE('',#6038,#6039);
#6038 = CARTESIAN_POINT('',(3.5,1.899999976158,9.999999776483E-03));
#6039 = VECTOR('',#6040,1.);
#6040 = DIRECTION('',(0.,0.,-1.));
#6041 = ORIENTED_EDGE('',*,*,#6042,.T.);
#6042 = EDGE_CURVE('',#6035,#6043,#6045,.T.);
#6043 = VERTEX_POINT('',#6044);
#6044 = CARTESIAN_POINT('',(3.5,2.700000047684,0.));
#6045 = LINE('',#6046,#6047);
#6046 = CARTESIAN_POINT('',(3.5,1.899999976158,0.));
#6047 = VECTOR('',#6048,1.);
#6048 = DIRECTION('',(0.,1.,0.));
#6049 = ORIENTED_EDGE('',*,*,#6050,.T.);
#6050 = EDGE_CURVE('',#6043,#6033,#6051,.T.);
#6051 = LINE('',#6052,#6053);
#6052 = CARTESIAN_POINT('',(3.5,2.700000047684,0.));
#6053 = VECTOR('',#6054,1.);
#6054 = DIRECTION('',(0.,-0.999921884172,1.249902215527E-02));
#6055 = PLANE('',#6056);
#6056 = AXIS2_PLACEMENT_3D('',#6057,#6058,#6059);
#6057 = CARTESIAN_POINT('',(3.5,2.297515636364,2.515624331722E-03));
#6058 = DIRECTION('',(1.,0.,0.));
#6059 = DIRECTION('',(-0.,0.,1.));
#6060 = ADVANCED_FACE('',(#6061),#6078,.T.);
#6061 = FACE_BOUND('',#6062,.T.);
#6062 = EDGE_LOOP('',(#6063,#6071,#6072));
#6063 = ORIENTED_EDGE('',*,*,#6064,.T.);
#6064 = EDGE_CURVE('',#6065,#6033,#6067,.T.);
#6065 = VERTEX_POINT('',#6066);
#6066 = CARTESIAN_POINT('',(3.5,2.700000047684,9.999999776483E-03));
#6067 = LINE('',#6068,#6069);
#6068 = CARTESIAN_POINT('',(3.5,2.700000047684,9.999999776483E-03));
#6069 = VECTOR('',#6070,1.);
#6070 = DIRECTION('',(0.,-1.,0.));
#6071 = ORIENTED_EDGE('',*,*,#6050,.F.);
#6072 = ORIENTED_EDGE('',*,*,#6073,.T.);
#6073 = EDGE_CURVE('',#6043,#6065,#6074,.T.);
#6074 = LINE('',#6075,#6076);
#6075 = CARTESIAN_POINT('',(3.5,2.700000047684,0.));
#6076 = VECTOR('',#6077,1.);
#6077 = DIRECTION('',(0.,0.,1.));
#6078 = PLANE('',#6079);
#6079 = AXIS2_PLACEMENT_3D('',#6080,#6081,#6082);
#6080 = CARTESIAN_POINT('',(3.5,2.302484387477,7.484375444761E-03));
#6081 = DIRECTION('',(1.,0.,0.));
#6082 = DIRECTION('',(-0.,0.,1.));
#6083 = ADVANCED_FACE('',(#6084),#6101,.T.);
#6084 = FACE_BOUND('',#6085,.T.);
#6085 = EDGE_LOOP('',(#6086,#6087,#6095));
#6086 = ORIENTED_EDGE('',*,*,#6073,.F.);
#6087 = ORIENTED_EDGE('',*,*,#6088,.T.);
#6088 = EDGE_CURVE('',#6043,#6089,#6091,.T.);
#6089 = VERTEX_POINT('',#6090);
#6090 = CARTESIAN_POINT('',(6.400000095367,2.700000047684,0.));
#6091 = LINE('',#6092,#6093);
#6092 = CARTESIAN_POINT('',(3.5,2.700000047684,0.));
#6093 = VECTOR('',#6094,1.);
#6094 = DIRECTION('',(1.,0.,0.));
#6095 = ORIENTED_EDGE('',*,*,#6096,.T.);
#6096 = EDGE_CURVE('',#6089,#6065,#6097,.T.);
#6097 = LINE('',#6098,#6099);
#6098 = CARTESIAN_POINT('',(6.400000095367,2.700000047684,0.));
#6099 = VECTOR('',#6100,1.);
#6100 = DIRECTION('',(-0.99999405475,0.,3.448255170737E-03));
#6101 = PLANE('',#6102);
#6102 = AXIS2_PLACEMENT_3D('',#6103,#6104,#6105);
#6103 = CARTESIAN_POINT('',(4.947504358071,2.700000047684,
    2.504310275801E-03));
#6104 = DIRECTION('',(-0.,-1.,-0.));
#6105 = DIRECTION('',(0.,0.,-1.));
#6106 = ADVANCED_FACE('',(#6107),#6124,.T.);
#6107 = FACE_BOUND('',#6108,.T.);
#6108 = EDGE_LOOP('',(#6109,#6117,#6118));
#6109 = ORIENTED_EDGE('',*,*,#6110,.T.);
#6110 = EDGE_CURVE('',#6111,#6065,#6113,.T.);
#6111 = VERTEX_POINT('',#6112);
#6112 = CARTESIAN_POINT('',(6.400000095367,2.700000047684,
    9.999999776483E-03));
#6113 = LINE('',#6114,#6115);
#6114 = CARTESIAN_POINT('',(6.400000095367,2.700000047684,
    9.999999776483E-03));
#6115 = VECTOR('',#6116,1.);
#6116 = DIRECTION('',(-1.,0.,0.));
#6117 = ORIENTED_EDGE('',*,*,#6096,.F.);
#6118 = ORIENTED_EDGE('',*,*,#6119,.T.);
#6119 = EDGE_CURVE('',#6089,#6111,#6120,.T.);
#6120 = LINE('',#6121,#6122);
#6121 = CARTESIAN_POINT('',(6.400000095367,2.700000047684,0.));
#6122 = VECTOR('',#6123,1.);
#6123 = DIRECTION('',(0.,0.,1.));
#6124 = PLANE('',#6125);
#6125 = AXIS2_PLACEMENT_3D('',#6126,#6127,#6128);
#6126 = CARTESIAN_POINT('',(4.952495737296,2.700000047684,
    7.495689500682E-03));
#6127 = DIRECTION('',(-0.,-1.,-0.));
#6128 = DIRECTION('',(0.,0.,-1.));
#6129 = ADVANCED_FACE('',(#6130),#6147,.T.);
#6130 = FACE_BOUND('',#6131,.T.);
#6131 = EDGE_LOOP('',(#6132,#6133,#6141));
#6132 = ORIENTED_EDGE('',*,*,#6119,.F.);
#6133 = ORIENTED_EDGE('',*,*,#6134,.T.);
#6134 = EDGE_CURVE('',#6089,#6135,#6137,.T.);
#6135 = VERTEX_POINT('',#6136);
#6136 = CARTESIAN_POINT('',(6.400000095367,1.899999976158,0.));
#6137 = LINE('',#6138,#6139);
#6138 = CARTESIAN_POINT('',(6.400000095367,2.700000047684,0.));
#6139 = VECTOR('',#6140,1.);
#6140 = DIRECTION('',(0.,-1.,0.));
#6141 = ORIENTED_EDGE('',*,*,#6142,.T.);
#6142 = EDGE_CURVE('',#6135,#6111,#6143,.T.);
#6143 = LINE('',#6144,#6145);
#6144 = CARTESIAN_POINT('',(6.400000095367,1.899999976158,0.));
#6145 = VECTOR('',#6146,1.);
#6146 = DIRECTION('',(0.,0.999921884172,1.249902215527E-02));
#6147 = PLANE('',#6148);
#6148 = AXIS2_PLACEMENT_3D('',#6149,#6150,#6151);
#6149 = CARTESIAN_POINT('',(6.400000095367,2.302484387477,
    2.515624331722E-03));
#6150 = DIRECTION('',(-1.,-0.,-0.));
#6151 = DIRECTION('',(0.,0.,-1.));
#6152 = ADVANCED_FACE('',(#6153),#6170,.T.);
#6153 = FACE_BOUND('',#6154,.T.);
#6154 = EDGE_LOOP('',(#6155,#6163,#6164));
#6155 = ORIENTED_EDGE('',*,*,#6156,.T.);
#6156 = EDGE_CURVE('',#6157,#6111,#6159,.T.);
#6157 = VERTEX_POINT('',#6158);
#6158 = CARTESIAN_POINT('',(6.400000095367,1.899999976158,
    9.999999776483E-03));
#6159 = LINE('',#6160,#6161);
#6160 = CARTESIAN_POINT('',(6.400000095367,1.899999976158,
    9.999999776483E-03));
#6161 = VECTOR('',#6162,1.);
#6162 = DIRECTION('',(0.,1.,0.));
#6163 = ORIENTED_EDGE('',*,*,#6142,.F.);
#6164 = ORIENTED_EDGE('',*,*,#6165,.T.);
#6165 = EDGE_CURVE('',#6135,#6157,#6166,.T.);
#6166 = LINE('',#6167,#6168);
#6167 = CARTESIAN_POINT('',(6.400000095367,1.899999976158,0.));
#6168 = VECTOR('',#6169,1.);
#6169 = DIRECTION('',(0.,0.,1.));
#6170 = PLANE('',#6171);
#6171 = AXIS2_PLACEMENT_3D('',#6172,#6173,#6174);
#6172 = CARTESIAN_POINT('',(6.400000095367,2.297515636364,
    7.484375444761E-03));
#6173 = DIRECTION('',(-1.,-0.,-0.));
#6174 = DIRECTION('',(0.,0.,-1.));
#6175 = ADVANCED_FACE('',(#6176),#6191,.T.);
#6176 = FACE_BOUND('',#6177,.T.);
#6177 = EDGE_LOOP('',(#6178,#6179,#6185));
#6178 = ORIENTED_EDGE('',*,*,#6165,.F.);
#6179 = ORIENTED_EDGE('',*,*,#6180,.T.);
#6180 = EDGE_CURVE('',#6135,#6035,#6181,.T.);
#6181 = LINE('',#6182,#6183);
#6182 = CARTESIAN_POINT('',(6.400000095367,1.899999976158,0.));
#6183 = VECTOR('',#6184,1.);
#6184 = DIRECTION('',(-1.,0.,0.));
#6185 = ORIENTED_EDGE('',*,*,#6186,.T.);
#6186 = EDGE_CURVE('',#6035,#6157,#6187,.T.);
#6187 = LINE('',#6188,#6189);
#6188 = CARTESIAN_POINT('',(3.5,1.899999976158,0.));
#6189 = VECTOR('',#6190,1.);
#6190 = DIRECTION('',(0.99999405475,0.,3.448255170737E-03));
#6191 = PLANE('',#6192);
#6192 = AXIS2_PLACEMENT_3D('',#6193,#6194,#6195);
#6193 = CARTESIAN_POINT('',(4.952495737296,1.899999976158,
    2.504310275801E-03));
#6194 = DIRECTION('',(0.,1.,0.));
#6195 = DIRECTION('',(0.,-0.,1.));
#6196 = ADVANCED_FACE('',(#6197),#6207,.T.);
#6197 = FACE_BOUND('',#6198,.T.);
#6198 = EDGE_LOOP('',(#6199,#6205,#6206));
#6199 = ORIENTED_EDGE('',*,*,#6200,.T.);
#6200 = EDGE_CURVE('',#6033,#6157,#6201,.T.);
#6201 = LINE('',#6202,#6203);
#6202 = CARTESIAN_POINT('',(3.5,1.899999976158,9.999999776483E-03));
#6203 = VECTOR('',#6204,1.);
#6204 = DIRECTION('',(1.,0.,0.));
#6205 = ORIENTED_EDGE('',*,*,#6186,.F.);
#6206 = ORIENTED_EDGE('',*,*,#6032,.F.);
#6207 = PLANE('',#6208);
#6208 = AXIS2_PLACEMENT_3D('',#6209,#6210,#6211);
#6209 = CARTESIAN_POINT('',(4.947504358071,1.899999976158,
    7.495689500682E-03));
#6210 = DIRECTION('',(0.,1.,0.));
#6211 = DIRECTION('',(0.,-0.,1.));
#6212 = ADVANCED_FACE('',(#6213),#6223,.T.);
#6213 = FACE_BOUND('',#6214,.T.);
#6214 = EDGE_LOOP('',(#6215,#6216,#6217));
#6215 = ORIENTED_EDGE('',*,*,#6156,.F.);
#6216 = ORIENTED_EDGE('',*,*,#6200,.F.);
#6217 = ORIENTED_EDGE('',*,*,#6218,.T.);
#6218 = EDGE_CURVE('',#6033,#6111,#6219,.T.);
#6219 = LINE('',#6220,#6221);
#6220 = CARTESIAN_POINT('',(3.5,1.899999976158,9.999999776483E-03));
#6221 = VECTOR('',#6222,1.);
#6222 = DIRECTION('',(0.963992614353,0.265929012094,0.));
#6223 = PLANE('',#6224);
#6224 = AXIS2_PLACEMENT_3D('',#6225,#6226,#6227);
#6225 = CARTESIAN_POINT('',(5.122919613844,2.127080445761,
    9.999999776483E-03));
#6226 = DIRECTION('',(-0.,-0.,-1.));
#6227 = DIRECTION('',(-1.,0.,0.));
#6228 = ADVANCED_FACE('',(#6229),#6234,.T.);
#6229 = FACE_BOUND('',#6230,.T.);
#6230 = EDGE_LOOP('',(#6231,#6232,#6233));
#6231 = ORIENTED_EDGE('',*,*,#6110,.F.);
#6232 = ORIENTED_EDGE('',*,*,#6218,.F.);
#6233 = ORIENTED_EDGE('',*,*,#6064,.F.);
#6234 = PLANE('',#6235);
#6235 = AXIS2_PLACEMENT_3D('',#6236,#6237,#6238);
#6236 = CARTESIAN_POINT('',(4.777080481524,2.472919578081,
    9.999999776483E-03));
#6237 = DIRECTION('',(-0.,-0.,-1.));
#6238 = DIRECTION('',(-1.,0.,0.));
#6239 = ADVANCED_FACE('',(#6240),#6266,.T.);
#6240 = FACE_BOUND('',#6241,.T.);
#6241 = EDGE_LOOP('',(#6242,#6252,#6260));
#6242 = ORIENTED_EDGE('',*,*,#6243,.T.);
#6243 = EDGE_CURVE('',#6244,#6246,#6248,.T.);
#6244 = VERTEX_POINT('',#6245);
#6245 = CARTESIAN_POINT('',(3.5,-2.5,9.999999776483E-03));
#6246 = VERTEX_POINT('',#6247);
#6247 = CARTESIAN_POINT('',(3.5,-2.5,0.));
#6248 = LINE('',#6249,#6250);
#6249 = CARTESIAN_POINT('',(3.5,-2.5,9.999999776483E-03));
#6250 = VECTOR('',#6251,1.);
#6251 = DIRECTION('',(0.,0.,-1.));
#6252 = ORIENTED_EDGE('',*,*,#6253,.T.);
#6253 = EDGE_CURVE('',#6246,#6254,#6256,.T.);
#6254 = VERTEX_POINT('',#6255);
#6255 = CARTESIAN_POINT('',(3.5,-1.700000047684,0.));
#6256 = LINE('',#6257,#6258);
#6257 = CARTESIAN_POINT('',(3.5,-2.5,0.));
#6258 = VECTOR('',#6259,1.);
#6259 = DIRECTION('',(0.,1.,0.));
#6260 = ORIENTED_EDGE('',*,*,#6261,.T.);
#6261 = EDGE_CURVE('',#6254,#6244,#6262,.T.);
#6262 = LINE('',#6263,#6264);
#6263 = CARTESIAN_POINT('',(3.5,-1.700000047684,0.));
#6264 = VECTOR('',#6265,1.);
#6265 = DIRECTION('',(0.,-0.999921884148,1.249902401748E-02));
#6266 = PLANE('',#6267);
#6267 = AXIS2_PLACEMENT_3D('',#6268,#6269,#6270);
#6268 = CARTESIAN_POINT('',(3.5,-2.102484399396,2.51562433405E-03));
#6269 = DIRECTION('',(1.,0.,0.));
#6270 = DIRECTION('',(-0.,0.,1.));
#6271 = ADVANCED_FACE('',(#6272),#6289,.T.);
#6272 = FACE_BOUND('',#6273,.T.);
#6273 = EDGE_LOOP('',(#6274,#6282,#6283));
#6274 = ORIENTED_EDGE('',*,*,#6275,.T.);
#6275 = EDGE_CURVE('',#6276,#6244,#6278,.T.);
#6276 = VERTEX_POINT('',#6277);
#6277 = CARTESIAN_POINT('',(3.5,-1.700000047684,9.999999776483E-03));
#6278 = LINE('',#6279,#6280);
#6279 = CARTESIAN_POINT('',(3.5,-1.700000047684,9.999999776483E-03));
#6280 = VECTOR('',#6281,1.);
#6281 = DIRECTION('',(0.,-1.,0.));
#6282 = ORIENTED_EDGE('',*,*,#6261,.F.);
#6283 = ORIENTED_EDGE('',*,*,#6284,.T.);
#6284 = EDGE_CURVE('',#6254,#6276,#6285,.T.);
#6285 = LINE('',#6286,#6287);
#6286 = CARTESIAN_POINT('',(3.5,-1.700000047684,0.));
#6287 = VECTOR('',#6288,1.);
#6288 = DIRECTION('',(0.,0.,1.));
#6289 = PLANE('',#6290);
#6290 = AXIS2_PLACEMENT_3D('',#6291,#6292,#6293);
#6291 = CARTESIAN_POINT('',(3.5,-2.097515648288,7.484375442433E-03));
#6292 = DIRECTION('',(1.,0.,0.));
#6293 = DIRECTION('',(-0.,0.,1.));
#6294 = ADVANCED_FACE('',(#6295),#6312,.T.);
#6295 = FACE_BOUND('',#6296,.T.);
#6296 = EDGE_LOOP('',(#6297,#6298,#6306));
#6297 = ORIENTED_EDGE('',*,*,#6284,.F.);
#6298 = ORIENTED_EDGE('',*,*,#6299,.T.);
#6299 = EDGE_CURVE('',#6254,#6300,#6302,.T.);
#6300 = VERTEX_POINT('',#6301);
#6301 = CARTESIAN_POINT('',(6.400000095367,-1.700000047684,0.));
#6302 = LINE('',#6303,#6304);
#6303 = CARTESIAN_POINT('',(3.5,-1.700000047684,0.));
#6304 = VECTOR('',#6305,1.);
#6305 = DIRECTION('',(1.,0.,0.));
#6306 = ORIENTED_EDGE('',*,*,#6307,.T.);
#6307 = EDGE_CURVE('',#6300,#6276,#6308,.T.);
#6308 = LINE('',#6309,#6310);
#6309 = CARTESIAN_POINT('',(6.400000095367,-1.700000047684,0.));
#6310 = VECTOR('',#6311,1.);
#6311 = DIRECTION('',(-0.99999405475,0.,3.448255170737E-03));
#6312 = PLANE('',#6313);
#6313 = AXIS2_PLACEMENT_3D('',#6314,#6315,#6316);
#6314 = CARTESIAN_POINT('',(4.947504358071,-1.700000047684,
    2.504310275801E-03));
#6315 = DIRECTION('',(-0.,-1.,-0.));
#6316 = DIRECTION('',(0.,0.,-1.));
#6317 = ADVANCED_FACE('',(#6318),#6335,.T.);
#6318 = FACE_BOUND('',#6319,.T.);
#6319 = EDGE_LOOP('',(#6320,#6328,#6329));
#6320 = ORIENTED_EDGE('',*,*,#6321,.T.);
#6321 = EDGE_CURVE('',#6322,#6276,#6324,.T.);
#6322 = VERTEX_POINT('',#6323);
#6323 = CARTESIAN_POINT('',(6.400000095367,-1.700000047684,
    9.999999776483E-03));
#6324 = LINE('',#6325,#6326);
#6325 = CARTESIAN_POINT('',(6.400000095367,-1.700000047684,
    9.999999776483E-03));
#6326 = VECTOR('',#6327,1.);
#6327 = DIRECTION('',(-1.,0.,0.));
#6328 = ORIENTED_EDGE('',*,*,#6307,.F.);
#6329 = ORIENTED_EDGE('',*,*,#6330,.T.);
#6330 = EDGE_CURVE('',#6300,#6322,#6331,.T.);
#6331 = LINE('',#6332,#6333);
#6332 = CARTESIAN_POINT('',(6.400000095367,-1.700000047684,0.));
#6333 = VECTOR('',#6334,1.);
#6334 = DIRECTION('',(0.,0.,1.));
#6335 = PLANE('',#6336);
#6336 = AXIS2_PLACEMENT_3D('',#6337,#6338,#6339);
#6337 = CARTESIAN_POINT('',(4.952495737296,-1.700000047684,
    7.495689500682E-03));
#6338 = DIRECTION('',(-0.,-1.,-0.));
#6339 = DIRECTION('',(0.,0.,-1.));
#6340 = ADVANCED_FACE('',(#6341),#6358,.T.);
#6341 = FACE_BOUND('',#6342,.T.);
#6342 = EDGE_LOOP('',(#6343,#6344,#6352));
#6343 = ORIENTED_EDGE('',*,*,#6330,.F.);
#6344 = ORIENTED_EDGE('',*,*,#6345,.T.);
#6345 = EDGE_CURVE('',#6300,#6346,#6348,.T.);
#6346 = VERTEX_POINT('',#6347);
#6347 = CARTESIAN_POINT('',(6.400000095367,-2.5,0.));
#6348 = LINE('',#6349,#6350);
#6349 = CARTESIAN_POINT('',(6.400000095367,-1.700000047684,0.));
#6350 = VECTOR('',#6351,1.);
#6351 = DIRECTION('',(0.,-1.,0.));
#6352 = ORIENTED_EDGE('',*,*,#6353,.T.);
#6353 = EDGE_CURVE('',#6346,#6322,#6354,.T.);
#6354 = LINE('',#6355,#6356);
#6355 = CARTESIAN_POINT('',(6.400000095367,-2.5,0.));
#6356 = VECTOR('',#6357,1.);
#6357 = DIRECTION('',(0.,0.999921884148,1.249902401748E-02));
#6358 = PLANE('',#6359);
#6359 = AXIS2_PLACEMENT_3D('',#6360,#6361,#6362);
#6360 = CARTESIAN_POINT('',(6.400000095367,-2.097515648288,
    2.51562433405E-03));
#6361 = DIRECTION('',(-1.,-0.,-0.));
#6362 = DIRECTION('',(0.,0.,-1.));
#6363 = ADVANCED_FACE('',(#6364),#6381,.T.);
#6364 = FACE_BOUND('',#6365,.T.);
#6365 = EDGE_LOOP('',(#6366,#6374,#6375));
#6366 = ORIENTED_EDGE('',*,*,#6367,.T.);
#6367 = EDGE_CURVE('',#6368,#6322,#6370,.T.);
#6368 = VERTEX_POINT('',#6369);
#6369 = CARTESIAN_POINT('',(6.400000095367,-2.5,9.999999776483E-03));
#6370 = LINE('',#6371,#6372);
#6371 = CARTESIAN_POINT('',(6.400000095367,-2.5,9.999999776483E-03));
#6372 = VECTOR('',#6373,1.);
#6373 = DIRECTION('',(0.,1.,0.));
#6374 = ORIENTED_EDGE('',*,*,#6353,.F.);
#6375 = ORIENTED_EDGE('',*,*,#6376,.T.);
#6376 = EDGE_CURVE('',#6346,#6368,#6377,.T.);
#6377 = LINE('',#6378,#6379);
#6378 = CARTESIAN_POINT('',(6.400000095367,-2.5,0.));
#6379 = VECTOR('',#6380,1.);
#6380 = DIRECTION('',(0.,0.,1.));
#6381 = PLANE('',#6382);
#6382 = AXIS2_PLACEMENT_3D('',#6383,#6384,#6385);
#6383 = CARTESIAN_POINT('',(6.400000095367,-2.102484399396,
    7.484375442433E-03));
#6384 = DIRECTION('',(-1.,-0.,-0.));
#6385 = DIRECTION('',(0.,0.,-1.));
#6386 = ADVANCED_FACE('',(#6387),#6402,.T.);
#6387 = FACE_BOUND('',#6388,.T.);
#6388 = EDGE_LOOP('',(#6389,#6390,#6396));
#6389 = ORIENTED_EDGE('',*,*,#6376,.F.);
#6390 = ORIENTED_EDGE('',*,*,#6391,.T.);
#6391 = EDGE_CURVE('',#6346,#6246,#6392,.T.);
#6392 = LINE('',#6393,#6394);
#6393 = CARTESIAN_POINT('',(6.400000095367,-2.5,0.));
#6394 = VECTOR('',#6395,1.);
#6395 = DIRECTION('',(-1.,0.,0.));
#6396 = ORIENTED_EDGE('',*,*,#6397,.T.);
#6397 = EDGE_CURVE('',#6246,#6368,#6398,.T.);
#6398 = LINE('',#6399,#6400);
#6399 = CARTESIAN_POINT('',(3.5,-2.5,0.));
#6400 = VECTOR('',#6401,1.);
#6401 = DIRECTION('',(0.99999405475,0.,3.448255170737E-03));
#6402 = PLANE('',#6403);
#6403 = AXIS2_PLACEMENT_3D('',#6404,#6405,#6406);
#6404 = CARTESIAN_POINT('',(4.952495737296,-2.5,2.504310275801E-03));
#6405 = DIRECTION('',(0.,1.,0.));
#6406 = DIRECTION('',(0.,-0.,1.));
#6407 = ADVANCED_FACE('',(#6408),#6418,.T.);
#6408 = FACE_BOUND('',#6409,.T.);
#6409 = EDGE_LOOP('',(#6410,#6416,#6417));
#6410 = ORIENTED_EDGE('',*,*,#6411,.T.);
#6411 = EDGE_CURVE('',#6244,#6368,#6412,.T.);
#6412 = LINE('',#6413,#6414);
#6413 = CARTESIAN_POINT('',(3.5,-2.5,9.999999776483E-03));
#6414 = VECTOR('',#6415,1.);
#6415 = DIRECTION('',(1.,0.,0.));
#6416 = ORIENTED_EDGE('',*,*,#6397,.F.);
#6417 = ORIENTED_EDGE('',*,*,#6243,.F.);
#6418 = PLANE('',#6419);
#6419 = AXIS2_PLACEMENT_3D('',#6420,#6421,#6422);
#6420 = CARTESIAN_POINT('',(4.947504358071,-2.5,7.495689500682E-03));
#6421 = DIRECTION('',(0.,1.,0.));
#6422 = DIRECTION('',(0.,-0.,1.));
#6423 = ADVANCED_FACE('',(#6424),#6434,.T.);
#6424 = FACE_BOUND('',#6425,.T.);
#6425 = EDGE_LOOP('',(#6426,#6427,#6428));
#6426 = ORIENTED_EDGE('',*,*,#6367,.F.);
#6427 = ORIENTED_EDGE('',*,*,#6411,.F.);
#6428 = ORIENTED_EDGE('',*,*,#6429,.T.);
#6429 = EDGE_CURVE('',#6244,#6322,#6430,.T.);
#6430 = LINE('',#6431,#6432);
#6431 = CARTESIAN_POINT('',(3.5,-2.5,9.999999776483E-03));
#6432 = VECTOR('',#6433,1.);
#6433 = DIRECTION('',(0.963992624511,0.265928975269,0.));
#6434 = PLANE('',#6435);
#6435 = AXIS2_PLACEMENT_3D('',#6436,#6437,#6438);
#6436 = CARTESIAN_POINT('',(5.122919591967,-2.272919568125,
    9.999999776483E-03));
#6437 = DIRECTION('',(-0.,-0.,-1.));
#6438 = DIRECTION('',(-1.,0.,0.));
#6439 = ADVANCED_FACE('',(#6440),#6445,.T.);
#6440 = FACE_BOUND('',#6441,.T.);
#6441 = EDGE_LOOP('',(#6442,#6443,#6444));
#6442 = ORIENTED_EDGE('',*,*,#6321,.F.);
#6443 = ORIENTED_EDGE('',*,*,#6429,.F.);
#6444 = ORIENTED_EDGE('',*,*,#6275,.F.);
#6445 = PLANE('',#6446);
#6446 = AXIS2_PLACEMENT_3D('',#6447,#6448,#6449);
#6447 = CARTESIAN_POINT('',(4.777080503401,-1.927080479559,
    9.999999776483E-03));
#6448 = DIRECTION('',(-0.,-0.,-1.));
#6449 = DIRECTION('',(-1.,0.,0.));
#6450 = ADVANCED_FACE('',(#6451),#6477,.T.);
#6451 = FACE_BOUND('',#6452,.T.);
#6452 = EDGE_LOOP('',(#6453,#6463,#6471));
#6453 = ORIENTED_EDGE('',*,*,#6454,.T.);
#6454 = EDGE_CURVE('',#6455,#6457,#6459,.T.);
#6455 = VERTEX_POINT('',#6456);
#6456 = CARTESIAN_POINT('',(3.5,-0.300000011921,9.999999776483E-03));
#6457 = VERTEX_POINT('',#6458);
#6458 = CARTESIAN_POINT('',(3.5,-0.300000011921,0.));
#6459 = LINE('',#6460,#6461);
#6460 = CARTESIAN_POINT('',(3.5,-0.300000011921,9.999999776483E-03));
#6461 = VECTOR('',#6462,1.);
#6462 = DIRECTION('',(0.,0.,-1.));
#6463 = ORIENTED_EDGE('',*,*,#6464,.T.);
#6464 = EDGE_CURVE('',#6457,#6465,#6467,.T.);
#6465 = VERTEX_POINT('',#6466);
#6466 = CARTESIAN_POINT('',(3.5,0.5,0.));
#6467 = LINE('',#6468,#6469);
#6468 = CARTESIAN_POINT('',(3.5,-0.300000011921,0.));
#6469 = VECTOR('',#6470,1.);
#6470 = DIRECTION('',(0.,1.,0.));
#6471 = ORIENTED_EDGE('',*,*,#6472,.T.);
#6472 = EDGE_CURVE('',#6465,#6455,#6473,.T.);
#6473 = LINE('',#6474,#6475);
#6474 = CARTESIAN_POINT('',(3.5,0.5,0.));
#6475 = VECTOR('',#6476,1.);
#6476 = DIRECTION('',(0.,-0.99992188416,1.249902308637E-02));
#6477 = PLANE('',#6478);
#6478 = AXIS2_PLACEMENT_3D('',#6479,#6480,#6481);
#6479 = CARTESIAN_POINT('',(3.5,9.751561848418E-02,2.515624332886E-03));
#6480 = DIRECTION('',(1.,0.,0.));
#6481 = DIRECTION('',(-0.,0.,1.));
#6482 = ADVANCED_FACE('',(#6483),#6500,.T.);
#6483 = FACE_BOUND('',#6484,.T.);
#6484 = EDGE_LOOP('',(#6485,#6493,#6494));
#6485 = ORIENTED_EDGE('',*,*,#6486,.T.);
#6486 = EDGE_CURVE('',#6487,#6455,#6489,.T.);
#6487 = VERTEX_POINT('',#6488);
#6488 = CARTESIAN_POINT('',(3.5,0.5,9.999999776483E-03));
#6489 = LINE('',#6490,#6491);
#6490 = CARTESIAN_POINT('',(3.5,0.5,9.999999776483E-03));
#6491 = VECTOR('',#6492,1.);
#6492 = DIRECTION('',(0.,-1.,0.));
#6493 = ORIENTED_EDGE('',*,*,#6472,.F.);
#6494 = ORIENTED_EDGE('',*,*,#6495,.T.);
#6495 = EDGE_CURVE('',#6465,#6487,#6496,.T.);
#6496 = LINE('',#6497,#6498);
#6497 = CARTESIAN_POINT('',(3.5,0.5,0.));
#6498 = VECTOR('',#6499,1.);
#6499 = DIRECTION('',(0.,0.,1.));
#6500 = PLANE('',#6501);
#6501 = AXIS2_PLACEMENT_3D('',#6502,#6503,#6504);
#6502 = CARTESIAN_POINT('',(3.5,0.102484369595,7.484375443597E-03));
#6503 = DIRECTION('',(1.,0.,0.));
#6504 = DIRECTION('',(-0.,0.,1.));
#6505 = ADVANCED_FACE('',(#6506),#6523,.T.);
#6506 = FACE_BOUND('',#6507,.T.);
#6507 = EDGE_LOOP('',(#6508,#6509,#6517));
#6508 = ORIENTED_EDGE('',*,*,#6495,.F.);
#6509 = ORIENTED_EDGE('',*,*,#6510,.T.);
#6510 = EDGE_CURVE('',#6465,#6511,#6513,.T.);
#6511 = VERTEX_POINT('',#6512);
#6512 = CARTESIAN_POINT('',(6.400000095367,0.5,0.));
#6513 = LINE('',#6514,#6515);
#6514 = CARTESIAN_POINT('',(3.5,0.5,0.));
#6515 = VECTOR('',#6516,1.);
#6516 = DIRECTION('',(1.,0.,0.));
#6517 = ORIENTED_EDGE('',*,*,#6518,.T.);
#6518 = EDGE_CURVE('',#6511,#6487,#6519,.T.);
#6519 = LINE('',#6520,#6521);
#6520 = CARTESIAN_POINT('',(6.400000095367,0.5,0.));
#6521 = VECTOR('',#6522,1.);
#6522 = DIRECTION('',(-0.99999405475,0.,3.448255170737E-03));
#6523 = PLANE('',#6524);
#6524 = AXIS2_PLACEMENT_3D('',#6525,#6526,#6527);
#6525 = CARTESIAN_POINT('',(4.947504358071,0.5,2.504310275801E-03));
#6526 = DIRECTION('',(-0.,-1.,-0.));
#6527 = DIRECTION('',(0.,0.,-1.));
#6528 = ADVANCED_FACE('',(#6529),#6546,.T.);
#6529 = FACE_BOUND('',#6530,.T.);
#6530 = EDGE_LOOP('',(#6531,#6539,#6540));
#6531 = ORIENTED_EDGE('',*,*,#6532,.T.);
#6532 = EDGE_CURVE('',#6533,#6487,#6535,.T.);
#6533 = VERTEX_POINT('',#6534);
#6534 = CARTESIAN_POINT('',(6.400000095367,0.5,9.999999776483E-03));
#6535 = LINE('',#6536,#6537);
#6536 = CARTESIAN_POINT('',(6.400000095367,0.5,9.999999776483E-03));
#6537 = VECTOR('',#6538,1.);
#6538 = DIRECTION('',(-1.,0.,0.));
#6539 = ORIENTED_EDGE('',*,*,#6518,.F.);
#6540 = ORIENTED_EDGE('',*,*,#6541,.T.);
#6541 = EDGE_CURVE('',#6511,#6533,#6542,.T.);
#6542 = LINE('',#6543,#6544);
#6543 = CARTESIAN_POINT('',(6.400000095367,0.5,0.));
#6544 = VECTOR('',#6545,1.);
#6545 = DIRECTION('',(0.,0.,1.));
#6546 = PLANE('',#6547);
#6547 = AXIS2_PLACEMENT_3D('',#6548,#6549,#6550);
#6548 = CARTESIAN_POINT('',(4.952495737296,0.5,7.495689500682E-03));
#6549 = DIRECTION('',(-0.,-1.,-0.));
#6550 = DIRECTION('',(0.,0.,-1.));
#6551 = ADVANCED_FACE('',(#6552),#6569,.T.);
#6552 = FACE_BOUND('',#6553,.T.);
#6553 = EDGE_LOOP('',(#6554,#6555,#6563));
#6554 = ORIENTED_EDGE('',*,*,#6541,.F.);
#6555 = ORIENTED_EDGE('',*,*,#6556,.T.);
#6556 = EDGE_CURVE('',#6511,#6557,#6559,.T.);
#6557 = VERTEX_POINT('',#6558);
#6558 = CARTESIAN_POINT('',(6.400000095367,-0.300000011921,0.));
#6559 = LINE('',#6560,#6561);
#6560 = CARTESIAN_POINT('',(6.400000095367,0.5,0.));
#6561 = VECTOR('',#6562,1.);
#6562 = DIRECTION('',(0.,-1.,0.));
#6563 = ORIENTED_EDGE('',*,*,#6564,.T.);
#6564 = EDGE_CURVE('',#6557,#6533,#6565,.T.);
#6565 = LINE('',#6566,#6567);
#6566 = CARTESIAN_POINT('',(6.400000095367,-0.300000011921,0.));
#6567 = VECTOR('',#6568,1.);
#6568 = DIRECTION('',(0.,0.99992188416,1.249902308637E-02));
#6569 = PLANE('',#6570);
#6570 = AXIS2_PLACEMENT_3D('',#6571,#6572,#6573);
#6571 = CARTESIAN_POINT('',(6.400000095367,0.102484369595,
    2.515624332886E-03));
#6572 = DIRECTION('',(-1.,-0.,-0.));
#6573 = DIRECTION('',(0.,0.,-1.));
#6574 = ADVANCED_FACE('',(#6575),#6592,.T.);
#6575 = FACE_BOUND('',#6576,.T.);
#6576 = EDGE_LOOP('',(#6577,#6585,#6586));
#6577 = ORIENTED_EDGE('',*,*,#6578,.T.);
#6578 = EDGE_CURVE('',#6579,#6533,#6581,.T.);
#6579 = VERTEX_POINT('',#6580);
#6580 = CARTESIAN_POINT('',(6.400000095367,-0.300000011921,
    9.999999776483E-03));
#6581 = LINE('',#6582,#6583);
#6582 = CARTESIAN_POINT('',(6.400000095367,-0.300000011921,
    9.999999776483E-03));
#6583 = VECTOR('',#6584,1.);
#6584 = DIRECTION('',(0.,1.,0.));
#6585 = ORIENTED_EDGE('',*,*,#6564,.F.);
#6586 = ORIENTED_EDGE('',*,*,#6587,.T.);
#6587 = EDGE_CURVE('',#6557,#6579,#6588,.T.);
#6588 = LINE('',#6589,#6590);
#6589 = CARTESIAN_POINT('',(6.400000095367,-0.300000011921,0.));
#6590 = VECTOR('',#6591,1.);
#6591 = DIRECTION('',(0.,0.,1.));
#6592 = PLANE('',#6593);
#6593 = AXIS2_PLACEMENT_3D('',#6594,#6595,#6596);
#6594 = CARTESIAN_POINT('',(6.400000095367,9.751561848418E-02,
    7.484375443597E-03));
#6595 = DIRECTION('',(-1.,-0.,-0.));
#6596 = DIRECTION('',(0.,0.,-1.));
#6597 = ADVANCED_FACE('',(#6598),#6613,.T.);
#6598 = FACE_BOUND('',#6599,.T.);
#6599 = EDGE_LOOP('',(#6600,#6601,#6607));
#6600 = ORIENTED_EDGE('',*,*,#6587,.F.);
#6601 = ORIENTED_EDGE('',*,*,#6602,.T.);
#6602 = EDGE_CURVE('',#6557,#6457,#6603,.T.);
#6603 = LINE('',#6604,#6605);
#6604 = CARTESIAN_POINT('',(6.400000095367,-0.300000011921,0.));
#6605 = VECTOR('',#6606,1.);
#6606 = DIRECTION('',(-1.,0.,0.));
#6607 = ORIENTED_EDGE('',*,*,#6608,.T.);
#6608 = EDGE_CURVE('',#6457,#6579,#6609,.T.);
#6609 = LINE('',#6610,#6611);
#6610 = CARTESIAN_POINT('',(3.5,-0.300000011921,0.));
#6611 = VECTOR('',#6612,1.);
#6612 = DIRECTION('',(0.99999405475,0.,3.448255170737E-03));
#6613 = PLANE('',#6614);
#6614 = AXIS2_PLACEMENT_3D('',#6615,#6616,#6617);
#6615 = CARTESIAN_POINT('',(4.952495737296,-0.300000011921,
    2.504310275801E-03));
#6616 = DIRECTION('',(0.,1.,0.));
#6617 = DIRECTION('',(0.,-0.,1.));
#6618 = ADVANCED_FACE('',(#6619),#6629,.T.);
#6619 = FACE_BOUND('',#6620,.T.);
#6620 = EDGE_LOOP('',(#6621,#6627,#6628));
#6621 = ORIENTED_EDGE('',*,*,#6622,.T.);
#6622 = EDGE_CURVE('',#6455,#6579,#6623,.T.);
#6623 = LINE('',#6624,#6625);
#6624 = CARTESIAN_POINT('',(3.5,-0.300000011921,9.999999776483E-03));
#6625 = VECTOR('',#6626,1.);
#6626 = DIRECTION('',(1.,0.,0.));
#6627 = ORIENTED_EDGE('',*,*,#6608,.F.);
#6628 = ORIENTED_EDGE('',*,*,#6454,.F.);
#6629 = PLANE('',#6630);
#6630 = AXIS2_PLACEMENT_3D('',#6631,#6632,#6633);
#6631 = CARTESIAN_POINT('',(4.947504358071,-0.300000011921,
    7.495689500682E-03));
#6632 = DIRECTION('',(0.,1.,0.));
#6633 = DIRECTION('',(0.,-0.,1.));
#6634 = ADVANCED_FACE('',(#6635),#6645,.T.);
#6635 = FACE_BOUND('',#6636,.T.);
#6636 = EDGE_LOOP('',(#6637,#6638,#6639));
#6637 = ORIENTED_EDGE('',*,*,#6578,.F.);
#6638 = ORIENTED_EDGE('',*,*,#6622,.F.);
#6639 = ORIENTED_EDGE('',*,*,#6640,.T.);
#6640 = EDGE_CURVE('',#6455,#6533,#6641,.T.);
#6641 = LINE('',#6642,#6643);
#6642 = CARTESIAN_POINT('',(3.5,-0.300000011921,9.999999776483E-03));
#6643 = VECTOR('',#6644,1.);
#6644 = DIRECTION('',(0.963992619432,0.265928993682,0.));
#6645 = PLANE('',#6646);
#6646 = AXIS2_PLACEMENT_3D('',#6647,#6648,#6649);
#6647 = CARTESIAN_POINT('',(5.122919602905,-7.291956118208E-02,
    9.999999776483E-03));
#6648 = DIRECTION('',(-0.,-0.,-1.));
#6649 = DIRECTION('',(-1.,0.,0.));
#6650 = ADVANCED_FACE('',(#6651),#6656,.T.);
#6651 = FACE_BOUND('',#6652,.T.);
#6652 = EDGE_LOOP('',(#6653,#6654,#6655));
#6653 = ORIENTED_EDGE('',*,*,#6532,.F.);
#6654 = ORIENTED_EDGE('',*,*,#6640,.F.);
#6655 = ORIENTED_EDGE('',*,*,#6486,.F.);
#6656 = PLANE('',#6657);
#6657 = AXIS2_PLACEMENT_3D('',#6658,#6659,#6660);
#6658 = CARTESIAN_POINT('',(4.777080492462,0.272919549261,
    9.999999776483E-03));
#6659 = DIRECTION('',(-0.,-0.,-1.));
#6660 = DIRECTION('',(-1.,0.,0.));
#6661 = ADVANCED_FACE('',(#6662),#6688,.T.);
#6662 = FACE_BOUND('',#6663,.T.);
#6663 = EDGE_LOOP('',(#6664,#6674,#6682));
#6664 = ORIENTED_EDGE('',*,*,#6665,.T.);
#6665 = EDGE_CURVE('',#6666,#6668,#6670,.T.);
#6666 = VERTEX_POINT('',#6667);
#6667 = CARTESIAN_POINT('',(3.5,4.099999904633,9.999999776483E-03));
#6668 = VERTEX_POINT('',#6669);
#6669 = CARTESIAN_POINT('',(3.5,4.099999904633,0.));
#6670 = LINE('',#6671,#6672);
#6671 = CARTESIAN_POINT('',(3.5,4.099999904633,9.999999776483E-03));
#6672 = VECTOR('',#6673,1.);
#6673 = DIRECTION('',(0.,0.,-1.));
#6674 = ORIENTED_EDGE('',*,*,#6675,.T.);
#6675 = EDGE_CURVE('',#6668,#6676,#6678,.T.);
#6676 = VERTEX_POINT('',#6677);
#6677 = CARTESIAN_POINT('',(3.5,4.900000095367,0.));
#6678 = LINE('',#6679,#6680);
#6679 = CARTESIAN_POINT('',(3.5,4.099999904633,0.));
#6680 = VECTOR('',#6681,1.);
#6681 = DIRECTION('',(0.,1.,0.));
#6682 = ORIENTED_EDGE('',*,*,#6683,.T.);
#6683 = EDGE_CURVE('',#6676,#6666,#6684,.T.);
#6684 = LINE('',#6685,#6686);
#6685 = CARTESIAN_POINT('',(3.5,4.900000095367,0.));
#6686 = VECTOR('',#6687,1.);
#6687 = DIRECTION('',(0.,-0.999921884195,1.249902029306E-02));
#6688 = PLANE('',#6689);
#6689 = AXIS2_PLACEMENT_3D('',#6690,#6691,#6692);
#6690 = CARTESIAN_POINT('',(3.5,4.497515624441,2.515624329393E-03));
#6691 = DIRECTION('',(1.,0.,0.));
#6692 = DIRECTION('',(-0.,0.,1.));
#6693 = ADVANCED_FACE('',(#6694),#6711,.T.);
#6694 = FACE_BOUND('',#6695,.T.);
#6695 = EDGE_LOOP('',(#6696,#6704,#6705));
#6696 = ORIENTED_EDGE('',*,*,#6697,.T.);
#6697 = EDGE_CURVE('',#6698,#6666,#6700,.T.);
#6698 = VERTEX_POINT('',#6699);
#6699 = CARTESIAN_POINT('',(3.5,4.900000095367,9.999999776483E-03));
#6700 = LINE('',#6701,#6702);
#6701 = CARTESIAN_POINT('',(3.5,4.900000095367,9.999999776483E-03));
#6702 = VECTOR('',#6703,1.);
#6703 = DIRECTION('',(0.,-1.,0.));
#6704 = ORIENTED_EDGE('',*,*,#6683,.F.);
#6705 = ORIENTED_EDGE('',*,*,#6706,.T.);
#6706 = EDGE_CURVE('',#6676,#6698,#6707,.T.);
#6707 = LINE('',#6708,#6709);
#6708 = CARTESIAN_POINT('',(3.5,4.900000095367,0.));
#6709 = VECTOR('',#6710,1.);
#6710 = DIRECTION('',(0.,0.,1.));
#6711 = PLANE('',#6712);
#6712 = AXIS2_PLACEMENT_3D('',#6713,#6714,#6715);
#6713 = CARTESIAN_POINT('',(3.5,4.502484375559,7.484375447089E-03));
#6714 = DIRECTION('',(1.,0.,0.));
#6715 = DIRECTION('',(-0.,0.,1.));
#6716 = ADVANCED_FACE('',(#6717),#6734,.T.);
#6717 = FACE_BOUND('',#6718,.T.);
#6718 = EDGE_LOOP('',(#6719,#6720,#6728));
#6719 = ORIENTED_EDGE('',*,*,#6706,.F.);
#6720 = ORIENTED_EDGE('',*,*,#6721,.T.);
#6721 = EDGE_CURVE('',#6676,#6722,#6724,.T.);
#6722 = VERTEX_POINT('',#6723);
#6723 = CARTESIAN_POINT('',(6.400000095367,4.900000095367,0.));
#6724 = LINE('',#6725,#6726);
#6725 = CARTESIAN_POINT('',(3.5,4.900000095367,0.));
#6726 = VECTOR('',#6727,1.);
#6727 = DIRECTION('',(1.,0.,0.));
#6728 = ORIENTED_EDGE('',*,*,#6729,.T.);
#6729 = EDGE_CURVE('',#6722,#6698,#6730,.T.);
#6730 = LINE('',#6731,#6732);
#6731 = CARTESIAN_POINT('',(6.400000095367,4.900000095367,0.));
#6732 = VECTOR('',#6733,1.);
#6733 = DIRECTION('',(-0.99999405475,0.,3.448255170737E-03));
#6734 = PLANE('',#6735);
#6735 = AXIS2_PLACEMENT_3D('',#6736,#6737,#6738);
#6736 = CARTESIAN_POINT('',(4.947504358071,4.900000095367,
    2.504310275801E-03));
#6737 = DIRECTION('',(-0.,-1.,-0.));
#6738 = DIRECTION('',(0.,0.,-1.));
#6739 = ADVANCED_FACE('',(#6740),#6757,.T.);
#6740 = FACE_BOUND('',#6741,.T.);
#6741 = EDGE_LOOP('',(#6742,#6750,#6751));
#6742 = ORIENTED_EDGE('',*,*,#6743,.T.);
#6743 = EDGE_CURVE('',#6744,#6698,#6746,.T.);
#6744 = VERTEX_POINT('',#6745);
#6745 = CARTESIAN_POINT('',(6.400000095367,4.900000095367,
    9.999999776483E-03));
#6746 = LINE('',#6747,#6748);
#6747 = CARTESIAN_POINT('',(6.400000095367,4.900000095367,
    9.999999776483E-03));
#6748 = VECTOR('',#6749,1.);
#6749 = DIRECTION('',(-1.,0.,0.));
#6750 = ORIENTED_EDGE('',*,*,#6729,.F.);
#6751 = ORIENTED_EDGE('',*,*,#6752,.T.);
#6752 = EDGE_CURVE('',#6722,#6744,#6753,.T.);
#6753 = LINE('',#6754,#6755);
#6754 = CARTESIAN_POINT('',(6.400000095367,4.900000095367,0.));
#6755 = VECTOR('',#6756,1.);
#6756 = DIRECTION('',(0.,0.,1.));
#6757 = PLANE('',#6758);
#6758 = AXIS2_PLACEMENT_3D('',#6759,#6760,#6761);
#6759 = CARTESIAN_POINT('',(4.952495737296,4.900000095367,
    7.495689500682E-03));
#6760 = DIRECTION('',(-0.,-1.,-0.));
#6761 = DIRECTION('',(0.,0.,-1.));
#6762 = ADVANCED_FACE('',(#6763),#6780,.T.);
#6763 = FACE_BOUND('',#6764,.T.);
#6764 = EDGE_LOOP('',(#6765,#6766,#6774));
#6765 = ORIENTED_EDGE('',*,*,#6752,.F.);
#6766 = ORIENTED_EDGE('',*,*,#6767,.T.);
#6767 = EDGE_CURVE('',#6722,#6768,#6770,.T.);
#6768 = VERTEX_POINT('',#6769);
#6769 = CARTESIAN_POINT('',(6.400000095367,4.099999904633,0.));
#6770 = LINE('',#6771,#6772);
#6771 = CARTESIAN_POINT('',(6.400000095367,4.900000095367,0.));
#6772 = VECTOR('',#6773,1.);
#6773 = DIRECTION('',(0.,-1.,0.));
#6774 = ORIENTED_EDGE('',*,*,#6775,.T.);
#6775 = EDGE_CURVE('',#6768,#6744,#6776,.T.);
#6776 = LINE('',#6777,#6778);
#6777 = CARTESIAN_POINT('',(6.400000095367,4.099999904633,0.));
#6778 = VECTOR('',#6779,1.);
#6779 = DIRECTION('',(0.,0.999921884195,1.249902029306E-02));
#6780 = PLANE('',#6781);
#6781 = AXIS2_PLACEMENT_3D('',#6782,#6783,#6784);
#6782 = CARTESIAN_POINT('',(6.400000095367,4.502484375559,
    2.515624329393E-03));
#6783 = DIRECTION('',(-1.,-0.,-0.));
#6784 = DIRECTION('',(0.,0.,-1.));
#6785 = ADVANCED_FACE('',(#6786),#6803,.T.);
#6786 = FACE_BOUND('',#6787,.T.);
#6787 = EDGE_LOOP('',(#6788,#6796,#6797));
#6788 = ORIENTED_EDGE('',*,*,#6789,.T.);
#6789 = EDGE_CURVE('',#6790,#6744,#6792,.T.);
#6790 = VERTEX_POINT('',#6791);
#6791 = CARTESIAN_POINT('',(6.400000095367,4.099999904633,
    9.999999776483E-03));
#6792 = LINE('',#6793,#6794);
#6793 = CARTESIAN_POINT('',(6.400000095367,4.099999904633,
    9.999999776483E-03));
#6794 = VECTOR('',#6795,1.);
#6795 = DIRECTION('',(0.,1.,0.));
#6796 = ORIENTED_EDGE('',*,*,#6775,.F.);
#6797 = ORIENTED_EDGE('',*,*,#6798,.T.);
#6798 = EDGE_CURVE('',#6768,#6790,#6799,.T.);
#6799 = LINE('',#6800,#6801);
#6800 = CARTESIAN_POINT('',(6.400000095367,4.099999904633,0.));
#6801 = VECTOR('',#6802,1.);
#6802 = DIRECTION('',(0.,0.,1.));
#6803 = PLANE('',#6804);
#6804 = AXIS2_PLACEMENT_3D('',#6805,#6806,#6807);
#6805 = CARTESIAN_POINT('',(6.400000095367,4.497515624441,
    7.484375447089E-03));
#6806 = DIRECTION('',(-1.,-0.,-0.));
#6807 = DIRECTION('',(0.,0.,-1.));
#6808 = ADVANCED_FACE('',(#6809),#6824,.T.);
#6809 = FACE_BOUND('',#6810,.T.);
#6810 = EDGE_LOOP('',(#6811,#6812,#6818));
#6811 = ORIENTED_EDGE('',*,*,#6798,.F.);
#6812 = ORIENTED_EDGE('',*,*,#6813,.T.);
#6813 = EDGE_CURVE('',#6768,#6668,#6814,.T.);
#6814 = LINE('',#6815,#6816);
#6815 = CARTESIAN_POINT('',(6.400000095367,4.099999904633,0.));
#6816 = VECTOR('',#6817,1.);
#6817 = DIRECTION('',(-1.,0.,0.));
#6818 = ORIENTED_EDGE('',*,*,#6819,.T.);
#6819 = EDGE_CURVE('',#6668,#6790,#6820,.T.);
#6820 = LINE('',#6821,#6822);
#6821 = CARTESIAN_POINT('',(3.5,4.099999904633,0.));
#6822 = VECTOR('',#6823,1.);
#6823 = DIRECTION('',(0.99999405475,0.,3.448255170737E-03));
#6824 = PLANE('',#6825);
#6825 = AXIS2_PLACEMENT_3D('',#6826,#6827,#6828);
#6826 = CARTESIAN_POINT('',(4.952495737296,4.099999904633,
    2.504310275801E-03));
#6827 = DIRECTION('',(0.,1.,0.));
#6828 = DIRECTION('',(0.,-0.,1.));
#6829 = ADVANCED_FACE('',(#6830),#6840,.T.);
#6830 = FACE_BOUND('',#6831,.T.);
#6831 = EDGE_LOOP('',(#6832,#6838,#6839));
#6832 = ORIENTED_EDGE('',*,*,#6833,.T.);
#6833 = EDGE_CURVE('',#6666,#6790,#6834,.T.);
#6834 = LINE('',#6835,#6836);
#6835 = CARTESIAN_POINT('',(3.5,4.099999904633,9.999999776483E-03));
#6836 = VECTOR('',#6837,1.);
#6837 = DIRECTION('',(1.,0.,0.));
#6838 = ORIENTED_EDGE('',*,*,#6819,.F.);
#6839 = ORIENTED_EDGE('',*,*,#6665,.F.);
#6840 = PLANE('',#6841);
#6841 = AXIS2_PLACEMENT_3D('',#6842,#6843,#6844);
#6842 = CARTESIAN_POINT('',(4.947504358071,4.099999904633,
    7.495689500682E-03));
#6843 = DIRECTION('',(0.,1.,0.));
#6844 = DIRECTION('',(0.,-0.,1.));
#6845 = ADVANCED_FACE('',(#6846),#6856,.T.);
#6846 = FACE_BOUND('',#6847,.T.);
#6847 = EDGE_LOOP('',(#6848,#6849,#6850));
#6848 = ORIENTED_EDGE('',*,*,#6789,.F.);
#6849 = ORIENTED_EDGE('',*,*,#6833,.F.);
#6850 = ORIENTED_EDGE('',*,*,#6851,.T.);
#6851 = EDGE_CURVE('',#6666,#6744,#6852,.T.);
#6852 = LINE('',#6853,#6854);
#6853 = CARTESIAN_POINT('',(3.5,4.099999904633,9.999999776483E-03));
#6854 = VECTOR('',#6855,1.);
#6855 = DIRECTION('',(0.963992604194,0.265929048918,0.));
#6856 = PLANE('',#6857);
#6857 = AXIS2_PLACEMENT_3D('',#6858,#6859,#6860);
#6858 = CARTESIAN_POINT('',(5.122919635721,4.327080411963,
    9.999999776483E-03));
#6859 = DIRECTION('',(-0.,-0.,-1.));
#6860 = DIRECTION('',(-1.,0.,0.));
#6861 = ADVANCED_FACE('',(#6862),#6867,.T.);
#6862 = FACE_BOUND('',#6863,.T.);
#6863 = EDGE_LOOP('',(#6864,#6865,#6866));
#6864 = ORIENTED_EDGE('',*,*,#6743,.F.);
#6865 = ORIENTED_EDGE('',*,*,#6851,.F.);
#6866 = ORIENTED_EDGE('',*,*,#6697,.F.);
#6867 = PLANE('',#6868);
#6868 = AXIS2_PLACEMENT_3D('',#6869,#6870,#6871);
#6869 = CARTESIAN_POINT('',(4.777080459647,4.672919588037,
    9.999999776483E-03));
#6870 = DIRECTION('',(-0.,-0.,-1.));
#6871 = DIRECTION('',(-1.,0.,0.));
#6872 = ADVANCED_FACE('',(#6873),#6899,.T.);
#6873 = FACE_BOUND('',#6874,.T.);
#6874 = EDGE_LOOP('',(#6875,#6885,#6893));
#6875 = ORIENTED_EDGE('',*,*,#6876,.T.);
#6876 = EDGE_CURVE('',#6877,#6879,#6881,.T.);
#6877 = VERTEX_POINT('',#6878);
#6878 = CARTESIAN_POINT('',(6.699999809265,0.799999952316,
    9.999999776483E-03));
#6879 = VERTEX_POINT('',#6880);
#6880 = CARTESIAN_POINT('',(6.699999809265,0.799999952316,0.));
#6881 = LINE('',#6882,#6883);
#6882 = CARTESIAN_POINT('',(6.699999809265,0.799999952316,
    9.999999776483E-03));
#6883 = VECTOR('',#6884,1.);
#6884 = DIRECTION('',(0.,0.,-1.));
#6885 = ORIENTED_EDGE('',*,*,#6886,.T.);
#6886 = EDGE_CURVE('',#6879,#6887,#6889,.T.);
#6887 = VERTEX_POINT('',#6888);
#6888 = CARTESIAN_POINT('',(3.5,0.800000011921,0.));
#6889 = LINE('',#6890,#6891);
#6890 = CARTESIAN_POINT('',(6.699999809265,0.799999952316,0.));
#6891 = VECTOR('',#6892,1.);
#6892 = DIRECTION('',(-1.,1.862645260253E-08,0.));
#6893 = ORIENTED_EDGE('',*,*,#6894,.T.);
#6894 = EDGE_CURVE('',#6887,#6877,#6895,.T.);
#6895 = LINE('',#6896,#6897);
#6896 = CARTESIAN_POINT('',(3.5,0.800000011921,0.));
#6897 = VECTOR('',#6898,1.);
#6898 = DIRECTION('',(0.999995117223,-1.862636165372E-08,
    3.124984857736E-03));
#6899 = PLANE('',#6900);
#6900 = AXIS2_PLACEMENT_3D('',#6901,#6902,#6903);
#6901 = CARTESIAN_POINT('',(5.102495998336,0.799999982072,
    2.503906184642E-03));
#6902 = DIRECTION('',(1.862645260253E-08,1.,0.));
#6903 = DIRECTION('',(1.,-1.862645260253E-08,0.));
#6904 = ADVANCED_FACE('',(#6905),#6922,.T.);
#6905 = FACE_BOUND('',#6906,.T.);
#6906 = EDGE_LOOP('',(#6907,#6915,#6916));
#6907 = ORIENTED_EDGE('',*,*,#6908,.T.);
#6908 = EDGE_CURVE('',#6909,#6877,#6911,.T.);
#6909 = VERTEX_POINT('',#6910);
#6910 = CARTESIAN_POINT('',(3.5,0.800000011921,9.999999776483E-03));
#6911 = LINE('',#6912,#6913);
#6912 = CARTESIAN_POINT('',(3.5,0.800000011921,9.999999776483E-03));
#6913 = VECTOR('',#6914,1.);
#6914 = DIRECTION('',(1.,-1.862645260253E-08,0.));
#6915 = ORIENTED_EDGE('',*,*,#6894,.F.);
#6916 = ORIENTED_EDGE('',*,*,#6917,.T.);
#6917 = EDGE_CURVE('',#6887,#6909,#6918,.T.);
#6918 = LINE('',#6919,#6920);
#6919 = CARTESIAN_POINT('',(3.5,0.800000011921,0.));
#6920 = VECTOR('',#6921,1.);
#6921 = DIRECTION('',(0.,0.,1.));
#6922 = PLANE('',#6923);
#6923 = AXIS2_PLACEMENT_3D('',#6924,#6925,#6926);
#6924 = CARTESIAN_POINT('',(5.097503810929,0.799999982165,
    7.49609359184E-03));
#6925 = DIRECTION('',(1.862645260253E-08,1.,0.));
#6926 = DIRECTION('',(1.,-1.862645260253E-08,0.));
#6927 = ADVANCED_FACE('',(#6928),#6945,.T.);
#6928 = FACE_BOUND('',#6929,.T.);
#6929 = EDGE_LOOP('',(#6930,#6931,#6939));
#6930 = ORIENTED_EDGE('',*,*,#6917,.F.);
#6931 = ORIENTED_EDGE('',*,*,#6932,.T.);
#6932 = EDGE_CURVE('',#6887,#6933,#6935,.T.);
#6933 = VERTEX_POINT('',#6934);
#6934 = CARTESIAN_POINT('',(3.5,1.600000023842,0.));
#6935 = LINE('',#6936,#6937);
#6936 = CARTESIAN_POINT('',(3.5,0.800000011921,0.));
#6937 = VECTOR('',#6938,1.);
#6938 = DIRECTION('',(0.,1.,0.));
#6939 = ORIENTED_EDGE('',*,*,#6940,.T.);
#6940 = EDGE_CURVE('',#6933,#6909,#6941,.T.);
#6941 = LINE('',#6942,#6943);
#6942 = CARTESIAN_POINT('',(3.5,1.600000023842,0.));
#6943 = VECTOR('',#6944,1.);
#6944 = DIRECTION('',(0.,-0.99992188416,1.249902308637E-02));
#6945 = PLANE('',#6946);
#6946 = AXIS2_PLACEMENT_3D('',#6947,#6948,#6949);
#6947 = CARTESIAN_POINT('',(3.5,1.197515642326,2.515624332886E-03));
#6948 = DIRECTION('',(1.,0.,0.));
#6949 = DIRECTION('',(-0.,0.,1.));
#6950 = ADVANCED_FACE('',(#6951),#6968,.T.);
#6951 = FACE_BOUND('',#6952,.T.);
#6952 = EDGE_LOOP('',(#6953,#6961,#6962));
#6953 = ORIENTED_EDGE('',*,*,#6954,.T.);
#6954 = EDGE_CURVE('',#6955,#6909,#6957,.T.);
#6955 = VERTEX_POINT('',#6956);
#6956 = CARTESIAN_POINT('',(3.5,1.600000023842,9.999999776483E-03));
#6957 = LINE('',#6958,#6959);
#6958 = CARTESIAN_POINT('',(3.5,1.600000023842,9.999999776483E-03));
#6959 = VECTOR('',#6960,1.);
#6960 = DIRECTION('',(0.,-1.,0.));
#6961 = ORIENTED_EDGE('',*,*,#6940,.F.);
#6962 = ORIENTED_EDGE('',*,*,#6963,.T.);
#6963 = EDGE_CURVE('',#6933,#6955,#6964,.T.);
#6964 = LINE('',#6965,#6966);
#6965 = CARTESIAN_POINT('',(3.5,1.600000023842,0.));
#6966 = VECTOR('',#6967,1.);
#6967 = DIRECTION('',(0.,0.,1.));
#6968 = PLANE('',#6969);
#6969 = AXIS2_PLACEMENT_3D('',#6970,#6971,#6972);
#6970 = CARTESIAN_POINT('',(3.5,1.202484393437,7.484375443597E-03));
#6971 = DIRECTION('',(1.,0.,0.));
#6972 = DIRECTION('',(-0.,0.,1.));
#6973 = ADVANCED_FACE('',(#6974),#6991,.T.);
#6974 = FACE_BOUND('',#6975,.T.);
#6975 = EDGE_LOOP('',(#6976,#6977,#6985));
#6976 = ORIENTED_EDGE('',*,*,#6963,.F.);
#6977 = ORIENTED_EDGE('',*,*,#6978,.T.);
#6978 = EDGE_CURVE('',#6933,#6979,#6981,.T.);
#6979 = VERTEX_POINT('',#6980);
#6980 = CARTESIAN_POINT('',(6.699999809265,1.600000023842,0.));
#6981 = LINE('',#6982,#6983);
#6982 = CARTESIAN_POINT('',(3.5,1.600000023842,0.));
#6983 = VECTOR('',#6984,1.);
#6984 = DIRECTION('',(1.,0.,0.));
#6985 = ORIENTED_EDGE('',*,*,#6986,.T.);
#6986 = EDGE_CURVE('',#6979,#6955,#6987,.T.);
#6987 = LINE('',#6988,#6989);
#6988 = CARTESIAN_POINT('',(6.699999809265,1.600000023842,0.));
#6989 = VECTOR('',#6990,1.);
#6990 = DIRECTION('',(-0.999995117223,0.,3.124984857736E-03));
#6991 = PLANE('',#6992);
#6992 = AXIS2_PLACEMENT_3D('',#6993,#6994,#6995);
#6993 = CARTESIAN_POINT('',(5.097503810929,1.600000023842,
    2.503906184642E-03));
#6994 = DIRECTION('',(-0.,-1.,-0.));
#6995 = DIRECTION('',(0.,0.,-1.));
#6996 = ADVANCED_FACE('',(#6997),#7014,.T.);
#6997 = FACE_BOUND('',#6998,.T.);
#6998 = EDGE_LOOP('',(#6999,#7007,#7008));
#6999 = ORIENTED_EDGE('',*,*,#7000,.T.);
#7000 = EDGE_CURVE('',#7001,#6955,#7003,.T.);
#7001 = VERTEX_POINT('',#7002);
#7002 = CARTESIAN_POINT('',(6.699999809265,1.600000023842,
    9.999999776483E-03));
#7003 = LINE('',#7004,#7005);
#7004 = CARTESIAN_POINT('',(6.699999809265,1.600000023842,
    9.999999776483E-03));
#7005 = VECTOR('',#7006,1.);
#7006 = DIRECTION('',(-1.,0.,0.));
#7007 = ORIENTED_EDGE('',*,*,#6986,.F.);
#7008 = ORIENTED_EDGE('',*,*,#7009,.T.);
#7009 = EDGE_CURVE('',#6979,#7001,#7010,.T.);
#7010 = LINE('',#7011,#7012);
#7011 = CARTESIAN_POINT('',(6.699999809265,1.600000023842,0.));
#7012 = VECTOR('',#7013,1.);
#7013 = DIRECTION('',(0.,0.,1.));
#7014 = PLANE('',#7015);
#7015 = AXIS2_PLACEMENT_3D('',#7016,#7017,#7018);
#7016 = CARTESIAN_POINT('',(5.102495998336,1.600000023842,
    7.49609359184E-03));
#7017 = DIRECTION('',(-0.,-1.,-0.));
#7018 = DIRECTION('',(0.,0.,-1.));
#7019 = ADVANCED_FACE('',(#7020),#7035,.T.);
#7020 = FACE_BOUND('',#7021,.T.);
#7021 = EDGE_LOOP('',(#7022,#7023,#7029));
#7022 = ORIENTED_EDGE('',*,*,#7009,.F.);
#7023 = ORIENTED_EDGE('',*,*,#7024,.T.);
#7024 = EDGE_CURVE('',#6979,#6879,#7025,.T.);
#7025 = LINE('',#7026,#7027);
#7026 = CARTESIAN_POINT('',(6.699999809265,1.600000023842,0.));
#7027 = VECTOR('',#7028,1.);
#7028 = DIRECTION('',(0.,-1.,0.));
#7029 = ORIENTED_EDGE('',*,*,#7030,.T.);
#7030 = EDGE_CURVE('',#6879,#7001,#7031,.T.);
#7031 = LINE('',#7032,#7033);
#7032 = CARTESIAN_POINT('',(6.699999809265,0.799999952316,0.));
#7033 = VECTOR('',#7034,1.);
#7034 = DIRECTION('',(0.,0.999921884172,1.249902215527E-02));
#7035 = PLANE('',#7036);
#7036 = AXIS2_PLACEMENT_3D('',#7037,#7038,#7039);
#7037 = CARTESIAN_POINT('',(6.699999809265,1.202484363636,
    2.515624331722E-03));
#7038 = DIRECTION('',(-1.,-0.,-0.));
#7039 = DIRECTION('',(0.,0.,-1.));
#7040 = ADVANCED_FACE('',(#7041),#7051,.T.);
#7041 = FACE_BOUND('',#7042,.T.);
#7042 = EDGE_LOOP('',(#7043,#7049,#7050));
#7043 = ORIENTED_EDGE('',*,*,#7044,.T.);
#7044 = EDGE_CURVE('',#6877,#7001,#7045,.T.);
#7045 = LINE('',#7046,#7047);
#7046 = CARTESIAN_POINT('',(6.699999809265,0.799999952316,
    9.999999776483E-03));
#7047 = VECTOR('',#7048,1.);
#7048 = DIRECTION('',(0.,1.,0.));
#7049 = ORIENTED_EDGE('',*,*,#7030,.F.);
#7050 = ORIENTED_EDGE('',*,*,#6876,.F.);
#7051 = PLANE('',#7052);
#7052 = AXIS2_PLACEMENT_3D('',#7053,#7054,#7055);
#7053 = CARTESIAN_POINT('',(6.699999809265,1.197515612523,
    7.484375444761E-03));
#7054 = DIRECTION('',(-1.,-0.,-0.));
#7055 = DIRECTION('',(0.,0.,-1.));
#7056 = ADVANCED_FACE('',(#7057),#7067,.T.);
#7057 = FACE_BOUND('',#7058,.T.);
#7058 = EDGE_LOOP('',(#7059,#7060,#7061));
#7059 = ORIENTED_EDGE('',*,*,#7044,.F.);
#7060 = ORIENTED_EDGE('',*,*,#6908,.F.);
#7061 = ORIENTED_EDGE('',*,*,#7062,.T.);
#7062 = EDGE_CURVE('',#6909,#7001,#7063,.T.);
#7063 = LINE('',#7064,#7065);
#7064 = CARTESIAN_POINT('',(3.5,0.800000011921,9.999999776483E-03));
#7065 = VECTOR('',#7066,1.);
#7066 = DIRECTION('',(0.970142495893,0.242535642044,0.));
#7067 = PLANE('',#7068);
#7068 = AXIS2_PLACEMENT_3D('',#7069,#7070,#7071);
#7069 = CARTESIAN_POINT('',(5.275378791977,1.02462112727,
    9.999999776483E-03));
#7070 = DIRECTION('',(-0.,-0.,-1.));
#7071 = DIRECTION('',(-1.,0.,0.));
#7072 = ADVANCED_FACE('',(#7073),#7078,.T.);
#7073 = FACE_BOUND('',#7074,.T.);
#7074 = EDGE_LOOP('',(#7075,#7076,#7077));
#7075 = ORIENTED_EDGE('',*,*,#7000,.F.);
#7076 = ORIENTED_EDGE('',*,*,#7062,.F.);
#7077 = ORIENTED_EDGE('',*,*,#6954,.F.);
#7078 = PLANE('',#7079);
#7079 = AXIS2_PLACEMENT_3D('',#7080,#7081,#7082);
#7080 = CARTESIAN_POINT('',(4.924621028922,1.375378893592,
    9.999999776483E-03));
#7081 = DIRECTION('',(-0.,-0.,-1.));
#7082 = DIRECTION('',(-1.,0.,0.));
#7083 = ADVANCED_FACE('',(#7084),#7110,.T.);
#7084 = FACE_BOUND('',#7085,.T.);
#7085 = EDGE_LOOP('',(#7086,#7096,#7104));
#7086 = ORIENTED_EDGE('',*,*,#7087,.T.);
#7087 = EDGE_CURVE('',#7088,#7090,#7092,.T.);
#7088 = VERTEX_POINT('',#7089);
#7089 = CARTESIAN_POINT('',(3.5,-3.599999904633,9.999999776483E-03));
#7090 = VERTEX_POINT('',#7091);
#7091 = CARTESIAN_POINT('',(3.5,-3.599999904633,0.));
#7092 = LINE('',#7093,#7094);
#7093 = CARTESIAN_POINT('',(3.5,-3.599999904633,9.999999776483E-03));
#7094 = VECTOR('',#7095,1.);
#7095 = DIRECTION('',(0.,0.,-1.));
#7096 = ORIENTED_EDGE('',*,*,#7097,.T.);
#7097 = EDGE_CURVE('',#7090,#7098,#7100,.T.);
#7098 = VERTEX_POINT('',#7099);
#7099 = CARTESIAN_POINT('',(3.5,-2.799999952316,0.));
#7100 = LINE('',#7101,#7102);
#7101 = CARTESIAN_POINT('',(3.5,-3.599999904633,0.));
#7102 = VECTOR('',#7103,1.);
#7103 = DIRECTION('',(0.,1.,0.));
#7104 = ORIENTED_EDGE('',*,*,#7105,.T.);
#7105 = EDGE_CURVE('',#7098,#7088,#7106,.T.);
#7106 = LINE('',#7107,#7108);
#7107 = CARTESIAN_POINT('',(3.5,-2.799999952316,0.));
#7108 = VECTOR('',#7109,1.);
#7109 = DIRECTION('',(0.,-0.999921884148,1.249902401748E-02));
#7110 = PLANE('',#7111);
#7111 = AXIS2_PLACEMENT_3D('',#7112,#7113,#7114);
#7112 = CARTESIAN_POINT('',(3.5,-3.202484304029,2.51562433405E-03));
#7113 = DIRECTION('',(1.,0.,0.));
#7114 = DIRECTION('',(-0.,0.,1.));
#7115 = ADVANCED_FACE('',(#7116),#7133,.T.);
#7116 = FACE_BOUND('',#7117,.T.);
#7117 = EDGE_LOOP('',(#7118,#7126,#7127));
#7118 = ORIENTED_EDGE('',*,*,#7119,.T.);
#7119 = EDGE_CURVE('',#7120,#7088,#7122,.T.);
#7120 = VERTEX_POINT('',#7121);
#7121 = CARTESIAN_POINT('',(3.5,-2.799999952316,9.999999776483E-03));
#7122 = LINE('',#7123,#7124);
#7123 = CARTESIAN_POINT('',(3.5,-2.799999952316,9.999999776483E-03));
#7124 = VECTOR('',#7125,1.);
#7125 = DIRECTION('',(0.,-1.,0.));
#7126 = ORIENTED_EDGE('',*,*,#7105,.F.);
#7127 = ORIENTED_EDGE('',*,*,#7128,.T.);
#7128 = EDGE_CURVE('',#7098,#7120,#7129,.T.);
#7129 = LINE('',#7130,#7131);
#7130 = CARTESIAN_POINT('',(3.5,-2.799999952316,0.));
#7131 = VECTOR('',#7132,1.);
#7132 = DIRECTION('',(0.,0.,1.));
#7133 = PLANE('',#7134);
#7134 = AXIS2_PLACEMENT_3D('',#7135,#7136,#7137);
#7135 = CARTESIAN_POINT('',(3.5,-3.19751555292,7.484375442433E-03));
#7136 = DIRECTION('',(1.,0.,0.));
#7137 = DIRECTION('',(-0.,0.,1.));
#7138 = ADVANCED_FACE('',(#7139),#7156,.T.);
#7139 = FACE_BOUND('',#7140,.T.);
#7140 = EDGE_LOOP('',(#7141,#7142,#7150));
#7141 = ORIENTED_EDGE('',*,*,#7128,.F.);
#7142 = ORIENTED_EDGE('',*,*,#7143,.T.);
#7143 = EDGE_CURVE('',#7098,#7144,#7146,.T.);
#7144 = VERTEX_POINT('',#7145);
#7145 = CARTESIAN_POINT('',(6.400000095367,-2.799999952316,0.));
#7146 = LINE('',#7147,#7148);
#7147 = CARTESIAN_POINT('',(3.5,-2.799999952316,0.));
#7148 = VECTOR('',#7149,1.);
#7149 = DIRECTION('',(1.,0.,0.));
#7150 = ORIENTED_EDGE('',*,*,#7151,.T.);
#7151 = EDGE_CURVE('',#7144,#7120,#7152,.T.);
#7152 = LINE('',#7153,#7154);
#7153 = CARTESIAN_POINT('',(6.400000095367,-2.799999952316,0.));
#7154 = VECTOR('',#7155,1.);
#7155 = DIRECTION('',(-0.99999405475,0.,3.448255170737E-03));
#7156 = PLANE('',#7157);
#7157 = AXIS2_PLACEMENT_3D('',#7158,#7159,#7160);
#7158 = CARTESIAN_POINT('',(4.947504358071,-2.799999952316,
    2.504310275801E-03));
#7159 = DIRECTION('',(-0.,-1.,-0.));
#7160 = DIRECTION('',(0.,0.,-1.));
#7161 = ADVANCED_FACE('',(#7162),#7179,.T.);
#7162 = FACE_BOUND('',#7163,.T.);
#7163 = EDGE_LOOP('',(#7164,#7172,#7173));
#7164 = ORIENTED_EDGE('',*,*,#7165,.T.);
#7165 = EDGE_CURVE('',#7166,#7120,#7168,.T.);
#7166 = VERTEX_POINT('',#7167);
#7167 = CARTESIAN_POINT('',(6.400000095367,-2.799999952316,
    9.999999776483E-03));
#7168 = LINE('',#7169,#7170);
#7169 = CARTESIAN_POINT('',(6.400000095367,-2.799999952316,
    9.999999776483E-03));
#7170 = VECTOR('',#7171,1.);
#7171 = DIRECTION('',(-1.,0.,0.));
#7172 = ORIENTED_EDGE('',*,*,#7151,.F.);
#7173 = ORIENTED_EDGE('',*,*,#7174,.T.);
#7174 = EDGE_CURVE('',#7144,#7166,#7175,.T.);
#7175 = LINE('',#7176,#7177);
#7176 = CARTESIAN_POINT('',(6.400000095367,-2.799999952316,0.));
#7177 = VECTOR('',#7178,1.);
#7178 = DIRECTION('',(0.,0.,1.));
#7179 = PLANE('',#7180);
#7180 = AXIS2_PLACEMENT_3D('',#7181,#7182,#7183);
#7181 = CARTESIAN_POINT('',(4.952495737296,-2.799999952316,
    7.495689500682E-03));
#7182 = DIRECTION('',(-0.,-1.,-0.));
#7183 = DIRECTION('',(0.,0.,-1.));
#7184 = ADVANCED_FACE('',(#7185),#7202,.T.);
#7185 = FACE_BOUND('',#7186,.T.);
#7186 = EDGE_LOOP('',(#7187,#7188,#7196));
#7187 = ORIENTED_EDGE('',*,*,#7174,.F.);
#7188 = ORIENTED_EDGE('',*,*,#7189,.T.);
#7189 = EDGE_CURVE('',#7144,#7190,#7192,.T.);
#7190 = VERTEX_POINT('',#7191);
#7191 = CARTESIAN_POINT('',(6.400000095367,-3.599999904633,0.));
#7192 = LINE('',#7193,#7194);
#7193 = CARTESIAN_POINT('',(6.400000095367,-2.799999952316,0.));
#7194 = VECTOR('',#7195,1.);
#7195 = DIRECTION('',(0.,-1.,0.));
#7196 = ORIENTED_EDGE('',*,*,#7197,.T.);
#7197 = EDGE_CURVE('',#7190,#7166,#7198,.T.);
#7198 = LINE('',#7199,#7200);
#7199 = CARTESIAN_POINT('',(6.400000095367,-3.599999904633,0.));
#7200 = VECTOR('',#7201,1.);
#7201 = DIRECTION('',(0.,0.999921884148,1.249902401748E-02));
#7202 = PLANE('',#7203);
#7203 = AXIS2_PLACEMENT_3D('',#7204,#7205,#7206);
#7204 = CARTESIAN_POINT('',(6.400000095367,-3.19751555292,
    2.51562433405E-03));
#7205 = DIRECTION('',(-1.,-0.,-0.));
#7206 = DIRECTION('',(0.,0.,-1.));
#7207 = ADVANCED_FACE('',(#7208),#7225,.T.);
#7208 = FACE_BOUND('',#7209,.T.);
#7209 = EDGE_LOOP('',(#7210,#7218,#7219));
#7210 = ORIENTED_EDGE('',*,*,#7211,.T.);
#7211 = EDGE_CURVE('',#7212,#7166,#7214,.T.);
#7212 = VERTEX_POINT('',#7213);
#7213 = CARTESIAN_POINT('',(6.400000095367,-3.599999904633,
    9.999999776483E-03));
#7214 = LINE('',#7215,#7216);
#7215 = CARTESIAN_POINT('',(6.400000095367,-3.599999904633,
    9.999999776483E-03));
#7216 = VECTOR('',#7217,1.);
#7217 = DIRECTION('',(0.,1.,0.));
#7218 = ORIENTED_EDGE('',*,*,#7197,.F.);
#7219 = ORIENTED_EDGE('',*,*,#7220,.T.);
#7220 = EDGE_CURVE('',#7190,#7212,#7221,.T.);
#7221 = LINE('',#7222,#7223);
#7222 = CARTESIAN_POINT('',(6.400000095367,-3.599999904633,0.));
#7223 = VECTOR('',#7224,1.);
#7224 = DIRECTION('',(0.,0.,1.));
#7225 = PLANE('',#7226);
#7226 = AXIS2_PLACEMENT_3D('',#7227,#7228,#7229);
#7227 = CARTESIAN_POINT('',(6.400000095367,-3.202484304029,
    7.484375442433E-03));
#7228 = DIRECTION('',(-1.,-0.,-0.));
#7229 = DIRECTION('',(0.,0.,-1.));
#7230 = ADVANCED_FACE('',(#7231),#7246,.T.);
#7231 = FACE_BOUND('',#7232,.T.);
#7232 = EDGE_LOOP('',(#7233,#7234,#7240));
#7233 = ORIENTED_EDGE('',*,*,#7220,.F.);
#7234 = ORIENTED_EDGE('',*,*,#7235,.T.);
#7235 = EDGE_CURVE('',#7190,#7090,#7236,.T.);
#7236 = LINE('',#7237,#7238);
#7237 = CARTESIAN_POINT('',(6.400000095367,-3.599999904633,0.));
#7238 = VECTOR('',#7239,1.);
#7239 = DIRECTION('',(-1.,0.,0.));
#7240 = ORIENTED_EDGE('',*,*,#7241,.T.);
#7241 = EDGE_CURVE('',#7090,#7212,#7242,.T.);
#7242 = LINE('',#7243,#7244);
#7243 = CARTESIAN_POINT('',(3.5,-3.599999904633,0.));
#7244 = VECTOR('',#7245,1.);
#7245 = DIRECTION('',(0.99999405475,0.,3.448255170737E-03));
#7246 = PLANE('',#7247);
#7247 = AXIS2_PLACEMENT_3D('',#7248,#7249,#7250);
#7248 = CARTESIAN_POINT('',(4.952495737296,-3.599999904633,
    2.504310275801E-03));
#7249 = DIRECTION('',(0.,1.,0.));
#7250 = DIRECTION('',(0.,-0.,1.));
#7251 = ADVANCED_FACE('',(#7252),#7262,.T.);
#7252 = FACE_BOUND('',#7253,.T.);
#7253 = EDGE_LOOP('',(#7254,#7260,#7261));
#7254 = ORIENTED_EDGE('',*,*,#7255,.T.);
#7255 = EDGE_CURVE('',#7088,#7212,#7256,.T.);
#7256 = LINE('',#7257,#7258);
#7257 = CARTESIAN_POINT('',(3.5,-3.599999904633,9.999999776483E-03));
#7258 = VECTOR('',#7259,1.);
#7259 = DIRECTION('',(1.,0.,0.));
#7260 = ORIENTED_EDGE('',*,*,#7241,.F.);
#7261 = ORIENTED_EDGE('',*,*,#7087,.F.);
#7262 = PLANE('',#7263);
#7263 = AXIS2_PLACEMENT_3D('',#7264,#7265,#7266);
#7264 = CARTESIAN_POINT('',(4.947504358071,-3.599999904633,
    7.495689500682E-03));
#7265 = DIRECTION('',(0.,1.,0.));
#7266 = DIRECTION('',(0.,-0.,1.));
#7267 = ADVANCED_FACE('',(#7268),#7278,.T.);
#7268 = FACE_BOUND('',#7269,.T.);
#7269 = EDGE_LOOP('',(#7270,#7271,#7272));
#7270 = ORIENTED_EDGE('',*,*,#7211,.F.);
#7271 = ORIENTED_EDGE('',*,*,#7255,.F.);
#7272 = ORIENTED_EDGE('',*,*,#7273,.T.);
#7273 = EDGE_CURVE('',#7088,#7166,#7274,.T.);
#7274 = LINE('',#7275,#7276);
#7275 = CARTESIAN_POINT('',(3.5,-3.599999904633,9.999999776483E-03));
#7276 = VECTOR('',#7277,1.);
#7277 = DIRECTION('',(0.963992624511,0.265928975269,0.));
#7278 = PLANE('',#7279);
#7279 = AXIS2_PLACEMENT_3D('',#7280,#7281,#7282);
#7280 = CARTESIAN_POINT('',(5.122919591967,-3.372919472758,
    9.999999776483E-03));
#7281 = DIRECTION('',(-0.,-0.,-1.));
#7282 = DIRECTION('',(-1.,0.,0.));
#7283 = ADVANCED_FACE('',(#7284),#7289,.T.);
#7284 = FACE_BOUND('',#7285,.T.);
#7285 = EDGE_LOOP('',(#7286,#7287,#7288));
#7286 = ORIENTED_EDGE('',*,*,#7165,.F.);
#7287 = ORIENTED_EDGE('',*,*,#7273,.F.);
#7288 = ORIENTED_EDGE('',*,*,#7119,.F.);
#7289 = PLANE('',#7290);
#7290 = AXIS2_PLACEMENT_3D('',#7291,#7292,#7293);
#7291 = CARTESIAN_POINT('',(4.777080503401,-3.027080384191,
    9.999999776483E-03));
#7292 = DIRECTION('',(-0.,-0.,-1.));
#7293 = DIRECTION('',(-1.,0.,0.));
#7294 = ADVANCED_FACE('',(#7295),#7312,.T.);
#7295 = FACE_BOUND('',#7296,.T.);
#7296 = EDGE_LOOP('',(#7297,#7298,#7306));
#7297 = ORIENTED_EDGE('',*,*,#3777,.F.);
#7298 = ORIENTED_EDGE('',*,*,#7299,.T.);
#7299 = EDGE_CURVE('',#3746,#7300,#7302,.T.);
#7300 = VERTEX_POINT('',#7301);
#7301 = CARTESIAN_POINT('',(-0.600000023842,-4.900000095367,0.));
#7302 = LINE('',#7303,#7304);
#7303 = CARTESIAN_POINT('',(-0.600000023842,-4.900000095367,
    0.699999988079));
#7304 = VECTOR('',#7305,1.);
#7305 = DIRECTION('',(0.,0.,-1.));
#7306 = ORIENTED_EDGE('',*,*,#7307,.T.);
#7307 = EDGE_CURVE('',#7300,#3769,#7308,.T.);
#7308 = LINE('',#7309,#7310);
#7309 = CARTESIAN_POINT('',(-0.600000023842,-4.900000095367,0.));
#7310 = VECTOR('',#7311,1.);
#7311 = DIRECTION('',(4.955238415373E-02,-4.335207476346E-03,
    0.998762117424));
#7312 = PLANE('',#7313);
#7313 = AXIS2_PLACEMENT_3D('',#7314,#7315,#7316);
#7314 = CARTESIAN_POINT('',(-0.591101536349,-4.900778600583,
    0.358498675419));
#7315 = DIRECTION('',(-8.71544581365E-02,-0.99619481048,-0.));
#7316 = DIRECTION('',(-0.99619481048,8.71544581365E-02,0.));
#7317 = ADVANCED_FACE('',(#7318),#7335,.T.);
#7318 = FACE_BOUND('',#7319,.T.);
#7319 = EDGE_LOOP('',(#7320,#7328,#7329));
#7320 = ORIENTED_EDGE('',*,*,#7321,.T.);
#7321 = EDGE_CURVE('',#7322,#3769,#7324,.T.);
#7322 = VERTEX_POINT('',#7323);
#7323 = CARTESIAN_POINT('',(-0.565270364285,-4.90303850174,0.));
#7324 = LINE('',#7325,#7326);
#7325 = CARTESIAN_POINT('',(-0.565270364285,-4.90303850174,0.));
#7326 = VECTOR('',#7327,1.);
#7327 = DIRECTION('',(0.,0.,1.));
#7328 = ORIENTED_EDGE('',*,*,#7307,.F.);
#7329 = ORIENTED_EDGE('',*,*,#7330,.T.);
#7330 = EDGE_CURVE('',#7300,#7322,#7331,.T.);
#7331 = LINE('',#7332,#7333);
#7332 = CARTESIAN_POINT('',(-0.600000023842,-4.900000095367,0.));
#7333 = VECTOR('',#7334,1.);
#7334 = DIRECTION('',(0.99619481048,-8.71544581365E-02,0.));
#7335 = PLANE('',#7336);
#7336 = AXIS2_PLACEMENT_3D('',#7337,#7338,#7339);
#7337 = CARTESIAN_POINT('',(-0.574168851777,-4.902259996524,
    0.34150131266));
#7338 = DIRECTION('',(-8.71544581365E-02,-0.99619481048,-0.));
#7339 = DIRECTION('',(-0.99619481048,8.71544581365E-02,0.));
#7340 = ADVANCED_FACE('',(#7341),#7351,.T.);
#7341 = FACE_BOUND('',#7342,.T.);
#7342 = EDGE_LOOP('',(#7343,#7344,#7345));
#7343 = ORIENTED_EDGE('',*,*,#4093,.F.);
#7344 = ORIENTED_EDGE('',*,*,#7321,.F.);
#7345 = ORIENTED_EDGE('',*,*,#7346,.T.);
#7346 = EDGE_CURVE('',#7322,#4094,#7347,.T.);
#7347 = LINE('',#7348,#7349);
#7348 = CARTESIAN_POINT('',(-0.565270364285,-4.90303850174,0.));
#7349 = VECTOR('',#7350,1.);
#7350 = DIRECTION('',(4.804676344355E-02,-1.287431431286E-02,
    0.998762114096));
#7351 = PLANE('',#7352);
#7352 = AXIS2_PLACEMENT_3D('',#7353,#7354,#7355);
#7353 = CARTESIAN_POINT('',(-0.556642251909,-4.905350437501,
    0.358498686571));
#7354 = DIRECTION('',(-0.258823225115,-0.965924706248,-0.));
#7355 = DIRECTION('',(-0.965924706248,0.258823225115,0.));
#7356 = ADVANCED_FACE('',(#7357),#7374,.T.);
#7357 = FACE_BOUND('',#7358,.T.);
#7358 = EDGE_LOOP('',(#7359,#7367,#7368));
#7359 = ORIENTED_EDGE('',*,*,#7360,.T.);
#7360 = EDGE_CURVE('',#7361,#4094,#7363,.T.);
#7361 = VERTEX_POINT('',#7362);
#7362 = CARTESIAN_POINT('',(-0.531595945358,-4.912061691284,0.));
#7363 = LINE('',#7364,#7365);
#7364 = CARTESIAN_POINT('',(-0.531595945358,-4.912061691284,0.));
#7365 = VECTOR('',#7366,1.);
#7366 = DIRECTION('',(0.,0.,1.));
#7367 = ORIENTED_EDGE('',*,*,#7346,.F.);
#7368 = ORIENTED_EDGE('',*,*,#7369,.T.);
#7369 = EDGE_CURVE('',#7322,#7361,#7370,.T.);
#7370 = LINE('',#7371,#7372);
#7371 = CARTESIAN_POINT('',(-0.565270364285,-4.90303850174,0.));
#7372 = VECTOR('',#7373,1.);
#7373 = DIRECTION('',(0.965924706248,-0.258823225115,0.));
#7374 = PLANE('',#7375);
#7375 = AXIS2_PLACEMENT_3D('',#7376,#7377,#7378);
#7376 = CARTESIAN_POINT('',(-0.540224057734,-4.909749755522,
    0.341501301508));
#7377 = DIRECTION('',(-0.258823225115,-0.965924706248,-0.));
#7378 = DIRECTION('',(-0.965924706248,0.258823225115,0.));
#7379 = ADVANCED_FACE('',(#7380),#7390,.T.);
#7380 = FACE_BOUND('',#7381,.T.);
#7381 = EDGE_LOOP('',(#7382,#7383,#7384));
#7382 = ORIENTED_EDGE('',*,*,#4147,.F.);
#7383 = ORIENTED_EDGE('',*,*,#7360,.F.);
#7384 = ORIENTED_EDGE('',*,*,#7385,.T.);
#7385 = EDGE_CURVE('',#7361,#4139,#7386,.T.);
#7386 = LINE('',#7387,#7388);
#7387 = CARTESIAN_POINT('',(-0.531595945358,-4.912061691284,0.));
#7388 = VECTOR('',#7389,1.);
#7389 = DIRECTION('',(4.508119149338E-02,-2.102153821997E-02,
    0.998762124384));
#7390 = PLANE('',#7391);
#7391 = AXIS2_PLACEMENT_3D('',#7392,#7393,#7394);
#7392 = CARTESIAN_POINT('',(-0.523500383554,-4.915836683831,
    0.358498652091));
#7393 = DIRECTION('',(-0.422615510432,-0.906309069988,-0.));
#7394 = DIRECTION('',(-0.906309069988,0.422615510432,0.));
#7395 = ADVANCED_FACE('',(#7396),#7413,.T.);
#7396 = FACE_BOUND('',#7397,.T.);
#7397 = EDGE_LOOP('',(#7398,#7406,#7407));
#7398 = ORIENTED_EDGE('',*,*,#7399,.T.);
#7399 = EDGE_CURVE('',#7400,#4139,#7402,.T.);
#7400 = VERTEX_POINT('',#7401);
#7401 = CARTESIAN_POINT('',(-0.5,-4.926795005798,0.));
#7402 = LINE('',#7403,#7404);
#7403 = CARTESIAN_POINT('',(-0.5,-4.926795005798,0.));
#7404 = VECTOR('',#7405,1.);
#7405 = DIRECTION('',(0.,0.,1.));
#7406 = ORIENTED_EDGE('',*,*,#7385,.F.);
#7407 = ORIENTED_EDGE('',*,*,#7408,.T.);
#7408 = EDGE_CURVE('',#7361,#7400,#7409,.T.);
#7409 = LINE('',#7410,#7411);
#7410 = CARTESIAN_POINT('',(-0.531595945358,-4.912061691284,0.));
#7411 = VECTOR('',#7412,1.);
#7412 = DIRECTION('',(0.906309069988,-0.422615510432,0.));
#7413 = PLANE('',#7414);
#7414 = AXIS2_PLACEMENT_3D('',#7415,#7416,#7417);
#7415 = CARTESIAN_POINT('',(-0.508095561804,-4.923020013252,
    0.341501335988));
#7416 = DIRECTION('',(-0.422615510432,-0.906309069988,-0.));
#7417 = DIRECTION('',(-0.906309069988,0.422615510432,0.));
#7418 = ADVANCED_FACE('',(#7419),#7429,.T.);
#7419 = FACE_BOUND('',#7420,.T.);
#7420 = EDGE_LOOP('',(#7421,#7422,#7423));
#7421 = ORIENTED_EDGE('',*,*,#4170,.F.);
#7422 = ORIENTED_EDGE('',*,*,#7399,.F.);
#7423 = ORIENTED_EDGE('',*,*,#7424,.T.);
#7424 = EDGE_CURVE('',#7400,#4162,#7425,.T.);
#7425 = LINE('',#7426,#7427);
#7426 = CARTESIAN_POINT('',(-0.5,-4.926795005798,0.));
#7427 = VECTOR('',#7428,1.);
#7428 = DIRECTION('',(4.074594131236E-02,-2.85305910401E-02,
    0.998762120648));
#7429 = PLANE('',#7430);
#7430 = AXIS2_PLACEMENT_3D('',#7431,#7432,#7433);
#7431 = CARTESIAN_POINT('',(-0.492682950726,-4.931918454509,
    0.358498664612));
#7432 = DIRECTION('',(-0.573576109649,-0.819152273048,-0.));
#7433 = DIRECTION('',(-0.819152273048,0.573576109649,0.));
#7434 = ADVANCED_FACE('',(#7435),#7452,.T.);
#7435 = FACE_BOUND('',#7436,.T.);
#7436 = EDGE_LOOP('',(#7437,#7445,#7446));
#7437 = ORIENTED_EDGE('',*,*,#7438,.T.);
#7438 = EDGE_CURVE('',#7439,#4162,#7441,.T.);
#7439 = VERTEX_POINT('',#7440);
#7440 = CARTESIAN_POINT('',(-0.471442490816,-4.946791172028,0.));
#7441 = LINE('',#7442,#7443);
#7442 = CARTESIAN_POINT('',(-0.471442490816,-4.946791172028,0.));
#7443 = VECTOR('',#7444,1.);
#7444 = DIRECTION('',(0.,0.,1.));
#7445 = ORIENTED_EDGE('',*,*,#7424,.F.);
#7446 = ORIENTED_EDGE('',*,*,#7447,.T.);
#7447 = EDGE_CURVE('',#7400,#7439,#7448,.T.);
#7448 = LINE('',#7449,#7450);
#7449 = CARTESIAN_POINT('',(-0.5,-4.926795005798,0.));
#7450 = VECTOR('',#7451,1.);
#7451 = DIRECTION('',(0.819152273048,-0.573576109649,0.));
#7452 = PLANE('',#7453);
#7453 = AXIS2_PLACEMENT_3D('',#7454,#7455,#7456);
#7454 = CARTESIAN_POINT('',(-0.47875954009,-4.941667723317,
    0.341501323467));
#7455 = DIRECTION('',(-0.573576109649,-0.819152273048,-0.));
#7456 = DIRECTION('',(-0.819152273048,0.573576109649,0.));
#7457 = ADVANCED_FACE('',(#7458),#7468,.T.);
#7458 = FACE_BOUND('',#7459,.T.);
#7459 = EDGE_LOOP('',(#7460,#7461,#7462));
#7460 = ORIENTED_EDGE('',*,*,#4185,.F.);
#7461 = ORIENTED_EDGE('',*,*,#7438,.F.);
#7462 = ORIENTED_EDGE('',*,*,#7463,.T.);
#7463 = EDGE_CURVE('',#7439,#4186,#7464,.T.);
#7464 = LINE('',#7465,#7466);
#7465 = CARTESIAN_POINT('',(-0.471442490816,-4.946791172028,0.));
#7466 = VECTOR('',#7467,1.);
#7467 = DIRECTION('',(3.517266160413E-02,-3.517287421435E-02,
    0.998762110212));
#7468 = PLANE('',#7469);
#7469 = AXIS2_PLACEMENT_3D('',#7470,#7471,#7472);
#7470 = CARTESIAN_POINT('',(-0.465126275782,-4.953107425242,
    0.358498699589));
#7471 = DIRECTION('',(-0.707108918321,-0.707104644045,-0.));
#7472 = DIRECTION('',(0.707104644045,-0.707108918321,0.));
#7473 = ADVANCED_FACE('',(#7474),#7491,.T.);
#7474 = FACE_BOUND('',#7475,.T.);
#7475 = EDGE_LOOP('',(#7476,#7484,#7485));
#7476 = ORIENTED_EDGE('',*,*,#7477,.T.);
#7477 = EDGE_CURVE('',#7478,#4186,#7480,.T.);
#7478 = VERTEX_POINT('',#7479);
#7479 = CARTESIAN_POINT('',(-0.446791112423,-4.971442699432,0.));
#7480 = LINE('',#7481,#7482);
#7481 = CARTESIAN_POINT('',(-0.446791112423,-4.971442699432,0.));
#7482 = VECTOR('',#7483,1.);
#7483 = DIRECTION('',(0.,0.,1.));
#7484 = ORIENTED_EDGE('',*,*,#7463,.F.);
#7485 = ORIENTED_EDGE('',*,*,#7486,.T.);
#7486 = EDGE_CURVE('',#7439,#7478,#7487,.T.);
#7487 = LINE('',#7488,#7489);
#7488 = CARTESIAN_POINT('',(-0.471442490816,-4.946791172028,0.));
#7489 = VECTOR('',#7490,1.);
#7490 = DIRECTION('',(0.707104644045,-0.707108918321,0.));
#7491 = PLANE('',#7492);
#7492 = AXIS2_PLACEMENT_3D('',#7493,#7494,#7495);
#7493 = CARTESIAN_POINT('',(-0.453107327457,-4.965126446218,
    0.341501288491));
#7494 = DIRECTION('',(-0.707108918321,-0.707104644045,-0.));
#7495 = DIRECTION('',(0.707104644045,-0.707108918321,0.));
#7496 = ADVANCED_FACE('',(#7497),#7507,.T.);
#7497 = FACE_BOUND('',#7498,.T.);
#7498 = EDGE_LOOP('',(#7499,#7500,#7501));
#7499 = ORIENTED_EDGE('',*,*,#4216,.F.);
#7500 = ORIENTED_EDGE('',*,*,#7477,.F.);
#7501 = ORIENTED_EDGE('',*,*,#7502,.T.);
#7502 = EDGE_CURVE('',#7478,#4208,#7503,.T.);
#7503 = LINE('',#7504,#7505);
#7504 = CARTESIAN_POINT('',(-0.446791112423,-4.971442699432,0.));
#7505 = VECTOR('',#7506,1.);
#7506 = DIRECTION('',(2.853063387355E-02,-4.074564410279E-02,
    0.99876213155));
#7507 = PLANE('',#7508);
#7508 = AXIS2_PLACEMENT_3D('',#7509,#7510,#7511);
#7509 = CARTESIAN_POINT('',(-0.441667656625,-4.978759694472,
    0.358498628076));
#7510 = DIRECTION('',(-0.819149902701,-0.573579494843,-0.));
#7511 = DIRECTION('',(0.573579494843,-0.819149902701,0.));
#7512 = ADVANCED_FACE('',(#7513),#7530,.T.);
#7513 = FACE_BOUND('',#7514,.T.);
#7514 = EDGE_LOOP('',(#7515,#7523,#7524));
#7515 = ORIENTED_EDGE('',*,*,#7516,.T.);
#7516 = EDGE_CURVE('',#7517,#4208,#7519,.T.);
#7517 = VERTEX_POINT('',#7518);
#7518 = CARTESIAN_POINT('',(-0.426794916391,-5.,0.));
#7519 = LINE('',#7520,#7521);
#7520 = CARTESIAN_POINT('',(-0.426794916391,-5.,0.));
#7521 = VECTOR('',#7522,1.);
#7522 = DIRECTION('',(0.,0.,1.));
#7523 = ORIENTED_EDGE('',*,*,#7502,.F.);
#7524 = ORIENTED_EDGE('',*,*,#7525,.T.);
#7525 = EDGE_CURVE('',#7478,#7517,#7526,.T.);
#7526 = LINE('',#7527,#7528);
#7527 = CARTESIAN_POINT('',(-0.446791112423,-4.971442699432,0.));
#7528 = VECTOR('',#7529,1.);
#7529 = DIRECTION('',(0.573579494843,-0.819149902701,0.));
#7530 = PLANE('',#7531);
#7531 = AXIS2_PLACEMENT_3D('',#7532,#7533,#7534);
#7532 = CARTESIAN_POINT('',(-0.431918372189,-4.992683004961,
    0.341501360003));
#7533 = DIRECTION('',(-0.819149902701,-0.573579494843,-0.));
#7534 = DIRECTION('',(0.573579494843,-0.819149902701,0.));
#7535 = ADVANCED_FACE('',(#7536),#7546,.T.);
#7536 = FACE_BOUND('',#7537,.T.);
#7537 = EDGE_LOOP('',(#7538,#7539,#7540));
#7538 = ORIENTED_EDGE('',*,*,#4239,.F.);
#7539 = ORIENTED_EDGE('',*,*,#7516,.F.);
#7540 = ORIENTED_EDGE('',*,*,#7541,.T.);
#7541 = EDGE_CURVE('',#7517,#4231,#7542,.T.);
#7542 = LINE('',#7543,#7544);
#7543 = CARTESIAN_POINT('',(-0.426794916391,-5.,0.));
#7544 = VECTOR('',#7545,1.);
#7545 = DIRECTION('',(2.10217079106E-02,-4.50815308172E-02,
    0.998762105496));
#7546 = PLANE('',#7547);
#7547 = AXIS2_PLACEMENT_3D('',#7548,#7549,#7550);
#7548 = CARTESIAN_POINT('',(-0.423019892601,-5.008095624393,
    0.358498715393));
#7549 = DIRECTION('',(-0.906308981724,-0.422615699716,-0.));
#7550 = DIRECTION('',(0.422615699716,-0.906308981724,0.));
#7551 = ADVANCED_FACE('',(#7552),#7569,.T.);
#7552 = FACE_BOUND('',#7553,.T.);
#7553 = EDGE_LOOP('',(#7554,#7562,#7563));
#7554 = ORIENTED_EDGE('',*,*,#7555,.T.);
#7555 = EDGE_CURVE('',#7556,#4231,#7558,.T.);
#7556 = VERTEX_POINT('',#7557);
#7557 = CARTESIAN_POINT('',(-0.412061482668,-5.031596183777,0.));
#7558 = LINE('',#7559,#7560);
#7559 = CARTESIAN_POINT('',(-0.412061482668,-5.031596183777,0.));
#7560 = VECTOR('',#7561,1.);
#7561 = DIRECTION('',(0.,0.,1.));
#7562 = ORIENTED_EDGE('',*,*,#7541,.F.);
#7563 = ORIENTED_EDGE('',*,*,#7564,.T.);
#7564 = EDGE_CURVE('',#7517,#7556,#7565,.T.);
#7565 = LINE('',#7566,#7567);
#7566 = CARTESIAN_POINT('',(-0.426794916391,-5.,0.));
#7567 = VECTOR('',#7568,1.);
#7568 = DIRECTION('',(0.422615699716,-0.906308981724,0.));
#7569 = PLANE('',#7570);
#7570 = AXIS2_PLACEMENT_3D('',#7571,#7572,#7573);
#7571 = CARTESIAN_POINT('',(-0.415836506458,-5.023500559384,
    0.341501272686));
#7572 = DIRECTION('',(-0.906308981724,-0.422615699716,-0.));
#7573 = DIRECTION('',(0.422615699716,-0.906308981724,0.));
#7574 = ADVANCED_FACE('',(#7575),#7585,.T.);
#7575 = FACE_BOUND('',#7576,.T.);
#7576 = EDGE_LOOP('',(#7577,#7578,#7579));
#7577 = ORIENTED_EDGE('',*,*,#4254,.F.);
#7578 = ORIENTED_EDGE('',*,*,#7555,.F.);
#7579 = ORIENTED_EDGE('',*,*,#7580,.T.);
#7580 = EDGE_CURVE('',#7556,#4255,#7581,.T.);
#7581 = LINE('',#7582,#7583);
#7582 = CARTESIAN_POINT('',(-0.412061482668,-5.031596183777,0.));
#7583 = VECTOR('',#7584,1.);
#7584 = DIRECTION('',(1.28741018957E-02,-4.804650903177E-02,
    0.998762129073));
#7585 = PLANE('',#7586);
#7586 = AXIS2_PLACEMENT_3D('',#7587,#7588,#7589);
#7587 = CARTESIAN_POINT('',(-0.409749585426,-5.040224249068,
    0.358498636377));
#7588 = DIRECTION('',(-0.965925431237,-0.258820519451,-0.));
#7589 = DIRECTION('',(0.258820519451,-0.965925431237,0.));
#7590 = ADVANCED_FACE('',(#7591),#7608,.T.);
#7591 = FACE_BOUND('',#7592,.T.);
#7592 = EDGE_LOOP('',(#7593,#7601,#7602));
#7593 = ORIENTED_EDGE('',*,*,#7594,.T.);
#7594 = EDGE_CURVE('',#7595,#4255,#7597,.T.);
#7595 = VERTEX_POINT('',#7596);
#7596 = CARTESIAN_POINT('',(-0.403038442135,-5.065270423889,0.));
#7597 = LINE('',#7598,#7599);
#7598 = CARTESIAN_POINT('',(-0.403038442135,-5.065270423889,0.));
#7599 = VECTOR('',#7600,1.);
#7600 = DIRECTION('',(0.,0.,1.));
#7601 = ORIENTED_EDGE('',*,*,#7580,.F.);
#7602 = ORIENTED_EDGE('',*,*,#7603,.T.);
#7603 = EDGE_CURVE('',#7556,#7595,#7604,.T.);
#7604 = LINE('',#7605,#7606);
#7605 = CARTESIAN_POINT('',(-0.412061482668,-5.031596183777,0.));
#7606 = VECTOR('',#7607,1.);
#7607 = DIRECTION('',(0.258820519451,-0.965925431237,0.));
#7608 = PLANE('',#7609);
#7609 = AXIS2_PLACEMENT_3D('',#7610,#7611,#7612);
#7610 = CARTESIAN_POINT('',(-0.405350339377,-5.056642358598,
    0.341501351702));
#7611 = DIRECTION('',(-0.965925431237,-0.258820519451,-0.));
#7612 = DIRECTION('',(0.258820519451,-0.965925431237,0.));
#7613 = ADVANCED_FACE('',(#7614),#7624,.T.);
#7614 = FACE_BOUND('',#7615,.T.);
#7615 = EDGE_LOOP('',(#7616,#7617,#7618));
#7616 = ORIENTED_EDGE('',*,*,#4285,.F.);
#7617 = ORIENTED_EDGE('',*,*,#7594,.F.);
#7618 = ORIENTED_EDGE('',*,*,#7619,.T.);
#7619 = EDGE_CURVE('',#7595,#4277,#7620,.T.);
#7620 = LINE('',#7621,#7622);
#7621 = CARTESIAN_POINT('',(-0.403038442135,-5.065270423889,0.));
#7622 = VECTOR('',#7623,1.);
#7623 = DIRECTION('',(4.3352500524E-03,-4.955212963878E-02,
    0.998762129866));
#7624 = PLANE('',#7625);
#7625 = AXIS2_PLACEMENT_3D('',#7626,#7627,#7628);
#7626 = CARTESIAN_POINT('',(-0.402259929378,-5.074168864479,
    0.358498633717));
#7627 = DIRECTION('',(-0.996194697297,-8.715575183425E-02,-0.));
#7628 = DIRECTION('',(8.715575183425E-02,-0.996194697297,0.));
#7629 = ADVANCED_FACE('',(#7630),#7647,.T.);
#7630 = FACE_BOUND('',#7631,.T.);
#7631 = EDGE_LOOP('',(#7632,#7640,#7641));
#7632 = ORIENTED_EDGE('',*,*,#7633,.T.);
#7633 = EDGE_CURVE('',#7634,#4277,#7636,.T.);
#7634 = VERTEX_POINT('',#7635);
#7635 = CARTESIAN_POINT('',(-0.40000000596,-5.099999904633,0.));
#7636 = LINE('',#7637,#7638);
#7637 = CARTESIAN_POINT('',(-0.40000000596,-5.099999904633,0.));
#7638 = VECTOR('',#7639,1.);
#7639 = DIRECTION('',(0.,0.,1.));
#7640 = ORIENTED_EDGE('',*,*,#7619,.F.);
#7641 = ORIENTED_EDGE('',*,*,#7642,.T.);
#7642 = EDGE_CURVE('',#7595,#7634,#7643,.T.);
#7643 = LINE('',#7644,#7645);
#7644 = CARTESIAN_POINT('',(-0.403038442135,-5.065270423889,0.));
#7645 = VECTOR('',#7646,1.);
#7646 = DIRECTION('',(8.715575183425E-02,-0.996194697297,0.));
#7647 = PLANE('',#7648);
#7648 = AXIS2_PLACEMENT_3D('',#7649,#7650,#7651);
#7649 = CARTESIAN_POINT('',(-0.400778518717,-5.091101464042,
    0.341501354362));
#7650 = DIRECTION('',(-0.996194697297,-8.715575183425E-02,-0.));
#7651 = DIRECTION('',(8.715575183425E-02,-0.996194697297,0.));
#7652 = ADVANCED_FACE('',(#7653),#7670,.T.);
#7653 = FACE_BOUND('',#7654,.T.);
#7654 = EDGE_LOOP('',(#7655,#7656,#7664));
#7655 = ORIENTED_EDGE('',*,*,#7633,.F.);
#7656 = ORIENTED_EDGE('',*,*,#7657,.T.);
#7657 = EDGE_CURVE('',#7634,#7658,#7660,.T.);
#7658 = VERTEX_POINT('',#7659);
#7659 = CARTESIAN_POINT('',(-0.40000000596,-5.300000190735,0.));
#7660 = LINE('',#7661,#7662);
#7661 = CARTESIAN_POINT('',(-0.40000000596,-5.099999904633,0.));
#7662 = VECTOR('',#7663,1.);
#7663 = DIRECTION('',(0.,-1.,0.));
#7664 = ORIENTED_EDGE('',*,*,#7665,.T.);
#7665 = EDGE_CURVE('',#7658,#4277,#7666,.T.);
#7666 = LINE('',#7667,#7668);
#7667 = CARTESIAN_POINT('',(-0.40000000596,-5.300000190735,0.));
#7668 = VECTOR('',#7669,1.);
#7669 = DIRECTION('',(0.,0.274721495555,0.961523842596));
#7670 = PLANE('',#7671);
#7671 = AXIS2_PLACEMENT_3D('',#7672,#7673,#7674);
#7672 = CARTESIAN_POINT('',(-0.40000000596,-5.157002743154,0.30700268951
    ));
#7673 = DIRECTION('',(-1.,-0.,-0.));
#7674 = DIRECTION('',(0.,0.,-1.));
#7675 = ADVANCED_FACE('',(#7676),#7686,.T.);
#7676 = FACE_BOUND('',#7677,.T.);
#7677 = EDGE_LOOP('',(#7678,#7679,#7680));
#7678 = ORIENTED_EDGE('',*,*,#4308,.F.);
#7679 = ORIENTED_EDGE('',*,*,#7665,.F.);
#7680 = ORIENTED_EDGE('',*,*,#7681,.T.);
#7681 = EDGE_CURVE('',#7658,#4300,#7682,.T.);
#7682 = LINE('',#7683,#7684);
#7683 = CARTESIAN_POINT('',(-0.40000000596,-5.300000190735,0.));
#7684 = VECTOR('',#7685,1.);
#7685 = DIRECTION('',(0.,0.,1.));
#7686 = PLANE('',#7687);
#7687 = AXIS2_PLACEMENT_3D('',#7688,#7689,#7690);
#7688 = CARTESIAN_POINT('',(-0.40000000596,-5.242997352213,
    0.392997298569));
#7689 = DIRECTION('',(-1.,-0.,-0.));
#7690 = DIRECTION('',(0.,0.,-1.));
#7691 = ADVANCED_FACE('',(#7692),#7709,.T.);
#7692 = FACE_BOUND('',#7693,.T.);
#7693 = EDGE_LOOP('',(#7694,#7695,#7703));
#7694 = ORIENTED_EDGE('',*,*,#3844,.F.);
#7695 = ORIENTED_EDGE('',*,*,#7696,.T.);
#7696 = EDGE_CURVE('',#3813,#7697,#7699,.T.);
#7697 = VERTEX_POINT('',#7698);
#7698 = CARTESIAN_POINT('',(-1.658578634262,-4.958578586578,0.));
#7699 = LINE('',#7700,#7701);
#7700 = CARTESIAN_POINT('',(-1.658578634262,-4.958578586578,
    0.699999988079));
#7701 = VECTOR('',#7702,1.);
#7702 = DIRECTION('',(0.,0.,-1.));
#7703 = ORIENTED_EDGE('',*,*,#7704,.T.);
#7704 = EDGE_CURVE('',#7697,#3836,#7705,.T.);
#7705 = LINE('',#7706,#7707);
#7706 = CARTESIAN_POINT('',(-1.658578634262,-4.958578586578,0.));
#7707 = VECTOR('',#7708,1.);
#7708 = DIRECTION('',(3.405760218157E-02,2.90878204018E-02,
    0.998996485698));
#7709 = PLANE('',#7710);
#7710 = AXIS2_PLACEMENT_3D('',#7711,#7712,#7713);
#7711 = CARTESIAN_POINT('',(-1.65247889388,-4.95336893759,0.357670086565
    ));
#7712 = DIRECTION('',(0.649446501532,-0.760407286688,-0.));
#7713 = DIRECTION('',(-0.760407286688,-0.649446501532,0.));
#7714 = ADVANCED_FACE('',(#7715),#7732,.T.);
#7715 = FACE_BOUND('',#7716,.T.);
#7716 = EDGE_LOOP('',(#7717,#7725,#7726));
#7717 = ORIENTED_EDGE('',*,*,#7718,.T.);
#7718 = EDGE_CURVE('',#7719,#3836,#7721,.T.);
#7719 = VERTEX_POINT('',#7720);
#7720 = CARTESIAN_POINT('',(-1.634714365005,-4.938196659088,0.));
#7721 = LINE('',#7722,#7723);
#7722 = CARTESIAN_POINT('',(-1.634714365005,-4.938196659088,0.));
#7723 = VECTOR('',#7724,1.);
#7724 = DIRECTION('',(0.,0.,1.));
#7725 = ORIENTED_EDGE('',*,*,#7704,.F.);
#7726 = ORIENTED_EDGE('',*,*,#7727,.T.);
#7727 = EDGE_CURVE('',#7697,#7719,#7728,.T.);
#7728 = LINE('',#7729,#7730);
#7729 = CARTESIAN_POINT('',(-1.658578634262,-4.958578586578,0.));
#7730 = VECTOR('',#7731,1.);
#7731 = DIRECTION('',(0.760407286688,0.649446501532,0.));
#7732 = PLANE('',#7733);
#7733 = AXIS2_PLACEMENT_3D('',#7734,#7735,#7736);
#7734 = CARTESIAN_POINT('',(-1.640814105388,-4.943406308076,
    0.342329901514));
#7735 = DIRECTION('',(0.649446501532,-0.760407286688,-0.));
#7736 = DIRECTION('',(-0.760407286688,-0.649446501532,0.));
#7737 = ADVANCED_FACE('',(#7738),#7748,.T.);
#7738 = FACE_BOUND('',#7739,.T.);
#7739 = EDGE_LOOP('',(#7740,#7741,#7742));
#7740 = ORIENTED_EDGE('',*,*,#3985,.F.);
#7741 = ORIENTED_EDGE('',*,*,#7718,.F.);
#7742 = ORIENTED_EDGE('',*,*,#7743,.T.);
#7743 = EDGE_CURVE('',#7719,#3986,#7744,.T.);
#7744 = LINE('',#7745,#7746);
#7745 = CARTESIAN_POINT('',(-1.634714365005,-4.938196659088,0.));
#7746 = VECTOR('',#7747,1.);
#7747 = DIRECTION('',(3.818882213069E-02,2.340213932761E-02,
    0.998996473337));
#7748 = PLANE('',#7749);
#7749 = AXIS2_PLACEMENT_3D('',#7750,#7751,#7752);
#7750 = CARTESIAN_POINT('',(-1.627874719231,-4.934005318941,
    0.357670132795));
#7751 = DIRECTION('',(0.522498548935,-0.852640174024,-0.));
#7752 = DIRECTION('',(-0.852640174024,-0.522498548935,0.));
#7753 = ADVANCED_FACE('',(#7754),#7771,.T.);
#7754 = FACE_BOUND('',#7755,.T.);
#7755 = EDGE_LOOP('',(#7756,#7764,#7765));
#7756 = ORIENTED_EDGE('',*,*,#7757,.T.);
#7757 = EDGE_CURVE('',#7758,#3986,#7760,.T.);
#7758 = VERTEX_POINT('',#7759);
#7759 = CARTESIAN_POINT('',(-1.607955336571,-4.921798706055,0.));
#7760 = LINE('',#7761,#7762);
#7761 = CARTESIAN_POINT('',(-1.607955336571,-4.921798706055,0.));
#7762 = VECTOR('',#7763,1.);
#7763 = DIRECTION('',(0.,0.,1.));
#7764 = ORIENTED_EDGE('',*,*,#7743,.F.);
#7765 = ORIENTED_EDGE('',*,*,#7766,.T.);
#7766 = EDGE_CURVE('',#7719,#7758,#7767,.T.);
#7767 = LINE('',#7768,#7769);
#7768 = CARTESIAN_POINT('',(-1.634714365005,-4.938196659088,0.));
#7769 = VECTOR('',#7770,1.);
#7770 = DIRECTION('',(0.852640174024,0.522498548935,0.));
#7771 = PLANE('',#7772);
#7772 = AXIS2_PLACEMENT_3D('',#7773,#7774,#7775);
#7773 = CARTESIAN_POINT('',(-1.614794982345,-4.925990046202,
    0.342329855284));
#7774 = DIRECTION('',(0.522498548935,-0.852640174024,-0.));
#7775 = DIRECTION('',(-0.852640174024,-0.522498548935,0.));
#7776 = ADVANCED_FACE('',(#7777),#7787,.T.);
#7777 = FACE_BOUND('',#7778,.T.);
#7778 = EDGE_LOOP('',(#7779,#7780,#7781));
#7779 = ORIENTED_EDGE('',*,*,#4016,.F.);
#7780 = ORIENTED_EDGE('',*,*,#7757,.F.);
#7781 = ORIENTED_EDGE('',*,*,#7782,.T.);
#7782 = EDGE_CURVE('',#7758,#4008,#7783,.T.);
#7783 = LINE('',#7784,#7785);
#7784 = CARTESIAN_POINT('',(-1.607955336571,-4.921798706055,0.));
#7785 = VECTOR('',#7786,1.);
#7786 = DIRECTION('',(4.137940449383E-02,1.714006472996E-02,
    0.998996478004));
#7787 = PLANE('',#7788);
#7788 = AXIS2_PLACEMENT_3D('',#7789,#7790,#7791);
#7789 = CARTESIAN_POINT('',(-1.600544255591,-4.918728908186,
    0.357670115339));
#7790 = DIRECTION('',(0.382686370725,-0.923878315397,-0.));
#7791 = DIRECTION('',(-0.923878315397,-0.382686370725,0.));
#7792 = ADVANCED_FACE('',(#7793),#7810,.T.);
#7793 = FACE_BOUND('',#7794,.T.);
#7794 = EDGE_LOOP('',(#7795,#7803,#7804));
#7795 = ORIENTED_EDGE('',*,*,#7796,.T.);
#7796 = EDGE_CURVE('',#7797,#4008,#7799,.T.);
#7797 = VERTEX_POINT('',#7798);
#7798 = CARTESIAN_POINT('',(-1.57896065712,-4.909788608551,0.));
#7799 = LINE('',#7800,#7801);
#7800 = CARTESIAN_POINT('',(-1.57896065712,-4.909788608551,0.));
#7801 = VECTOR('',#7802,1.);
#7802 = DIRECTION('',(0.,0.,1.));
#7803 = ORIENTED_EDGE('',*,*,#7782,.F.);
#7804 = ORIENTED_EDGE('',*,*,#7805,.T.);
#7805 = EDGE_CURVE('',#7758,#7797,#7806,.T.);
#7806 = LINE('',#7807,#7808);
#7807 = CARTESIAN_POINT('',(-1.607955336571,-4.921798706055,0.));
#7808 = VECTOR('',#7809,1.);
#7809 = DIRECTION('',(0.923878315397,0.382686370725,0.));
#7810 = PLANE('',#7811);
#7811 = AXIS2_PLACEMENT_3D('',#7812,#7813,#7814);
#7812 = CARTESIAN_POINT('',(-1.5863717381,-4.91285840642,0.34232987274)
  );
#7813 = DIRECTION('',(0.382686370725,-0.923878315397,-0.));
#7814 = DIRECTION('',(-0.923878315397,-0.382686370725,0.));
#7815 = ADVANCED_FACE('',(#7816),#7826,.T.);
#7816 = FACE_BOUND('',#7817,.T.);
#7817 = EDGE_LOOP('',(#7818,#7819,#7820));
#7818 = ORIENTED_EDGE('',*,*,#4039,.F.);
#7819 = ORIENTED_EDGE('',*,*,#7796,.F.);
#7820 = ORIENTED_EDGE('',*,*,#7821,.T.);
#7821 = EDGE_CURVE('',#7797,#4031,#7822,.T.);
#7822 = LINE('',#7823,#7824);
#7823 = CARTESIAN_POINT('',(-1.57896065712,-4.909788608551,0.));
#7824 = VECTOR('',#7825,1.);
#7825 = DIRECTION('',(4.355125988726E-02,1.045539189906E-02,
    0.998996482748));
#7826 = PLANE('',#7827);
#7827 = AXIS2_PLACEMENT_3D('',#7828,#7829,#7830);
#7828 = CARTESIAN_POINT('',(-1.571160595725,-4.90791604048,0.3576700976)
  );
#7829 = DIRECTION('',(0.233438175134,-0.972371646229,-0.));
#7830 = DIRECTION('',(-0.972371646229,-0.233438175134,0.));
#7831 = ADVANCED_FACE('',(#7832),#7849,.T.);
#7832 = FACE_BOUND('',#7833,.T.);
#7833 = EDGE_LOOP('',(#7834,#7842,#7843));
#7834 = ORIENTED_EDGE('',*,*,#7835,.T.);
#7835 = EDGE_CURVE('',#7836,#4031,#7838,.T.);
#7836 = VERTEX_POINT('',#7837);
#7837 = CARTESIAN_POINT('',(-1.548444151878,-4.902462482452,0.));
#7838 = LINE('',#7839,#7840);
#7839 = CARTESIAN_POINT('',(-1.548444151878,-4.902462482452,0.));
#7840 = VECTOR('',#7841,1.);
#7841 = DIRECTION('',(0.,0.,1.));
#7842 = ORIENTED_EDGE('',*,*,#7821,.F.);
#7843 = ORIENTED_EDGE('',*,*,#7844,.T.);
#7844 = EDGE_CURVE('',#7797,#7836,#7845,.T.);
#7845 = LINE('',#7846,#7847);
#7846 = CARTESIAN_POINT('',(-1.57896065712,-4.909788608551,0.));
#7847 = VECTOR('',#7848,1.);
#7848 = DIRECTION('',(0.972371646229,0.233438175134,0.));
#7849 = PLANE('',#7850);
#7850 = AXIS2_PLACEMENT_3D('',#7851,#7852,#7853);
#7851 = CARTESIAN_POINT('',(-1.556244213274,-4.904335050524,
    0.342329890479));
#7852 = DIRECTION('',(0.233438175134,-0.972371646229,-0.));
#7853 = DIRECTION('',(-0.972371646229,-0.233438175134,0.));
#7854 = ADVANCED_FACE('',(#7855),#7865,.T.);
#7855 = FACE_BOUND('',#7856,.T.);
#7856 = EDGE_LOOP('',(#7857,#7858,#7859));
#7857 = ORIENTED_EDGE('',*,*,#4054,.F.);
#7858 = ORIENTED_EDGE('',*,*,#7835,.F.);
#7859 = ORIENTED_EDGE('',*,*,#7860,.T.);
#7860 = EDGE_CURVE('',#7836,#4055,#7861,.T.);
#7861 = LINE('',#7862,#7863);
#7862 = CARTESIAN_POINT('',(-1.548444151878,-4.902462482452,0.));
#7863 = VECTOR('',#7864,1.);
#7864 = DIRECTION('',(4.46506275948E-02,3.514165826256E-03,
    0.998996482523));
#7865 = PLANE('',#7866);
#7866 = AXIS2_PLACEMENT_3D('',#7867,#7868,#7869);
#7867 = CARTESIAN_POINT('',(-1.540447192929,-4.90183309287,
    0.357670098439));
#7868 = DIRECTION('',(7.846098681018E-02,-0.9969171849,-0.));
#7869 = DIRECTION('',(-0.9969171849,-7.846098681018E-02,0.));
#7870 = ADVANCED_FACE('',(#7871),#7888,.T.);
#7871 = FACE_BOUND('',#7872,.T.);
#7872 = EDGE_LOOP('',(#7873,#7881,#7882));
#7873 = ORIENTED_EDGE('',*,*,#7874,.T.);
#7874 = EDGE_CURVE('',#7875,#4055,#7877,.T.);
#7875 = VERTEX_POINT('',#7876);
#7876 = CARTESIAN_POINT('',(-1.517157316208,-4.900000095367,0.));
#7877 = LINE('',#7878,#7879);
#7878 = CARTESIAN_POINT('',(-1.517157316208,-4.900000095367,0.));
#7879 = VECTOR('',#7880,1.);
#7880 = DIRECTION('',(0.,0.,1.));
#7881 = ORIENTED_EDGE('',*,*,#7860,.F.);
#7882 = ORIENTED_EDGE('',*,*,#7883,.T.);
#7883 = EDGE_CURVE('',#7836,#7875,#7884,.T.);
#7884 = LINE('',#7885,#7886);
#7885 = CARTESIAN_POINT('',(-1.548444151878,-4.902462482452,0.));
#7886 = VECTOR('',#7887,1.);
#7887 = DIRECTION('',(0.9969171849,7.846098681018E-02,0.));
#7888 = PLANE('',#7889);
#7889 = AXIS2_PLACEMENT_3D('',#7890,#7891,#7892);
#7890 = CARTESIAN_POINT('',(-1.525154275157,-4.90062948495,0.34232988964
    ));
#7891 = DIRECTION('',(7.846098681018E-02,-0.9969171849,-0.));
#7892 = DIRECTION('',(-0.9969171849,-7.846098681018E-02,0.));
#7893 = ADVANCED_FACE('',(#7894),#7904,.T.);
#7894 = FACE_BOUND('',#7895,.T.);
#7895 = EDGE_LOOP('',(#7896,#7897,#7898));
#7896 = ORIENTED_EDGE('',*,*,#7299,.F.);
#7897 = ORIENTED_EDGE('',*,*,#4078,.F.);
#7898 = ORIENTED_EDGE('',*,*,#7899,.T.);
#7899 = EDGE_CURVE('',#4055,#7300,#7900,.T.);
#7900 = LINE('',#7901,#7902);
#7901 = CARTESIAN_POINT('',(-1.517157316208,-4.900000095367,
    0.699999988079));
#7902 = VECTOR('',#7903,1.);
#7903 = DIRECTION('',(0.794924426446,0.,-0.606708460662));
#7904 = PLANE('',#7905);
#7905 = AXIS2_PLACEMENT_3D('',#7906,#7907,#7908);
#7906 = CARTESIAN_POINT('',(-0.94273101237,-4.900000095367,
    0.465847651694));
#7907 = DIRECTION('',(-0.,-1.,-0.));
#7908 = DIRECTION('',(0.,0.,-1.));
#7909 = ADVANCED_FACE('',(#7910),#7920,.T.);
#7910 = FACE_BOUND('',#7911,.T.);
#7911 = EDGE_LOOP('',(#7912,#7918,#7919));
#7912 = ORIENTED_EDGE('',*,*,#7913,.T.);
#7913 = EDGE_CURVE('',#7875,#7300,#7914,.T.);
#7914 = LINE('',#7915,#7916);
#7915 = CARTESIAN_POINT('',(-1.517157316208,-4.900000095367,0.));
#7916 = VECTOR('',#7917,1.);
#7917 = DIRECTION('',(1.,0.,0.));
#7918 = ORIENTED_EDGE('',*,*,#7899,.F.);
#7919 = ORIENTED_EDGE('',*,*,#7874,.F.);
#7920 = PLANE('',#7921);
#7921 = AXIS2_PLACEMENT_3D('',#7922,#7923,#7924);
#7922 = CARTESIAN_POINT('',(-1.17442632768,-4.900000095367,
    0.234152336385));
#7923 = DIRECTION('',(-0.,-1.,-0.));
#7924 = DIRECTION('',(0.,0.,-1.));
#7925 = ADVANCED_FACE('',(#7926),#7950,.T.);
#7926 = FACE_BOUND('',#7927,.T.);
#7927 = EDGE_LOOP('',(#7928,#7938,#7944));
#7928 = ORIENTED_EDGE('',*,*,#7929,.T.);
#7929 = EDGE_CURVE('',#7930,#7932,#7934,.T.);
#7930 = VERTEX_POINT('',#7931);
#7931 = CARTESIAN_POINT('',(-2.165285587311,-5.461803436279,0.));
#7932 = VERTEX_POINT('',#7933);
#7933 = CARTESIAN_POINT('',(-2.141421318054,-5.441421508789,0.));
#7934 = LINE('',#7935,#7936);
#7935 = CARTESIAN_POINT('',(-2.165285587311,-5.461803436279,0.));
#7936 = VECTOR('',#7937,1.);
#7937 = DIRECTION('',(0.760407286688,0.649446501532,0.));
#7938 = ORIENTED_EDGE('',*,*,#7939,.T.);
#7939 = EDGE_CURVE('',#7932,#3947,#7940,.T.);
#7940 = LINE('',#7941,#7942);
#7941 = CARTESIAN_POINT('',(-2.141421318054,-5.441421508789,0.));
#7942 = VECTOR('',#7943,1.);
#7943 = DIRECTION('',(0.,0.,1.));
#7944 = ORIENTED_EDGE('',*,*,#7945,.T.);
#7945 = EDGE_CURVE('',#3947,#7930,#7946,.T.);
#7946 = LINE('',#7947,#7948);
#7947 = CARTESIAN_POINT('',(-2.141421318054,-5.441421508789,
    0.699999988079));
#7948 = VECTOR('',#7949,1.);
#7949 = DIRECTION('',(-3.405760218157E-02,-2.90878204018E-02,
    -0.998996485698));
#7950 = PLANE('',#7951);
#7951 = AXIS2_PLACEMENT_3D('',#7952,#7953,#7954);
#7952 = CARTESIAN_POINT('',(-2.147521058437,-5.446631157777,
    0.342329901514));
#7953 = DIRECTION('',(0.649446501532,-0.760407286688,-0.));
#7954 = DIRECTION('',(-0.760407286688,-0.649446501532,0.));
#7955 = ADVANCED_FACE('',(#7956),#7966,.T.);
#7956 = FACE_BOUND('',#7957,.T.);
#7957 = EDGE_LOOP('',(#7958,#7964,#7965));
#7958 = ORIENTED_EDGE('',*,*,#7959,.T.);
#7959 = EDGE_CURVE('',#3923,#7930,#7960,.T.);
#7960 = LINE('',#7961,#7962);
#7961 = CARTESIAN_POINT('',(-2.165285587311,-5.461803436279,
    0.699999988079));
#7962 = VECTOR('',#7963,1.);
#7963 = DIRECTION('',(0.,0.,-1.));
#7964 = ORIENTED_EDGE('',*,*,#7945,.F.);
#7965 = ORIENTED_EDGE('',*,*,#3946,.F.);
#7966 = PLANE('',#7967);
#7967 = AXIS2_PLACEMENT_3D('',#7968,#7969,#7970);
#7968 = CARTESIAN_POINT('',(-2.159185846928,-5.456593787291,
    0.357670086565));
#7969 = DIRECTION('',(0.649446501532,-0.760407286688,-0.));
#7970 = DIRECTION('',(-0.760407286688,-0.649446501532,0.));
#7971 = ADVANCED_FACE('',(#7972),#7989,.T.);
#7972 = FACE_BOUND('',#7973,.T.);
#7973 = EDGE_LOOP('',(#7974,#7982,#7983));
#7974 = ORIENTED_EDGE('',*,*,#7975,.T.);
#7975 = EDGE_CURVE('',#7976,#7930,#7978,.T.);
#7976 = VERTEX_POINT('',#7977);
#7977 = CARTESIAN_POINT('',(-2.192044496536,-5.478201389313,0.));
#7978 = LINE('',#7979,#7980);
#7979 = CARTESIAN_POINT('',(-2.192044496536,-5.478201389313,0.));
#7980 = VECTOR('',#7981,1.);
#7981 = DIRECTION('',(0.852639137027,0.522500241158,0.));
#7982 = ORIENTED_EDGE('',*,*,#7959,.F.);
#7983 = ORIENTED_EDGE('',*,*,#7984,.T.);
#7984 = EDGE_CURVE('',#3923,#7976,#7985,.T.);
#7985 = LINE('',#7986,#7987);
#7986 = CARTESIAN_POINT('',(-2.165285587311,-5.461803436279,
    0.699999988079));
#7987 = VECTOR('',#7988,1.);
#7988 = DIRECTION('',(-3.818865225071E-02,-2.340213947966E-02,
    -0.998996479827));
#7989 = PLANE('',#7990);
#7990 = AXIS2_PLACEMENT_3D('',#7991,#7992,#7993);
#7991 = CARTESIAN_POINT('',(-2.17212520213,-5.465994776129,
    0.342329879557));
#7992 = DIRECTION('',(0.522500241158,-0.852639137027,-0.));
#7993 = DIRECTION('',(-0.852639137027,-0.522500241158,0.));
#7994 = ADVANCED_FACE('',(#7995),#8005,.T.);
#7995 = FACE_BOUND('',#7996,.T.);
#7996 = EDGE_LOOP('',(#7997,#8003,#8004));
#7997 = ORIENTED_EDGE('',*,*,#7998,.T.);
#7998 = EDGE_CURVE('',#3900,#7976,#7999,.T.);
#7999 = LINE('',#8000,#8001);
#8000 = CARTESIAN_POINT('',(-2.192044496536,-5.478201389313,
    0.699999988079));
#8001 = VECTOR('',#8002,1.);
#8002 = DIRECTION('',(0.,0.,-1.));
#8003 = ORIENTED_EDGE('',*,*,#7984,.F.);
#8004 = ORIENTED_EDGE('',*,*,#3931,.F.);
#8005 = PLANE('',#8006);
#8006 = AXIS2_PLACEMENT_3D('',#8007,#8008,#8009);
#8007 = CARTESIAN_POINT('',(-2.185204881717,-5.474010049463,
    0.357670108522));
#8008 = DIRECTION('',(0.522500241158,-0.852639137027,-0.));
#8009 = DIRECTION('',(-0.852639137027,-0.522500241158,0.));
#8010 = ADVANCED_FACE('',(#8011),#8028,.T.);
#8011 = FACE_BOUND('',#8012,.T.);
#8012 = EDGE_LOOP('',(#8013,#8021,#8022));
#8013 = ORIENTED_EDGE('',*,*,#8014,.T.);
#8014 = EDGE_CURVE('',#8015,#7976,#8017,.T.);
#8015 = VERTEX_POINT('',#8016);
#8016 = CARTESIAN_POINT('',(-2.221039295197,-5.490211486816,0.));
#8017 = LINE('',#8018,#8019);
#8018 = CARTESIAN_POINT('',(-2.221039295197,-5.490211486816,0.));
#8019 = VECTOR('',#8020,1.);
#8020 = DIRECTION('',(0.923878871673,0.382685027766,0.));
#8021 = ORIENTED_EDGE('',*,*,#7998,.F.);
#8022 = ORIENTED_EDGE('',*,*,#8023,.T.);
#8023 = EDGE_CURVE('',#3900,#8015,#8024,.T.);
#8024 = LINE('',#8025,#8026);
#8025 = CARTESIAN_POINT('',(-2.192044496536,-5.478201389313,
    0.699999988079));
#8026 = VECTOR('',#8027,1.);
#8027 = DIRECTION('',(-4.137957433061E-02,-1.71400646093E-02,
    -0.998996470971));
#8028 = PLANE('',#8029);
#8029 = AXIS2_PLACEMENT_3D('',#8030,#8031,#8032);
#8030 = CARTESIAN_POINT('',(-2.199455608556,-5.481271187417,
    0.342329846439));
#8031 = DIRECTION('',(0.382685027766,-0.923878871673,-0.));
#8032 = DIRECTION('',(-0.923878871673,-0.382685027766,0.));
#8033 = ADVANCED_FACE('',(#8034),#8044,.T.);
#8034 = FACE_BOUND('',#8035,.T.);
#8035 = EDGE_LOOP('',(#8036,#8042,#8043));
#8036 = ORIENTED_EDGE('',*,*,#8037,.T.);
#8037 = EDGE_CURVE('',#3878,#8015,#8038,.T.);
#8038 = LINE('',#8039,#8040);
#8039 = CARTESIAN_POINT('',(-2.221039295197,-5.490211486816,
    0.699999988079));
#8040 = VECTOR('',#8041,1.);
#8041 = DIRECTION('',(0.,0.,-1.));
#8042 = ORIENTED_EDGE('',*,*,#8023,.F.);
#8043 = ORIENTED_EDGE('',*,*,#3908,.F.);
#8044 = PLANE('',#8045);
#8045 = AXIS2_PLACEMENT_3D('',#8046,#8047,#8048);
#8046 = CARTESIAN_POINT('',(-2.213628183177,-5.487141688712,
    0.35767014164));
#8047 = DIRECTION('',(0.382685027766,-0.923878871673,-0.));
#8048 = DIRECTION('',(-0.923878871673,-0.382685027766,0.));
#8049 = ADVANCED_FACE('',(#8050),#8067,.T.);
#8050 = FACE_BOUND('',#8051,.T.);
#8051 = EDGE_LOOP('',(#8052,#8060,#8061));
#8052 = ORIENTED_EDGE('',*,*,#8053,.T.);
#8053 = EDGE_CURVE('',#8054,#8015,#8056,.T.);
#8054 = VERTEX_POINT('',#8055);
#8055 = CARTESIAN_POINT('',(-2.251555919647,-5.497537612915,0.));
#8056 = LINE('',#8057,#8058);
#8057 = CARTESIAN_POINT('',(-2.251555919647,-5.497537612915,0.));
#8058 = VECTOR('',#8059,1.);
#8059 = DIRECTION('',(0.972371853219,0.233437312929,0.));
#8060 = ORIENTED_EDGE('',*,*,#8037,.F.);
#8061 = ORIENTED_EDGE('',*,*,#8062,.T.);
#8062 = EDGE_CURVE('',#3878,#8054,#8063,.T.);
#8063 = LINE('',#8064,#8065);
#8064 = CARTESIAN_POINT('',(-2.221039295197,-5.490211486816,
    0.699999988079));
#8065 = VECTOR('',#8066,1.);
#8066 = DIRECTION('',(-4.355142969266E-02,-1.045539182159E-02,
    -0.998996475346));
#8067 = PLANE('',#8068);
#8068 = AXIS2_PLACEMENT_3D('',#8069,#8070,#8071);
#8069 = CARTESIAN_POINT('',(-2.228839387693,-5.492084055039,
    0.342329862798));
#8070 = DIRECTION('',(0.233437312929,-0.972371853219,-0.));
#8071 = DIRECTION('',(-0.972371853219,-0.233437312929,0.));
#8072 = ADVANCED_FACE('',(#8073),#8083,.T.);
#8073 = FACE_BOUND('',#8074,.T.);
#8074 = EDGE_LOOP('',(#8075,#8081,#8082));
#8075 = ORIENTED_EDGE('',*,*,#8076,.T.);
#8076 = EDGE_CURVE('',#3870,#8054,#8077,.T.);
#8077 = LINE('',#8078,#8079);
#8078 = CARTESIAN_POINT('',(-2.251555919647,-5.497537612915,
    0.699999988079));
#8079 = VECTOR('',#8080,1.);
#8080 = DIRECTION('',(0.,0.,-1.));
#8081 = ORIENTED_EDGE('',*,*,#8062,.F.);
#8082 = ORIENTED_EDGE('',*,*,#3877,.F.);
#8083 = PLANE('',#8084);
#8084 = AXIS2_PLACEMENT_3D('',#8085,#8086,#8087);
#8085 = CARTESIAN_POINT('',(-2.243755827151,-5.495665044692,
    0.357670125281));
#8086 = DIRECTION('',(0.233437312929,-0.972371853219,-0.));
#8087 = DIRECTION('',(-0.972371853219,-0.233437312929,0.));
#8088 = ADVANCED_FACE('',(#8089),#8104,.T.);
#8089 = FACE_BOUND('',#8090,.T.);
#8090 = EDGE_LOOP('',(#8091,#8097,#8098));
#8091 = ORIENTED_EDGE('',*,*,#8092,.T.);
#8092 = EDGE_CURVE('',#1204,#8054,#8093,.T.);
#8093 = LINE('',#8094,#8095);
#8094 = CARTESIAN_POINT('',(-2.282842636108,-5.5,0.));
#8095 = VECTOR('',#8096,1.);
#8096 = DIRECTION('',(0.996917161516,7.846128392344E-02,0.));
#8097 = ORIENTED_EDGE('',*,*,#8076,.F.);
#8098 = ORIENTED_EDGE('',*,*,#8099,.T.);
#8099 = EDGE_CURVE('',#3870,#1204,#8100,.T.);
#8100 = LINE('',#8101,#8102);
#8101 = CARTESIAN_POINT('',(-2.251555919647,-5.497537612915,
    0.699999988079));
#8102 = VECTOR('',#8103,1.);
#8103 = DIRECTION('',(-4.465045780589E-02,-3.51416585295E-03,
    -0.998996490112));
#8104 = PLANE('',#8105);
#8105 = AXIS2_PLACEMENT_3D('',#8106,#8107,#8108);
#8106 = CARTESIAN_POINT('',(-2.259552847463,-5.498167002445,
    0.34232991802));
#8107 = DIRECTION('',(7.846128392344E-02,-0.996917161516,-0.));
#8108 = DIRECTION('',(-0.996917161516,-7.846128392344E-02,0.));
#8109 = ADVANCED_FACE('',(#8110),#8115,.T.);
#8110 = FACE_BOUND('',#8111,.T.);
#8111 = EDGE_LOOP('',(#8112,#8113,#8114));
#8112 = ORIENTED_EDGE('',*,*,#1235,.F.);
#8113 = ORIENTED_EDGE('',*,*,#8099,.F.);
#8114 = ORIENTED_EDGE('',*,*,#3869,.F.);
#8115 = PLANE('',#8116);
#8116 = AXIS2_PLACEMENT_3D('',#8117,#8118,#8119);
#8117 = CARTESIAN_POINT('',(-2.274845708292,-5.49937061047,
    0.357670070059));
#8118 = DIRECTION('',(7.846128392344E-02,-0.996917161516,-0.));
#8119 = DIRECTION('',(-0.996917161516,-7.846128392344E-02,0.));
#8120 = ADVANCED_FACE('',(#8121),#8131,.T.);
#8121 = FACE_BOUND('',#8122,.T.);
#8122 = EDGE_LOOP('',(#8123,#8124,#8125));
#8123 = ORIENTED_EDGE('',*,*,#7696,.F.);
#8124 = ORIENTED_EDGE('',*,*,#3970,.F.);
#8125 = ORIENTED_EDGE('',*,*,#8126,.T.);
#8126 = EDGE_CURVE('',#3947,#7697,#8127,.T.);
#8127 = LINE('',#8128,#8129);
#8128 = CARTESIAN_POINT('',(-2.141421318054,-5.441421508789,
    0.699999988079));
#8129 = VECTOR('',#8130,1.);
#8130 = DIRECTION('',(0.493758297262,0.49375854107,-0.715824871742));
#8131 = PLANE('',#8132);
#8132 = AXIS2_PLACEMENT_3D('',#8133,#8134,#8135);
#8133 = CARTESIAN_POINT('',(-1.828414266005,-5.128414302183,
    0.451237501205));
#8134 = DIRECTION('',(0.707106955764,-0.707106606609,0.));
#8135 = DIRECTION('',(0.707106606609,0.707106955764,0.));
#8136 = ADVANCED_FACE('',(#8137),#8147,.T.);
#8137 = FACE_BOUND('',#8138,.T.);
#8138 = EDGE_LOOP('',(#8139,#8145,#8146));
#8139 = ORIENTED_EDGE('',*,*,#8140,.T.);
#8140 = EDGE_CURVE('',#7932,#7697,#8141,.T.);
#8141 = LINE('',#8142,#8143);
#8142 = CARTESIAN_POINT('',(-2.141421318054,-5.441421508789,0.));
#8143 = VECTOR('',#8144,1.);
#8144 = DIRECTION('',(0.707106606609,0.707106955764,0.));
#8145 = ORIENTED_EDGE('',*,*,#8126,.F.);
#8146 = ORIENTED_EDGE('',*,*,#7939,.F.);
#8147 = PLANE('',#8148);
#8148 = AXIS2_PLACEMENT_3D('',#8149,#8150,#8151);
#8149 = CARTESIAN_POINT('',(-1.971585686311,-5.271585793184,
    0.248762486875));
#8150 = DIRECTION('',(0.707106955764,-0.707106606609,0.));
#8151 = DIRECTION('',(0.707106606609,0.707106955764,0.));
#8152 = ADVANCED_FACE('',(#8153),#8168,.T.);
#8153 = FACE_BOUND('',#8154,.T.);
#8154 = EDGE_LOOP('',(#8155,#8156,#8162));
#8155 = ORIENTED_EDGE('',*,*,#5620,.F.);
#8156 = ORIENTED_EDGE('',*,*,#8157,.T.);
#8157 = EDGE_CURVE('',#5613,#6300,#8158,.T.);
#8158 = LINE('',#8159,#8160);
#8159 = CARTESIAN_POINT('',(6.699999809265,-1.399999976158,0.));
#8160 = VECTOR('',#8161,1.);
#8161 = DIRECTION('',(-0.707106359718,-0.707107202655,0.));
#8162 = ORIENTED_EDGE('',*,*,#8163,.T.);
#8163 = EDGE_CURVE('',#6300,#5621,#8164,.T.);
#8164 = LINE('',#8165,#8166);
#8165 = CARTESIAN_POINT('',(6.400000095367,-1.700000047684,0.));
#8166 = VECTOR('',#8167,1.);
#8167 = DIRECTION('',(-0.994691791662,0.102899172011,0.));
#8168 = PLANE('',#8169);
#8169 = AXIS2_PLACEMENT_3D('',#8170,#8171,#8172);
#8170 = CARTESIAN_POINT('',(5.127196966835,-1.476602582928,0.));
#8171 = DIRECTION('',(-0.,-0.,-1.));
#8172 = DIRECTION('',(-1.,0.,0.));
#8173 = ADVANCED_FACE('',(#8174),#8184,.T.);
#8174 = FACE_BOUND('',#8175,.T.);
#8175 = EDGE_LOOP('',(#8176,#8182,#8183));
#8176 = ORIENTED_EDGE('',*,*,#8177,.T.);
#8177 = EDGE_CURVE('',#6254,#5621,#8178,.T.);
#8178 = LINE('',#8179,#8180);
#8179 = CARTESIAN_POINT('',(3.5,-1.700000047684,0.));
#8180 = VECTOR('',#8181,1.);
#8181 = DIRECTION('',(0.,1.,0.));
#8182 = ORIENTED_EDGE('',*,*,#8163,.F.);
#8183 = ORIENTED_EDGE('',*,*,#6299,.F.);
#8184 = PLANE('',#8185);
#8185 = AXIS2_PLACEMENT_3D('',#8186,#8187,#8188);
#8186 = CARTESIAN_POINT('',(4.878869018371,-1.621131041233,0.));
#8187 = DIRECTION('',(-0.,-0.,-1.));
#8188 = DIRECTION('',(-1.,0.,0.));
#8189 = ADVANCED_FACE('',(#8190),#8205,.T.);
#8190 = FACE_BOUND('',#8191,.T.);
#8191 = EDGE_LOOP('',(#8192,#8198,#8199));
#8192 = ORIENTED_EDGE('',*,*,#8193,.T.);
#8193 = EDGE_CURVE('',#7875,#5621,#8194,.T.);
#8194 = LINE('',#8195,#8196);
#8195 = CARTESIAN_POINT('',(-1.517157316208,-4.900000095367,0.));
#8196 = VECTOR('',#8197,1.);
#8197 = DIRECTION('',(0.820153203188,0.572143970781,0.));
#8198 = ORIENTED_EDGE('',*,*,#8177,.F.);
#8199 = ORIENTED_EDGE('',*,*,#8200,.T.);
#8200 = EDGE_CURVE('',#6254,#7875,#8201,.T.);
#8201 = LINE('',#8202,#8203);
#8202 = CARTESIAN_POINT('',(3.5,-1.700000047684,0.));
#8203 = VECTOR('',#8204,1.);
#8204 = DIRECTION('',(-0.843108177136,-0.537743992664,0.));
#8205 = PLANE('',#8206);
#8206 = AXIS2_PLACEMENT_3D('',#8207,#8208,#8209);
#8207 = CARTESIAN_POINT('',(1.052269169925,-3.183361441573,0.));
#8208 = DIRECTION('',(-0.,-0.,-1.));
#8209 = DIRECTION('',(-1.,0.,0.));
#8210 = ADVANCED_FACE('',(#8211),#8221,.T.);
#8211 = FACE_BOUND('',#8212,.T.);
#8212 = EDGE_LOOP('',(#8213,#8214,#8215));
#8213 = ORIENTED_EDGE('',*,*,#7913,.F.);
#8214 = ORIENTED_EDGE('',*,*,#8200,.F.);
#8215 = ORIENTED_EDGE('',*,*,#8216,.T.);
#8216 = EDGE_CURVE('',#6254,#7300,#8217,.T.);
#8217 = LINE('',#8218,#8219);
#8218 = CARTESIAN_POINT('',(3.5,-1.700000047684,0.));
#8219 = VECTOR('',#8220,1.);
#8220 = DIRECTION('',(-0.788315780774,-0.615270858877,0.));
#8221 = PLANE('',#8222);
#8222 = AXIS2_PLACEMENT_3D('',#8223,#8224,#8225);
#8223 = CARTESIAN_POINT('',(1.033254249056,-3.421589525909,0.));
#8224 = DIRECTION('',(-0.,-0.,-1.));
#8225 = DIRECTION('',(-1.,0.,0.));
#8226 = ADVANCED_FACE('',(#8227),#8237,.T.);
#8227 = FACE_BOUND('',#8228,.T.);
#8228 = EDGE_LOOP('',(#8229,#8235,#8236));
#8229 = ORIENTED_EDGE('',*,*,#8230,.T.);
#8230 = EDGE_CURVE('',#6246,#7300,#8231,.T.);
#8231 = LINE('',#8232,#8233);
#8232 = CARTESIAN_POINT('',(3.5,-2.5,0.));
#8233 = VECTOR('',#8234,1.);
#8234 = DIRECTION('',(-0.863014461876,-0.505179214332,0.));
#8235 = ORIENTED_EDGE('',*,*,#8216,.F.);
#8236 = ORIENTED_EDGE('',*,*,#6253,.F.);
#8237 = PLANE('',#8238);
#8238 = AXIS2_PLACEMENT_3D('',#8239,#8240,#8241);
#8239 = CARTESIAN_POINT('',(1.602533275256,-3.387457054387,0.));
#8240 = DIRECTION('',(-0.,-0.,-1.));
#8241 = DIRECTION('',(-1.,0.,0.));
#8242 = ADVANCED_FACE('',(#8243),#8253,.T.);
#8243 = FACE_BOUND('',#8244,.T.);
#8244 = EDGE_LOOP('',(#8245,#8246,#8247));
#8245 = ORIENTED_EDGE('',*,*,#7330,.F.);
#8246 = ORIENTED_EDGE('',*,*,#8230,.F.);
#8247 = ORIENTED_EDGE('',*,*,#8248,.T.);
#8248 = EDGE_CURVE('',#6246,#7322,#8249,.T.);
#8249 = LINE('',#8250,#8251);
#8250 = CARTESIAN_POINT('',(3.5,-2.5,0.));
#8251 = VECTOR('',#8252,1.);
#8252 = DIRECTION('',(-0.860849235124,-0.508860093137,0.));
#8253 = PLANE('',#8254);
#8254 = AXIS2_PLACEMENT_3D('',#8255,#8256,#8257);
#8255 = CARTESIAN_POINT('',(1.451171755262,-3.705160100313,0.));
#8256 = DIRECTION('',(-0.,-0.,-1.));
#8257 = DIRECTION('',(-1.,0.,0.));
#8258 = ADVANCED_FACE('',(#8259),#8276,.T.);
#8259 = FACE_BOUND('',#8260,.T.);
#8260 = EDGE_LOOP('',(#8261,#8269,#8270));
#8261 = ORIENTED_EDGE('',*,*,#8262,.T.);
#8262 = EDGE_CURVE('',#8263,#7322,#8265,.T.);
#8263 = VERTEX_POINT('',#8264);
#8264 = CARTESIAN_POINT('',(2.365285634995,-4.238196372986,0.));
#8265 = LINE('',#8266,#8267);
#8266 = CARTESIAN_POINT('',(2.365285634995,-4.238196372986,0.));
#8267 = VECTOR('',#8268,1.);
#8268 = DIRECTION('',(-0.975218602149,-0.22124348131,0.));
#8269 = ORIENTED_EDGE('',*,*,#8248,.F.);
#8270 = ORIENTED_EDGE('',*,*,#8271,.T.);
#8271 = EDGE_CURVE('',#6246,#8263,#8272,.T.);
#8272 = LINE('',#8273,#8274);
#8273 = CARTESIAN_POINT('',(3.5,-2.5,0.));
#8274 = VECTOR('',#8275,1.);
#8275 = DIRECTION('',(-0.546642228126,-0.837366272565,0.));
#8276 = PLANE('',#8277);
#8277 = AXIS2_PLACEMENT_3D('',#8278,#8279,#8280);
#8278 = CARTESIAN_POINT('',(1.603716768792,-3.897539259659,0.));
#8279 = DIRECTION('',(-0.,-0.,-1.));
#8280 = DIRECTION('',(-1.,0.,0.));
#8281 = ADVANCED_FACE('',(#8282),#8299,.T.);
#8282 = FACE_BOUND('',#8283,.T.);
#8283 = EDGE_LOOP('',(#8284,#8292,#8293));
#8284 = ORIENTED_EDGE('',*,*,#8285,.T.);
#8285 = EDGE_CURVE('',#8286,#7322,#8288,.T.);
#8286 = VERTEX_POINT('',#8287);
#8287 = CARTESIAN_POINT('',(2.341421365738,-4.258578777313,0.));
#8288 = LINE('',#8289,#8290);
#8289 = CARTESIAN_POINT('',(2.341421365738,-4.258578777313,0.));
#8290 = VECTOR('',#8291,1.);
#8291 = DIRECTION('',(-0.976291629111,-0.216459360915,0.));
#8292 = ORIENTED_EDGE('',*,*,#8262,.F.);
#8293 = ORIENTED_EDGE('',*,*,#8294,.T.);
#8294 = EDGE_CURVE('',#8263,#8286,#8295,.T.);
#8295 = LINE('',#8296,#8297);
#8296 = CARTESIAN_POINT('',(2.365285634995,-4.238196372986,0.));
#8297 = VECTOR('',#8298,1.);
#8298 = DIRECTION('',(-0.760399783315,-0.649455286786,0.));
#8299 = PLANE('',#8300);
#8300 = AXIS2_PLACEMENT_3D('',#8301,#8302,#8303);
#8301 = CARTESIAN_POINT('',(0.901684859132,-4.57398130254,0.));
#8302 = DIRECTION('',(-0.,-0.,-1.));
#8303 = DIRECTION('',(-1.,0.,0.));
#8304 = ADVANCED_FACE('',(#8305),#8322,.T.);
#8305 = FACE_BOUND('',#8306,.T.);
#8306 = EDGE_LOOP('',(#8307,#8315,#8316));
#8307 = ORIENTED_EDGE('',*,*,#8308,.T.);
#8308 = EDGE_CURVE('',#8309,#6300,#8311,.T.);
#8309 = VERTEX_POINT('',#8310);
#8310 = CARTESIAN_POINT('',(7.5,-3.099999904633,0.));
#8311 = LINE('',#8312,#8313);
#8312 = CARTESIAN_POINT('',(7.5,-3.099999904633,0.));
#8313 = VECTOR('',#8314,1.);
#8314 = DIRECTION('',(-0.617821557846,0.786318334176,0.));
#8315 = ORIENTED_EDGE('',*,*,#8157,.F.);
#8316 = ORIENTED_EDGE('',*,*,#8317,.T.);
#8317 = EDGE_CURVE('',#5613,#8309,#8318,.T.);
#8318 = LINE('',#8319,#8320);
#8319 = CARTESIAN_POINT('',(6.699999809265,-1.399999976158,0.));
#8320 = VECTOR('',#8321,1.);
#8321 = DIRECTION('',(0.425797134109,-0.904818656187,0.));
#8322 = PLANE('',#8323);
#8323 = AXIS2_PLACEMENT_3D('',#8324,#8325,#8326);
#8324 = CARTESIAN_POINT('',(6.977456242409,-2.242673638325,0.));
#8325 = DIRECTION('',(-0.,-0.,-1.));
#8326 = DIRECTION('',(-1.,0.,0.));
#8327 = ADVANCED_FACE('',(#8328),#8338,.T.);
#8328 = FACE_BOUND('',#8329,.T.);
#8329 = EDGE_LOOP('',(#8330,#8336,#8337));
#8330 = ORIENTED_EDGE('',*,*,#8331,.T.);
#8331 = EDGE_CURVE('',#5713,#8309,#8332,.T.);
#8332 = LINE('',#8333,#8334);
#8333 = CARTESIAN_POINT('',(6.699999809265,-0.600000023842,0.));
#8334 = VECTOR('',#8335,1.);
#8335 = DIRECTION('',(0.304775806201,-0.952424121888,0.));
#8336 = ORIENTED_EDGE('',*,*,#8317,.F.);
#8337 = ORIENTED_EDGE('',*,*,#5758,.F.);
#8338 = PLANE('',#8339);
#8339 = AXIS2_PLACEMENT_3D('',#8340,#8341,#8342);
#8340 = CARTESIAN_POINT('',(7.039664773192,-1.863487088573,0.));
#8341 = DIRECTION('',(-0.,-0.,-1.));
#8342 = DIRECTION('',(-1.,0.,0.));
#8343 = ADVANCED_FACE('',(#8344),#8359,.T.);
#8344 = FACE_BOUND('',#8345,.T.);
#8345 = EDGE_LOOP('',(#8346,#8352,#8353));
#8346 = ORIENTED_EDGE('',*,*,#8347,.T.);
#8347 = EDGE_CURVE('',#6879,#8309,#8348,.T.);
#8348 = LINE('',#8349,#8350);
#8349 = CARTESIAN_POINT('',(6.699999809265,0.799999952316,0.));
#8350 = VECTOR('',#8351,1.);
#8351 = DIRECTION('',(0.200944196769,-0.97960268976,0.));
#8352 = ORIENTED_EDGE('',*,*,#8331,.F.);
#8353 = ORIENTED_EDGE('',*,*,#8354,.T.);
#8354 = EDGE_CURVE('',#5713,#6879,#8355,.T.);
#8355 = LINE('',#8356,#8357);
#8356 = CARTESIAN_POINT('',(6.699999809265,-0.600000023842,0.));
#8357 = VECTOR('',#8358,1.);
#8358 = DIRECTION('',(0.,1.,0.));
#8359 = PLANE('',#8360);
#8360 = AXIS2_PLACEMENT_3D('',#8361,#8362,#8363);
#8361 = CARTESIAN_POINT('',(7.030053106549,-1.160918757348,0.));
#8362 = DIRECTION('',(-0.,-0.,-1.));
#8363 = DIRECTION('',(-1.,0.,0.));
#8364 = ADVANCED_FACE('',(#8365),#8380,.T.);
#8365 = FACE_BOUND('',#8366,.T.);
#8366 = EDGE_LOOP('',(#8367,#8373,#8374));
#8367 = ORIENTED_EDGE('',*,*,#8368,.T.);
#8368 = EDGE_CURVE('',#6557,#6879,#8369,.T.);
#8369 = LINE('',#8370,#8371);
#8370 = CARTESIAN_POINT('',(6.400000095367,-0.300000011921,0.));
#8371 = VECTOR('',#8372,1.);
#8372 = DIRECTION('',(0.263117180198,0.964763882763,0.));
#8373 = ORIENTED_EDGE('',*,*,#8354,.F.);
#8374 = ORIENTED_EDGE('',*,*,#8375,.T.);
#8375 = EDGE_CURVE('',#5713,#6557,#8376,.T.);
#8376 = LINE('',#8377,#8378);
#8377 = CARTESIAN_POINT('',(6.699999809265,-0.600000023842,0.));
#8378 = VECTOR('',#8379,1.);
#8379 = DIRECTION('',(-0.707106429963,0.70710713241,0.));
#8380 = PLANE('',#8381);
#8381 = AXIS2_PLACEMENT_3D('',#8382,#8383,#8384);
#8382 = CARTESIAN_POINT('',(6.62083958989,7.897783627853E-02,0.));
#8383 = DIRECTION('',(-0.,-0.,-1.));
#8384 = DIRECTION('',(-1.,0.,0.));
#8385 = ADVANCED_FACE('',(#8386),#8396,.T.);
#8386 = FACE_BOUND('',#8387,.T.);
#8387 = EDGE_LOOP('',(#8388,#8394,#8395));
#8388 = ORIENTED_EDGE('',*,*,#8389,.T.);
#8389 = EDGE_CURVE('',#6511,#6879,#8390,.T.);
#8390 = LINE('',#8391,#8392);
#8391 = CARTESIAN_POINT('',(6.400000095367,0.5,0.));
#8392 = VECTOR('',#8393,1.);
#8393 = DIRECTION('',(0.707106500207,0.707107062166,0.));
#8394 = ORIENTED_EDGE('',*,*,#8368,.F.);
#8395 = ORIENTED_EDGE('',*,*,#6556,.F.);
#8396 = PLANE('',#8397);
#8397 = AXIS2_PLACEMENT_3D('',#8398,#8399,#8400);
#8398 = CARTESIAN_POINT('',(6.499248006831,0.271022102521,0.));
#8399 = DIRECTION('',(-0.,-0.,-1.));
#8400 = DIRECTION('',(-1.,0.,0.));
#8401 = ADVANCED_FACE('',(#8402),#8412,.T.);
#8402 = FACE_BOUND('',#8403,.T.);
#8403 = EDGE_LOOP('',(#8404,#8405,#8406));
#8404 = ORIENTED_EDGE('',*,*,#8375,.F.);
#8405 = ORIENTED_EDGE('',*,*,#5712,.F.);
#8406 = ORIENTED_EDGE('',*,*,#8407,.T.);
#8407 = EDGE_CURVE('',#5667,#6557,#8408,.T.);
#8408 = LINE('',#8409,#8410);
#8409 = CARTESIAN_POINT('',(3.5,-0.600000023842,0.));
#8410 = VECTOR('',#8411,1.);
#8411 = DIRECTION('',(0.994691793754,0.102899151783,0.));
#8412 = PLANE('',#8413);
#8413 = AXIS2_PLACEMENT_3D('',#8414,#8415,#8416);
#8414 = CARTESIAN_POINT('',(5.127196957831,-0.523397432833,0.));
#8415 = DIRECTION('',(-0.,-0.,-1.));
#8416 = DIRECTION('',(-1.,0.,0.));
#8417 = ADVANCED_FACE('',(#8418),#8428,.T.);
#8418 = FACE_BOUND('',#8419,.T.);
#8419 = EDGE_LOOP('',(#8420,#8421,#8422));
#8420 = ORIENTED_EDGE('',*,*,#6602,.F.);
#8421 = ORIENTED_EDGE('',*,*,#8407,.F.);
#8422 = ORIENTED_EDGE('',*,*,#8423,.T.);
#8423 = EDGE_CURVE('',#5667,#6457,#8424,.T.);
#8424 = LINE('',#8425,#8426);
#8425 = CARTESIAN_POINT('',(3.5,-0.600000023842,0.));
#8426 = VECTOR('',#8427,1.);
#8427 = DIRECTION('',(0.,1.,0.));
#8428 = PLANE('',#8429);
#8429 = AXIS2_PLACEMENT_3D('',#8430,#8431,#8432);
#8430 = CARTESIAN_POINT('',(4.878869031739,-0.378869001937,0.));
#8431 = DIRECTION('',(-0.,-0.,-1.));
#8432 = DIRECTION('',(-1.,0.,0.));
#8433 = ADVANCED_FACE('',(#8434),#8449,.T.);
#8434 = FACE_BOUND('',#8435,.T.);
#8435 = EDGE_LOOP('',(#8436,#8442,#8443));
#8436 = ORIENTED_EDGE('',*,*,#8437,.T.);
#8437 = EDGE_CURVE('',#7836,#6457,#8438,.T.);
#8438 = LINE('',#8439,#8440);
#8439 = CARTESIAN_POINT('',(-1.548444151878,-4.902462482452,0.));
#8440 = VECTOR('',#8441,1.);
#8441 = DIRECTION('',(0.738994521622,0.673711434527,0.));
#8442 = ORIENTED_EDGE('',*,*,#8423,.F.);
#8443 = ORIENTED_EDGE('',*,*,#8444,.T.);
#8444 = EDGE_CURVE('',#5667,#7836,#8445,.T.);
#8445 = LINE('',#8446,#8447);
#8446 = CARTESIAN_POINT('',(3.5,-0.600000023842,0.));
#8447 = VECTOR('',#8448,1.);
#8448 = DIRECTION('',(-0.761099135992,-0.648635571945,0.));
#8449 = PLANE('',#8450);
#8450 = AXIS2_PLACEMENT_3D('',#8451,#8452,#8453);
#8451 = CARTESIAN_POINT('',(1.030793442549,-2.626629379012,0.));
#8452 = DIRECTION('',(-0.,-0.,-1.));
#8453 = DIRECTION('',(-1.,0.,0.));
#8454 = ADVANCED_FACE('',(#8455),#8472,.T.);
#8455 = FACE_BOUND('',#8456,.T.);
#8456 = EDGE_LOOP('',(#8457,#8465,#8466));
#8457 = ORIENTED_EDGE('',*,*,#8458,.T.);
#8458 = EDGE_CURVE('',#8459,#6457,#8461,.T.);
#8459 = VERTEX_POINT('',#8460);
#8460 = CARTESIAN_POINT('',(-7.5,4.400000095367,0.));
#8461 = LINE('',#8462,#8463);
#8462 = CARTESIAN_POINT('',(-7.5,4.400000095367,0.));
#8463 = VECTOR('',#8464,1.);
#8464 = DIRECTION('',(0.919576875945,-0.392910128691,0.));
#8465 = ORIENTED_EDGE('',*,*,#8437,.F.);
#8466 = ORIENTED_EDGE('',*,*,#8467,.T.);
#8467 = EDGE_CURVE('',#7836,#8459,#8468,.T.);
#8468 = LINE('',#8469,#8470);
#8469 = CARTESIAN_POINT('',(-1.548444151878,-4.902462482452,0.));
#8470 = VECTOR('',#8471,1.);
#8471 = DIRECTION('',(-0.538923913608,0.84235444757,0.));
#8472 = PLANE('',#8473);
#8473 = AXIS2_PLACEMENT_3D('',#8474,#8475,#8476);
#8474 = CARTESIAN_POINT('',(-2.252940573713,0.133303842262,0.));
#8475 = DIRECTION('',(-0.,-0.,-1.));
#8476 = DIRECTION('',(-1.,0.,0.));
#8477 = ADVANCED_FACE('',(#8478),#8488,.T.);
#8478 = FACE_BOUND('',#8479,.T.);
#8479 = EDGE_LOOP('',(#8480,#8486,#8487));
#8480 = ORIENTED_EDGE('',*,*,#8481,.T.);
#8481 = EDGE_CURVE('',#7797,#8459,#8482,.T.);
#8482 = LINE('',#8483,#8484);
#8483 = CARTESIAN_POINT('',(-1.57896065712,-4.909788608551,0.));
#8484 = VECTOR('',#8485,1.);
#8485 = DIRECTION('',(-0.536657964648,0.843799874959,0.));
#8486 = ORIENTED_EDGE('',*,*,#8467,.F.);
#8487 = ORIENTED_EDGE('',*,*,#7844,.F.);
#8488 = PLANE('',#8489);
#8489 = AXIS2_PLACEMENT_3D('',#8490,#8491,#8492);
#8490 = CARTESIAN_POINT('',(-4.527634204442,-0.259667179858,0.));
#8491 = DIRECTION('',(-0.,-0.,-1.));
#8492 = DIRECTION('',(-1.,0.,0.));
#8493 = ADVANCED_FACE('',(#8494),#8509,.T.);
#8494 = FACE_BOUND('',#8495,.T.);
#8495 = EDGE_LOOP('',(#8496,#8502,#8503));
#8496 = ORIENTED_EDGE('',*,*,#8497,.T.);
#8497 = EDGE_CURVE('',#2140,#8459,#8498,.T.);
#8498 = LINE('',#8499,#8500);
#8499 = CARTESIAN_POINT('',(-7.5,-4.400000095367,0.));
#8500 = VECTOR('',#8501,1.);
#8501 = DIRECTION('',(0.,1.,0.));
#8502 = ORIENTED_EDGE('',*,*,#8481,.F.);
#8503 = ORIENTED_EDGE('',*,*,#8504,.T.);
#8504 = EDGE_CURVE('',#7797,#2140,#8505,.T.);
#8505 = LINE('',#8506,#8507);
#8506 = CARTESIAN_POINT('',(-1.57896065712,-4.909788608551,0.));
#8507 = VECTOR('',#8508,1.);
#8508 = DIRECTION('',(-0.996314063472,8.578045773194E-02,0.));
#8509 = PLANE('',#8510);
#8510 = AXIS2_PLACEMENT_3D('',#8511,#8512,#8513);
#8511 = CARTESIAN_POINT('',(-5.550205658665,-1.182337602546,0.));
#8512 = DIRECTION('',(-0.,-0.,-1.));
#8513 = DIRECTION('',(-1.,0.,0.));
#8514 = ADVANCED_FACE('',(#8515),#8525,.T.);
#8515 = FACE_BOUND('',#8516,.T.);
#8516 = EDGE_LOOP('',(#8517,#8523,#8524));
#8517 = ORIENTED_EDGE('',*,*,#8518,.T.);
#8518 = EDGE_CURVE('',#7758,#2140,#8519,.T.);
#8519 = LINE('',#8520,#8521);
#8520 = CARTESIAN_POINT('',(-1.607955336571,-4.921798706055,0.));
#8521 = VECTOR('',#8522,1.);
#8522 = DIRECTION('',(-0.996101492816,8.821460201772E-02,0.));
#8523 = ORIENTED_EDGE('',*,*,#8504,.F.);
#8524 = ORIENTED_EDGE('',*,*,#7805,.F.);
#8525 = PLANE('',#8526);
#8526 = AXIS2_PLACEMENT_3D('',#8527,#8528,#8529);
#8527 = CARTESIAN_POINT('',(-4.538916494345,-4.65857059676,0.));
#8528 = DIRECTION('',(-0.,-0.,-1.));
#8529 = DIRECTION('',(-1.,0.,0.));
#8530 = ADVANCED_FACE('',(#8531),#8541,.T.);
#8531 = FACE_BOUND('',#8532,.T.);
#8532 = EDGE_LOOP('',(#8533,#8539,#8540));
#8533 = ORIENTED_EDGE('',*,*,#8534,.T.);
#8534 = EDGE_CURVE('',#7719,#2140,#8535,.T.);
#8535 = LINE('',#8536,#8537);
#8536 = CARTESIAN_POINT('',(-1.634714365005,-4.938196659088,0.));
#8537 = VECTOR('',#8538,1.);
#8538 = DIRECTION('',(-0.995816483139,9.137577309521E-02,0.));
#8539 = ORIENTED_EDGE('',*,*,#8518,.F.);
#8540 = ORIENTED_EDGE('',*,*,#7766,.F.);
#8541 = PLANE('',#8542);
#8542 = AXIS2_PLACEMENT_3D('',#8543,#8544,#8545);
#8543 = CARTESIAN_POINT('',(-4.552859684771,-4.665692801074,0.));
#8544 = DIRECTION('',(-0.,-0.,-1.));
#8545 = DIRECTION('',(-1.,0.,0.));
#8546 = ADVANCED_FACE('',(#8547),#8557,.T.);
#8547 = FACE_BOUND('',#8548,.T.);
#8548 = EDGE_LOOP('',(#8549,#8550,#8551));
#8549 = ORIENTED_EDGE('',*,*,#7883,.F.);
#8550 = ORIENTED_EDGE('',*,*,#8444,.F.);
#8551 = ORIENTED_EDGE('',*,*,#8552,.T.);
#8552 = EDGE_CURVE('',#5667,#7875,#8553,.T.);
#8553 = LINE('',#8554,#8555);
#8554 = CARTESIAN_POINT('',(3.5,-0.600000023842,0.));
#8555 = VECTOR('',#8556,1.);
#8556 = DIRECTION('',(-0.759288044911,-0.650754688692,0.));
#8557 = PLANE('',#8558);
#8558 = AXIS2_PLACEMENT_3D('',#8559,#8560,#8561);
#8559 = CARTESIAN_POINT('',(0.977634363244,-2.755702205037,0.));
#8560 = DIRECTION('',(-0.,-0.,-1.));
#8561 = DIRECTION('',(-1.,0.,0.));
#8562 = ADVANCED_FACE('',(#8563),#8568,.T.);
#8563 = FACE_BOUND('',#8564,.T.);
#8564 = EDGE_LOOP('',(#8565,#8566,#8567));
#8565 = ORIENTED_EDGE('',*,*,#8193,.F.);
#8566 = ORIENTED_EDGE('',*,*,#8552,.F.);
#8567 = ORIENTED_EDGE('',*,*,#5666,.F.);
#8568 = PLANE('',#8569);
#8569 = AXIS2_PLACEMENT_3D('',#8570,#8571,#8572);
#8570 = CARTESIAN_POINT('',(1.139802468986,-2.827407255725,0.));
#8571 = DIRECTION('',(-0.,-0.,-1.));
#8572 = DIRECTION('',(-1.,0.,0.));
#8573 = ADVANCED_FACE('',(#8574),#8591,.T.);
#8574 = FACE_BOUND('',#8575,.T.);
#8575 = EDGE_LOOP('',(#8576,#8577,#8585));
#8576 = ORIENTED_EDGE('',*,*,#5831,.F.);
#8577 = ORIENTED_EDGE('',*,*,#8578,.T.);
#8578 = EDGE_CURVE('',#5824,#8579,#8581,.T.);
#8579 = VERTEX_POINT('',#8580);
#8580 = CARTESIAN_POINT('',(-6.400000095367,5.5,0.));
#8581 = LINE('',#8582,#8583);
#8582 = CARTESIAN_POINT('',(3.5,3.,0.));
#8583 = VECTOR('',#8584,1.);
#8584 = DIRECTION('',(-0.969563671432,0.244839308609,0.));
#8585 = ORIENTED_EDGE('',*,*,#8586,.T.);
#8586 = EDGE_CURVE('',#8579,#5832,#8587,.T.);
#8587 = LINE('',#8588,#8589);
#8588 = CARTESIAN_POINT('',(-6.400000095367,5.5,0.));
#8589 = VECTOR('',#8590,1.);
#8590 = DIRECTION('',(0.985574846958,-0.169240128352,0.));
#8591 = PLANE('',#8592);
#8592 = AXIS2_PLACEMENT_3D('',#8593,#8594,#8595);
#8593 = CARTESIAN_POINT('',(-1.261927271874,4.408530136574,0.));
#8594 = DIRECTION('',(-0.,-0.,-1.));
#8595 = DIRECTION('',(-1.,0.,0.));
#8596 = ADVANCED_FACE('',(#8597),#8612,.T.);
#8597 = FACE_BOUND('',#8598,.T.);
#8598 = EDGE_LOOP('',(#8599,#8605,#8606));
#8599 = ORIENTED_EDGE('',*,*,#8600,.T.);
#8600 = EDGE_CURVE('',#6668,#5832,#8601,.T.);
#8601 = LINE('',#8602,#8603);
#8602 = CARTESIAN_POINT('',(3.5,4.099999904633,0.));
#8603 = VECTOR('',#8604,1.);
#8604 = DIRECTION('',(0.,-1.,0.));
#8605 = ORIENTED_EDGE('',*,*,#8586,.F.);
#8606 = ORIENTED_EDGE('',*,*,#8607,.T.);
#8607 = EDGE_CURVE('',#8579,#6668,#8608,.T.);
#8608 = LINE('',#8609,#8610);
#8609 = CARTESIAN_POINT('',(-6.400000095367,5.5,0.));
#8610 = VECTOR('',#8611,1.);
#8611 = DIRECTION('',(0.990148532285,-0.140021012755,0.));
#8612 = PLANE('',#8613);
#8613 = AXIS2_PLACEMENT_3D('',#8614,#8615,#8616);
#8614 = CARTESIAN_POINT('',(-1.37700340834,4.713400136768,0.));
#8615 = DIRECTION('',(-0.,-0.,-1.));
#8616 = DIRECTION('',(-1.,0.,0.));
#8617 = ADVANCED_FACE('',(#8618),#8628,.T.);
#8618 = FACE_BOUND('',#8619,.T.);
#8619 = EDGE_LOOP('',(#8620,#8626,#8627));
#8620 = ORIENTED_EDGE('',*,*,#8621,.T.);
#8621 = EDGE_CURVE('',#6768,#5832,#8622,.T.);
#8622 = LINE('',#8623,#8624);
#8623 = CARTESIAN_POINT('',(6.400000095367,4.099999904633,0.));
#8624 = VECTOR('',#8625,1.);
#8625 = DIRECTION('',(-0.994691795847,-0.102899131555,0.));
#8626 = ORIENTED_EDGE('',*,*,#8600,.F.);
#8627 = ORIENTED_EDGE('',*,*,#6813,.F.);
#8628 = PLANE('',#8629);
#8629 = AXIS2_PLACEMENT_3D('',#8630,#8631,#8632);
#8630 = CARTESIAN_POINT('',(4.878869045107,4.021130931051,0.));
#8631 = DIRECTION('',(-0.,-0.,-1.));
#8632 = DIRECTION('',(-1.,0.,0.));
#8633 = ADVANCED_FACE('',(#8634),#8649,.T.);
#8634 = FACE_BOUND('',#8635,.T.);
#8635 = EDGE_LOOP('',(#8636,#8642,#8643));
#8636 = ORIENTED_EDGE('',*,*,#8637,.T.);
#8637 = EDGE_CURVE('',#6043,#8579,#8638,.T.);
#8638 = LINE('',#8639,#8640);
#8639 = CARTESIAN_POINT('',(3.5,2.700000047684,0.));
#8640 = VECTOR('',#8641,1.);
#8641 = DIRECTION('',(-0.962254086822,0.272152663764,0.));
#8642 = ORIENTED_EDGE('',*,*,#8578,.F.);
#8643 = ORIENTED_EDGE('',*,*,#8644,.T.);
#8644 = EDGE_CURVE('',#5824,#6043,#8645,.T.);
#8645 = LINE('',#8646,#8647);
#8646 = CARTESIAN_POINT('',(3.5,3.,0.));
#8647 = VECTOR('',#8648,1.);
#8648 = DIRECTION('',(0.,-1.,0.));
#8649 = PLANE('',#8650);
#8650 = AXIS2_PLACEMENT_3D('',#8651,#8652,#8653);
#8651 = CARTESIAN_POINT('',(-1.378602812622,4.155608940493,0.));
#8652 = DIRECTION('',(-0.,-0.,-1.));
#8653 = DIRECTION('',(-1.,0.,0.));
#8654 = ADVANCED_FACE('',(#8655),#8665,.T.);
#8655 = FACE_BOUND('',#8656,.T.);
#8656 = EDGE_LOOP('',(#8657,#8663,#8664));
#8657 = ORIENTED_EDGE('',*,*,#8658,.T.);
#8658 = EDGE_CURVE('',#5924,#6043,#8659,.T.);
#8659 = LINE('',#8660,#8661);
#8660 = CARTESIAN_POINT('',(6.400000095367,3.,0.));
#8661 = VECTOR('',#8662,1.);
#8662 = DIRECTION('',(-0.994691795847,-0.102899131555,0.));
#8663 = ORIENTED_EDGE('',*,*,#8644,.F.);
#8664 = ORIENTED_EDGE('',*,*,#5969,.F.);
#8665 = PLANE('',#8666);
#8666 = AXIS2_PLACEMENT_3D('',#8667,#8668,#8669);
#8667 = CARTESIAN_POINT('',(4.878869045107,2.921131026418,0.));
#8668 = DIRECTION('',(-0.,-0.,-1.));
#8669 = DIRECTION('',(-1.,0.,0.));
#8670 = ADVANCED_FACE('',(#8671),#8681,.T.);
#8671 = FACE_BOUND('',#8672,.T.);
#8672 = EDGE_LOOP('',(#8673,#8674,#8675));
#8673 = ORIENTED_EDGE('',*,*,#6088,.F.);
#8674 = ORIENTED_EDGE('',*,*,#8658,.F.);
#8675 = ORIENTED_EDGE('',*,*,#8676,.T.);
#8676 = EDGE_CURVE('',#5924,#6089,#8677,.T.);
#8677 = LINE('',#8678,#8679);
#8678 = CARTESIAN_POINT('',(6.400000095367,3.,0.));
#8679 = VECTOR('',#8680,1.);
#8680 = DIRECTION('',(0.,-1.,0.));
#8681 = PLANE('',#8682);
#8682 = AXIS2_PLACEMENT_3D('',#8683,#8684,#8685);
#8683 = CARTESIAN_POINT('',(5.02113105026,2.778869021265,0.));
#8684 = DIRECTION('',(-0.,-0.,-1.));
#8685 = DIRECTION('',(-1.,0.,0.));
#8686 = ADVANCED_FACE('',(#8687),#8704,.T.);
#8687 = FACE_BOUND('',#8688,.T.);
#8688 = EDGE_LOOP('',(#8689,#8697,#8698));
#8689 = ORIENTED_EDGE('',*,*,#8690,.T.);
#8690 = EDGE_CURVE('',#8691,#6089,#8693,.T.);
#8691 = VERTEX_POINT('',#8692);
#8692 = CARTESIAN_POINT('',(7.5,4.400000095367,0.));
#8693 = LINE('',#8694,#8695);
#8694 = CARTESIAN_POINT('',(7.5,4.400000095367,0.));
#8695 = VECTOR('',#8696,1.);
#8696 = DIRECTION('',(-0.543251234218,-0.839570185584,0.));
#8697 = ORIENTED_EDGE('',*,*,#8676,.F.);
#8698 = ORIENTED_EDGE('',*,*,#8699,.T.);
#8699 = EDGE_CURVE('',#5924,#8691,#8700,.T.);
#8700 = LINE('',#8701,#8702);
#8701 = CARTESIAN_POINT('',(6.400000095367,3.,0.));
#8702 = VECTOR('',#8703,1.);
#8703 = DIRECTION('',(0.617821492792,0.786318385289,0.));
#8704 = PLANE('',#8705);
#8705 = AXIS2_PLACEMENT_3D('',#8706,#8707,#8708);
#8706 = CARTESIAN_POINT('',(6.90980806172,3.563900993652,0.));
#8707 = DIRECTION('',(-0.,-0.,-1.));
#8708 = DIRECTION('',(-1.,0.,0.));
#8709 = ADVANCED_FACE('',(#8710),#8725,.T.);
#8710 = FACE_BOUND('',#8711,.T.);
#8711 = EDGE_LOOP('',(#8712,#8718,#8719));
#8712 = ORIENTED_EDGE('',*,*,#8713,.T.);
#8713 = EDGE_CURVE('',#6979,#6089,#8714,.T.);
#8714 = LINE('',#8715,#8716);
#8715 = CARTESIAN_POINT('',(6.699999809265,1.600000023842,0.));
#8716 = VECTOR('',#8717,1.);
#8717 = DIRECTION('',(-0.263117166928,0.964763886383,0.));
#8718 = ORIENTED_EDGE('',*,*,#8690,.F.);
#8719 = ORIENTED_EDGE('',*,*,#8720,.T.);
#8720 = EDGE_CURVE('',#8691,#6979,#8721,.T.);
#8721 = LINE('',#8722,#8723);
#8722 = CARTESIAN_POINT('',(7.5,4.400000095367,0.));
#8723 = VECTOR('',#8724,1.);
#8724 = DIRECTION('',(-0.274721181965,-0.961523932193,0.));
#8725 = PLANE('',#8726);
#8726 = AXIS2_PLACEMENT_3D('',#8727,#8728,#8729);
#8727 = CARTESIAN_POINT('',(6.946830086107,3.02378062492,0.));
#8728 = DIRECTION('',(-0.,-0.,-1.));
#8729 = DIRECTION('',(-1.,0.,0.));
#8730 = ADVANCED_FACE('',(#8731),#8741,.T.);
#8731 = FACE_BOUND('',#8732,.T.);
#8732 = EDGE_LOOP('',(#8733,#8734,#8735));
#8733 = ORIENTED_EDGE('',*,*,#7024,.F.);
#8734 = ORIENTED_EDGE('',*,*,#8720,.F.);
#8735 = ORIENTED_EDGE('',*,*,#8736,.T.);
#8736 = EDGE_CURVE('',#8691,#6879,#8737,.T.);
#8737 = LINE('',#8738,#8739);
#8738 = CARTESIAN_POINT('',(7.5,4.400000095367,0.));
#8739 = VECTOR('',#8740,1.);
#8740 = DIRECTION('',(-0.216930498891,-0.976187051057,0.));
#8741 = PLANE('',#8742);
#8742 = AXIS2_PLACEMENT_3D('',#8743,#8744,#8745);
#8743 = CARTESIAN_POINT('',(7.056755841426,2.60605656996,0.));
#8744 = DIRECTION('',(-0.,-0.,-1.));
#8745 = DIRECTION('',(-1.,0.,0.));
#8746 = ADVANCED_FACE('',(#8747),#8757,.T.);
#8747 = FACE_BOUND('',#8748,.T.);
#8748 = EDGE_LOOP('',(#8749,#8750,#8751));
#8749 = ORIENTED_EDGE('',*,*,#8347,.F.);
#8750 = ORIENTED_EDGE('',*,*,#8736,.F.);
#8751 = ORIENTED_EDGE('',*,*,#8752,.T.);
#8752 = EDGE_CURVE('',#8691,#8309,#8753,.T.);
#8753 = LINE('',#8754,#8755);
#8754 = CARTESIAN_POINT('',(7.5,4.400000095367,0.));
#8755 = VECTOR('',#8756,1.);
#8756 = DIRECTION('',(0.,-1.,0.));
#8757 = PLANE('',#8758);
#8758 = AXIS2_PLACEMENT_3D('',#8759,#8760,#8761);
#8759 = CARTESIAN_POINT('',(7.297771414038,0.651653078408,0.));
#8760 = DIRECTION('',(-0.,-0.,-1.));
#8761 = DIRECTION('',(-1.,0.,0.));
#8762 = ADVANCED_FACE('',(#8763),#8773,.T.);
#8763 = FACE_BOUND('',#8764,.T.);
#8764 = EDGE_LOOP('',(#8765,#8766,#8767));
#8765 = ORIENTED_EDGE('',*,*,#8699,.F.);
#8766 = ORIENTED_EDGE('',*,*,#5923,.F.);
#8767 = ORIENTED_EDGE('',*,*,#8768,.T.);
#8768 = EDGE_CURVE('',#5878,#8691,#8769,.T.);
#8769 = LINE('',#8770,#8771);
#8770 = CARTESIAN_POINT('',(6.400000095367,3.799999952316,0.));
#8771 = VECTOR('',#8772,1.);
#8772 = DIRECTION('',(0.877895507468,0.478852250665,0.));
#8773 = PLANE('',#8774);
#8774 = AXIS2_PLACEMENT_3D('',#8775,#8776,#8777);
#8775 = CARTESIAN_POINT('',(6.835220821605,3.768136784724,0.));
#8776 = DIRECTION('',(-0.,-0.,-1.));
#8777 = DIRECTION('',(-1.,0.,0.));
#8778 = ADVANCED_FACE('',(#8779),#8794,.T.);
#8779 = FACE_BOUND('',#8780,.T.);
#8780 = EDGE_LOOP('',(#8781,#8787,#8788));
#8781 = ORIENTED_EDGE('',*,*,#8782,.T.);
#8782 = EDGE_CURVE('',#6768,#8691,#8783,.T.);
#8783 = LINE('',#8784,#8785);
#8784 = CARTESIAN_POINT('',(6.400000095367,4.099999904633,0.));
#8785 = VECTOR('',#8786,1.);
#8786 = DIRECTION('',(0.964763772982,0.263117582729,0.));
#8787 = ORIENTED_EDGE('',*,*,#8768,.F.);
#8788 = ORIENTED_EDGE('',*,*,#8789,.T.);
#8789 = EDGE_CURVE('',#5878,#6768,#8790,.T.);
#8790 = LINE('',#8791,#8792);
#8791 = CARTESIAN_POINT('',(6.400000095367,3.799999952316,0.));
#8792 = VECTOR('',#8793,1.);
#8793 = DIRECTION('',(0.,1.,0.));
#8794 = PLANE('',#8795);
#8795 = AXIS2_PLACEMENT_3D('',#8796,#8797,#8798);
#8796 = CARTESIAN_POINT('',(6.888734010434,4.146794759392,0.));
#8797 = DIRECTION('',(-0.,-0.,-1.));
#8798 = DIRECTION('',(-1.,0.,0.));
#8799 = ADVANCED_FACE('',(#8800),#8817,.T.);
#8800 = FACE_BOUND('',#8801,.T.);
#8801 = EDGE_LOOP('',(#8802,#8810,#8811));
#8802 = ORIENTED_EDGE('',*,*,#8803,.T.);
#8803 = EDGE_CURVE('',#8804,#8691,#8806,.T.);
#8804 = VERTEX_POINT('',#8805);
#8805 = CARTESIAN_POINT('',(7.496609210968,4.486305236816,0.));
#8806 = LINE('',#8807,#8808);
#8807 = CARTESIAN_POINT('',(7.496609210968,4.486305236816,0.));
#8808 = VECTOR('',#8809,1.);
#8809 = DIRECTION('',(3.925809087884E-02,-0.99922910401,0.));
#8810 = ORIENTED_EDGE('',*,*,#8782,.F.);
#8811 = ORIENTED_EDGE('',*,*,#8812,.T.);
#8812 = EDGE_CURVE('',#6768,#8804,#8813,.T.);
#8813 = LINE('',#8814,#8815);
#8814 = CARTESIAN_POINT('',(6.400000095367,4.099999904633,0.));
#8815 = VECTOR('',#8816,1.);
#8816 = DIRECTION('',(0.943188079436,0.33225930658,0.));
#8817 = PLANE('',#8818);
#8818 = AXIS2_PLACEMENT_3D('',#8819,#8820,#8821);
#8819 = CARTESIAN_POINT('',(6.968996641872,4.277981973518,0.));
#8820 = DIRECTION('',(-0.,-0.,-1.));
#8821 = DIRECTION('',(-1.,0.,0.));
#8822 = ADVANCED_FACE('',(#8823),#8840,.T.);
#8823 = FACE_BOUND('',#8824,.T.);
#8824 = EDGE_LOOP('',(#8825,#8833,#8834));
#8825 = ORIENTED_EDGE('',*,*,#8826,.T.);
#8826 = EDGE_CURVE('',#8827,#8804,#8829,.T.);
#8827 = VERTEX_POINT('',#8828);
#8828 = CARTESIAN_POINT('',(7.48645734787,4.57207775116,0.));
#8829 = LINE('',#8830,#8831);
#8830 = CARTESIAN_POINT('',(7.48645734787,4.57207775116,0.));
#8831 = VECTOR('',#8832,1.);
#8832 = DIRECTION('',(0.117537591915,-0.993068433939,0.));
#8833 = ORIENTED_EDGE('',*,*,#8812,.F.);
#8834 = ORIENTED_EDGE('',*,*,#8835,.T.);
#8835 = EDGE_CURVE('',#6768,#8827,#8836,.T.);
#8836 = LINE('',#8837,#8838);
#8837 = CARTESIAN_POINT('',(6.400000095367,4.099999904633,0.));
#8838 = VECTOR('',#8839,1.);
#8839 = DIRECTION('',(0.91716105378,0.398516751754,0.));
#8840 = PLANE('',#8841);
#8841 = AXIS2_PLACEMENT_3D('',#8842,#8843,#8844);
#8842 = CARTESIAN_POINT('',(6.965113528749,4.322405066884,0.));
#8843 = DIRECTION('',(-0.,-0.,-1.));
#8844 = DIRECTION('',(-1.,0.,0.));
#8845 = ADVANCED_FACE('',(#8846),#8856,.T.);
#8846 = FACE_BOUND('',#8847,.T.);
#8847 = EDGE_LOOP('',(#8848,#8854,#8855));
#8848 = ORIENTED_EDGE('',*,*,#8849,.T.);
#8849 = EDGE_CURVE('',#6722,#8827,#8850,.T.);
#8850 = LINE('',#8851,#8852);
#8851 = CARTESIAN_POINT('',(6.400000095367,4.900000095367,0.));
#8852 = VECTOR('',#8853,1.);
#8853 = DIRECTION('',(0.957343495146,-0.288952301084,0.));
#8854 = ORIENTED_EDGE('',*,*,#8835,.F.);
#8855 = ORIENTED_EDGE('',*,*,#6767,.F.);
#8856 = PLANE('',#8857);
#8857 = AXIS2_PLACEMENT_3D('',#8858,#8859,#8860);
#8858 = CARTESIAN_POINT('',(6.803914921554,4.523608748282,0.));
#8859 = DIRECTION('',(-0.,-0.,-1.));
#8860 = DIRECTION('',(-1.,0.,0.));
#8861 = ADVANCED_FACE('',(#8862),#8879,.T.);
#8862 = FACE_BOUND('',#8863,.T.);
#8863 = EDGE_LOOP('',(#8864,#8872,#8873));
#8864 = ORIENTED_EDGE('',*,*,#8865,.T.);
#8865 = EDGE_CURVE('',#8866,#8827,#8868,.T.);
#8866 = VERTEX_POINT('',#8867);
#8867 = CARTESIAN_POINT('',(7.469606876373,4.656789779663,0.));
#8868 = LINE('',#8869,#8870);
#8869 = CARTESIAN_POINT('',(7.469606876373,4.656789779663,0.));
#8870 = VECTOR('',#8871,1.);
#8871 = DIRECTION('',(0.195092564621,-0.980784834319,0.));
#8872 = ORIENTED_EDGE('',*,*,#8849,.F.);
#8873 = ORIENTED_EDGE('',*,*,#8874,.T.);
#8874 = EDGE_CURVE('',#6722,#8866,#8875,.T.);
#8875 = LINE('',#8876,#8877);
#8876 = CARTESIAN_POINT('',(6.400000095367,4.900000095367,0.));
#8877 = VECTOR('',#8878,1.);
#8878 = DIRECTION('',(0.975109628909,-0.2217232771,0.));
#8879 = PLANE('',#8880);
#8880 = AXIS2_PLACEMENT_3D('',#8881,#8882,#8883);
#8881 = CARTESIAN_POINT('',(6.959168235025,4.751550214518,0.));
#8882 = DIRECTION('',(-0.,-0.,-1.));
#8883 = DIRECTION('',(-1.,0.,0.));
#8884 = ADVANCED_FACE('',(#8885),#8902,.T.);
#8885 = FACE_BOUND('',#8886,.T.);
#8886 = EDGE_LOOP('',(#8887,#8895,#8896));
#8887 = ORIENTED_EDGE('',*,*,#8888,.T.);
#8888 = EDGE_CURVE('',#8889,#8866,#8891,.T.);
#8889 = VERTEX_POINT('',#8890);
#8890 = CARTESIAN_POINT('',(7.446162223816,4.739918708801,0.));
#8891 = LINE('',#8892,#8893);
#8892 = CARTESIAN_POINT('',(7.446162223816,4.739918708801,0.));
#8893 = VECTOR('',#8894,1.);
#8894 = DIRECTION('',(0.271439053609,-0.962455630237,0.));
#8895 = ORIENTED_EDGE('',*,*,#8874,.F.);
#8896 = ORIENTED_EDGE('',*,*,#8897,.T.);
#8897 = EDGE_CURVE('',#6722,#8889,#8898,.T.);
#8898 = LINE('',#8899,#8900);
#8899 = CARTESIAN_POINT('',(6.400000095367,4.900000095367,0.));
#8900 = VECTOR('',#8901,1.);
#8901 = DIRECTION('',(0.988494439863,-0.151257205975,0.));
#8902 = PLANE('',#8903);
#8903 = AXIS2_PLACEMENT_3D('',#8904,#8905,#8906);
#8904 = CARTESIAN_POINT('',(6.949423808998,4.794934779919,0.));
#8905 = DIRECTION('',(-0.,-0.,-1.));
#8906 = DIRECTION('',(-1.,0.,0.));
#8907 = ADVANCED_FACE('',(#8908),#8925,.T.);
#8908 = FACE_BOUND('',#8909,.T.);
#8909 = EDGE_LOOP('',(#8910,#8918,#8919));
#8910 = ORIENTED_EDGE('',*,*,#8911,.T.);
#8911 = EDGE_CURVE('',#8912,#8889,#8914,.T.);
#8912 = VERTEX_POINT('',#8913);
#8913 = CARTESIAN_POINT('',(7.41626739502,4.820951938629,0.));
#8914 = LINE('',#8915,#8916);
#8915 = CARTESIAN_POINT('',(7.41626739502,4.820951938629,0.));
#8916 = VECTOR('',#8917,1.);
#8917 = DIRECTION('',(0.346117994838,-0.938190989964,0.));
#8918 = ORIENTED_EDGE('',*,*,#8897,.F.);
#8919 = ORIENTED_EDGE('',*,*,#8920,.T.);
#8920 = EDGE_CURVE('',#6722,#8912,#8921,.T.);
#8921 = LINE('',#8922,#8923);
#8922 = CARTESIAN_POINT('',(6.400000095367,4.900000095367,0.));
#8923 = VECTOR('',#8924,1.);
#8924 = DIRECTION('',(0.99698857277,-7.75486026103E-02,0.));
#8925 = PLANE('',#8926);
#8926 = AXIS2_PLACEMENT_3D('',#8927,#8928,#8929);
#8927 = CARTESIAN_POINT('',(6.936321144407,4.837466557156,0.));
#8928 = DIRECTION('',(-0.,-0.,-1.));
#8929 = DIRECTION('',(-1.,0.,0.));
#8930 = ADVANCED_FACE('',(#8931),#8948,.T.);
#8931 = FACE_BOUND('',#8932,.T.);
#8932 = EDGE_LOOP('',(#8933,#8941,#8942));
#8933 = ORIENTED_EDGE('',*,*,#8934,.T.);
#8934 = EDGE_CURVE('',#8935,#8912,#8937,.T.);
#8935 = VERTEX_POINT('',#8936);
#8936 = CARTESIAN_POINT('',(7.380107402802,4.899389743805,0.));
#8937 = LINE('',#8938,#8939);
#8938 = CARTESIAN_POINT('',(7.380107402802,4.899389743805,0.));
#8939 = VECTOR('',#8940,1.);
#8940 = DIRECTION('',(0.418656574497,-0.908144632,0.));
#8941 = ORIENTED_EDGE('',*,*,#8920,.F.);
#8942 = ORIENTED_EDGE('',*,*,#8943,.T.);
#8943 = EDGE_CURVE('',#6722,#8935,#8944,.T.);
#8944 = LINE('',#8945,#8946);
#8945 = CARTESIAN_POINT('',(6.400000095367,4.900000095367,0.));
#8946 = VECTOR('',#8947,1.);
#8947 = DIRECTION('',(0.999999806098,-6.227394077383E-04,0.));
#8948 = PLANE('',#8949);
#8949 = AXIS2_PLACEMENT_3D('',#8950,#8951,#8952);
#8950 = CARTESIAN_POINT('',(6.919930723085,4.878892014847,0.));
#8951 = DIRECTION('',(-0.,-0.,-1.));
#8952 = DIRECTION('',(-1.,0.,0.));
#8953 = ADVANCED_FACE('',(#8954),#8971,.T.);
#8954 = FACE_BOUND('',#8955,.T.);
#8955 = EDGE_LOOP('',(#8956,#8964,#8965));
#8956 = ORIENTED_EDGE('',*,*,#8957,.T.);
#8957 = EDGE_CURVE('',#8958,#8935,#8960,.T.);
#8958 = VERTEX_POINT('',#8959);
#8959 = CARTESIAN_POINT('',(7.33790397644,4.97474861145,0.));
#8960 = LINE('',#8961,#8962);
#8961 = CARTESIAN_POINT('',(7.33790397644,4.97474861145,0.));
#8962 = VECTOR('',#8963,1.);
#8963 = DIRECTION('',(0.488625055042,-0.872493871374,0.));
#8964 = ORIENTED_EDGE('',*,*,#8943,.F.);
#8965 = ORIENTED_EDGE('',*,*,#8966,.T.);
#8966 = EDGE_CURVE('',#6722,#8958,#8967,.T.);
#8967 = LINE('',#8968,#8969);
#8968 = CARTESIAN_POINT('',(6.400000095367,4.900000095367,0.));
#8969 = VECTOR('',#8970,1.);
#8970 = DIRECTION('',(0.99683921021,7.944550954529E-02,0.));
#8971 = PLANE('',#8972);
#8972 = AXIS2_PLACEMENT_3D('',#8973,#8974,#8975);
#8973 = CARTESIAN_POINT('',(6.900340952399,4.918963949887,0.));
#8974 = DIRECTION('',(-0.,-0.,-1.));
#8975 = DIRECTION('',(-1.,0.,0.));
#8976 = ADVANCED_FACE('',(#8977),#8994,.T.);
#8977 = FACE_BOUND('',#8978,.T.);
#8978 = EDGE_LOOP('',(#8979,#8987,#8988));
#8979 = ORIENTED_EDGE('',*,*,#8980,.T.);
#8980 = EDGE_CURVE('',#8981,#8958,#8983,.T.);
#8981 = VERTEX_POINT('',#8982);
#8982 = CARTESIAN_POINT('',(7.289918899536,5.046563625336,0.));
#8983 = LINE('',#8984,#8985);
#8984 = CARTESIAN_POINT('',(7.289918899536,5.046563625336,0.));
#8985 = VECTOR('',#8986,1.);
#8986 = DIRECTION('',(0.555568782189,-0.831470581715,0.));
#8987 = ORIENTED_EDGE('',*,*,#8966,.F.);
#8988 = ORIENTED_EDGE('',*,*,#8989,.T.);
#8989 = EDGE_CURVE('',#6722,#8981,#8990,.T.);
#8990 = LINE('',#8991,#8992);
#8991 = CARTESIAN_POINT('',(6.400000095367,4.900000095367,0.));
#8992 = VECTOR('',#8993,1.);
#8993 = DIRECTION('',(0.986707880271,0.162504027674,0.));
#8994 = PLANE('',#8995);
#8995 = AXIS2_PLACEMENT_3D('',#8996,#8997,#8998);
#8996 = CARTESIAN_POINT('',(6.87765666411,4.957442538964,0.));
#8997 = DIRECTION('',(-0.,-0.,-1.));
#8998 = DIRECTION('',(-1.,0.,0.));
#8999 = ADVANCED_FACE('',(#9000),#9017,.T.);
#9000 = FACE_BOUND('',#9001,.T.);
#9001 = EDGE_LOOP('',(#9002,#9010,#9011));
#9002 = ORIENTED_EDGE('',*,*,#9003,.T.);
#9003 = EDGE_CURVE('',#9004,#8981,#9006,.T.);
#9004 = VERTEX_POINT('',#9005);
#9005 = CARTESIAN_POINT('',(7.236446380615,5.114392757416,0.));
#9006 = LINE('',#9007,#9008);
#9007 = CARTESIAN_POINT('',(7.236446380615,5.114392757416,0.));
#9008 = VECTOR('',#9009,1.);
#9009 = DIRECTION('',(0.619096396836,-0.785315001401,0.));
#9010 = ORIENTED_EDGE('',*,*,#8989,.F.);
#9011 = ORIENTED_EDGE('',*,*,#9012,.T.);
#9012 = EDGE_CURVE('',#6722,#9004,#9013,.T.);
#9013 = LINE('',#9014,#9015);
#9014 = CARTESIAN_POINT('',(6.400000095367,4.900000095367,0.));
#9015 = VECTOR('',#9016,1.);
#9016 = DIRECTION('',(0.96868635983,0.248287607987,0.));
#9017 = PLANE('',#9018);
#9018 = AXIS2_PLACEMENT_3D('',#9019,#9020,#9021);
#9019 = CARTESIAN_POINT('',(6.851999463114,4.994096322003,0.));
#9020 = DIRECTION('',(-0.,-0.,-1.));
#9021 = DIRECTION('',(-1.,0.,0.));
#9022 = ADVANCED_FACE('',(#9023),#9040,.T.);
#9023 = FACE_BOUND('',#9024,.T.);
#9024 = EDGE_LOOP('',(#9025,#9033,#9034));
#9025 = ORIENTED_EDGE('',*,*,#9026,.T.);
#9026 = EDGE_CURVE('',#9027,#9004,#9029,.T.);
#9027 = VERTEX_POINT('',#9028);
#9028 = CARTESIAN_POINT('',(7.177817344666,5.177817344666,0.));
#9029 = LINE('',#9030,#9031);
#9030 = CARTESIAN_POINT('',(7.177817344666,5.177817344666,0.));
#9031 = VECTOR('',#9032,1.);
#9032 = DIRECTION('',(0.678800436864,-0.734322794766,0.));
#9033 = ORIENTED_EDGE('',*,*,#9012,.F.);
#9034 = ORIENTED_EDGE('',*,*,#9035,.T.);
#9035 = EDGE_CURVE('',#6722,#9027,#9036,.T.);
#9036 = LINE('',#9037,#9038);
#9037 = CARTESIAN_POINT('',(6.400000095367,4.900000095367,0.));
#9038 = VECTOR('',#9039,1.);
#9039 = DIRECTION('',(0.94173218028,0.336363643435,0.));
#9040 = PLANE('',#9041);
#9041 = AXIS2_PLACEMENT_3D('',#9042,#9043,#9044);
#9042 = CARTESIAN_POINT('',(6.823504525512,5.028702399201,0.));
#9043 = DIRECTION('',(-0.,-0.,-1.));
#9044 = DIRECTION('',(-1.,0.,0.));
#9045 = ADVANCED_FACE('',(#9046),#9063,.T.);
#9046 = FACE_BOUND('',#9047,.T.);
#9047 = EDGE_LOOP('',(#9048,#9056,#9057));
#9048 = ORIENTED_EDGE('',*,*,#9049,.T.);
#9049 = EDGE_CURVE('',#9050,#9027,#9052,.T.);
#9050 = VERTEX_POINT('',#9051);
#9051 = CARTESIAN_POINT('',(7.114392757416,5.236446380615,0.));
#9052 = LINE('',#9053,#9054);
#9053 = CARTESIAN_POINT('',(7.114392757416,5.236446380615,0.));
#9054 = VECTOR('',#9055,1.);
#9055 = DIRECTION('',(0.734322794766,-0.678800436864,0.));
#9056 = ORIENTED_EDGE('',*,*,#9035,.F.);
#9057 = ORIENTED_EDGE('',*,*,#9058,.T.);
#9058 = EDGE_CURVE('',#6722,#9050,#9059,.T.);
#9059 = LINE('',#9060,#9061);
#9060 = CARTESIAN_POINT('',(6.400000095367,4.900000095367,0.));
#9061 = VECTOR('',#9062,1.);
#9062 = DIRECTION('',(0.904691075183,0.426068138311,0.));
#9063 = PLANE('',#9064);
#9064 = AXIS2_PLACEMENT_3D('',#9065,#9066,#9067);
#9065 = CARTESIAN_POINT('',(6.792322335273,5.061046621602,0.));
#9066 = DIRECTION('',(-0.,-0.,-1.));
#9067 = DIRECTION('',(-1.,0.,0.));
#9068 = ADVANCED_FACE('',(#9069),#9086,.T.);
#9069 = FACE_BOUND('',#9070,.T.);
#9070 = EDGE_LOOP('',(#9071,#9079,#9080));
#9071 = ORIENTED_EDGE('',*,*,#9072,.T.);
#9072 = EDGE_CURVE('',#9073,#9050,#9075,.T.);
#9073 = VERTEX_POINT('',#9074);
#9074 = CARTESIAN_POINT('',(7.046563625336,5.289918899536,0.));
#9075 = LINE('',#9076,#9077);
#9076 = CARTESIAN_POINT('',(7.046563625336,5.289918899536,0.));
#9077 = VECTOR('',#9078,1.);
#9078 = DIRECTION('',(0.785315001401,-0.619096396836,0.));
#9079 = ORIENTED_EDGE('',*,*,#9058,.F.);
#9080 = ORIENTED_EDGE('',*,*,#9081,.T.);
#9081 = EDGE_CURVE('',#6722,#9073,#9082,.T.);
#9082 = LINE('',#9083,#9084);
#9083 = CARTESIAN_POINT('',(6.400000095367,4.900000095367,0.));
#9084 = VECTOR('',#9085,1.);
#9085 = DIRECTION('',(0.856333419582,0.516423348143,0.));
#9086 = PLANE('',#9087);
#9087 = AXIS2_PLACEMENT_3D('',#9088,#9089,#9090);
#9088 = CARTESIAN_POINT('',(6.758616173573,5.090923700752,0.));
#9089 = DIRECTION('',(-0.,-0.,-1.));
#9090 = DIRECTION('',(-1.,0.,0.));
#9091 = ADVANCED_FACE('',(#9092),#9109,.T.);
#9092 = FACE_BOUND('',#9093,.T.);
#9093 = EDGE_LOOP('',(#9094,#9102,#9103));
#9094 = ORIENTED_EDGE('',*,*,#9095,.T.);
#9095 = EDGE_CURVE('',#9096,#9073,#9098,.T.);
#9096 = VERTEX_POINT('',#9097);
#9097 = CARTESIAN_POINT('',(6.97474861145,5.33790397644,0.));
#9098 = LINE('',#9099,#9100);
#9099 = CARTESIAN_POINT('',(6.97474861145,5.33790397644,0.));
#9100 = VECTOR('',#9101,1.);
#9101 = DIRECTION('',(0.831470581715,-0.555568782189,0.));
#9102 = ORIENTED_EDGE('',*,*,#9081,.F.);
#9103 = ORIENTED_EDGE('',*,*,#9104,.T.);
#9104 = EDGE_CURVE('',#6722,#9096,#9105,.T.);
#9105 = LINE('',#9106,#9107);
#9106 = CARTESIAN_POINT('',(6.400000095367,4.900000095367,0.));
#9107 = VECTOR('',#9108,1.);
#9108 = DIRECTION('',(0.795431553394,0.606043433976,0.));
#9109 = PLANE('',#9110);
#9110 = AXIS2_PLACEMENT_3D('',#9111,#9112,#9113);
#9111 = CARTESIAN_POINT('',(6.722562812094,5.118135905899,0.));
#9112 = DIRECTION('',(-0.,-0.,-1.));
#9113 = DIRECTION('',(-1.,0.,0.));
#9114 = ADVANCED_FACE('',(#9115),#9132,.T.);
#9115 = FACE_BOUND('',#9116,.T.);
#9116 = EDGE_LOOP('',(#9117,#9125,#9126));
#9117 = ORIENTED_EDGE('',*,*,#9118,.T.);
#9118 = EDGE_CURVE('',#9119,#9096,#9121,.T.);
#9119 = VERTEX_POINT('',#9120);
#9120 = CARTESIAN_POINT('',(6.899389743805,5.380107402802,0.));
#9121 = LINE('',#9122,#9123);
#9122 = CARTESIAN_POINT('',(6.899389743805,5.380107402802,0.));
#9123 = VECTOR('',#9124,1.);
#9124 = DIRECTION('',(0.872493871374,-0.488625055042,0.));
#9125 = ORIENTED_EDGE('',*,*,#9104,.F.);
#9126 = ORIENTED_EDGE('',*,*,#9127,.T.);
#9127 = EDGE_CURVE('',#6722,#9119,#9128,.T.);
#9128 = LINE('',#9129,#9130);
#9129 = CARTESIAN_POINT('',(6.400000095367,4.900000095367,0.));
#9130 = VECTOR('',#9131,1.);
#9131 = DIRECTION('',(0.720887187491,0.69305242436,0.));
#9132 = PLANE('',#9133);
#9133 = AXIS2_PLACEMENT_3D('',#9134,#9135,#9136);
#9134 = CARTESIAN_POINT('',(6.684354011655,5.142493674962,0.));
#9135 = DIRECTION('',(-0.,-0.,-1.));
#9136 = DIRECTION('',(-1.,0.,0.));
#9137 = ADVANCED_FACE('',(#9138),#9155,.T.);
#9138 = FACE_BOUND('',#9139,.T.);
#9139 = EDGE_LOOP('',(#9140,#9148,#9149));
#9140 = ORIENTED_EDGE('',*,*,#9141,.T.);
#9141 = EDGE_CURVE('',#9142,#9119,#9144,.T.);
#9142 = VERTEX_POINT('',#9143);
#9143 = CARTESIAN_POINT('',(6.820951938629,5.41626739502,0.));
#9144 = LINE('',#9145,#9146);
#9145 = CARTESIAN_POINT('',(6.820951938629,5.41626739502,0.));
#9146 = VECTOR('',#9147,1.);
#9147 = DIRECTION('',(0.908144632,-0.418656574497,0.));
#9148 = ORIENTED_EDGE('',*,*,#9127,.F.);
#9149 = ORIENTED_EDGE('',*,*,#9150,.T.);
#9150 = EDGE_CURVE('',#6722,#9142,#9151,.T.);
#9151 = LINE('',#9152,#9153);
#9152 = CARTESIAN_POINT('',(6.400000095367,4.900000095367,0.));
#9153 = VECTOR('',#9154,1.);
#9154 = DIRECTION('',(0.631934193607,0.775022048041,0.));
#9155 = PLANE('',#9156);
#9156 = AXIS2_PLACEMENT_3D('',#9157,#9158,#9159);
#9157 = CARTESIAN_POINT('',(6.64419699245,5.163813742113,0.));
#9158 = DIRECTION('',(-0.,-0.,-1.));
#9159 = DIRECTION('',(-1.,0.,0.));
#9160 = ADVANCED_FACE('',(#9161),#9178,.T.);
#9161 = FACE_BOUND('',#9162,.T.);
#9162 = EDGE_LOOP('',(#9163,#9171,#9172));
#9163 = ORIENTED_EDGE('',*,*,#9164,.T.);
#9164 = EDGE_CURVE('',#9165,#9142,#9167,.T.);
#9165 = VERTEX_POINT('',#9166);
#9166 = CARTESIAN_POINT('',(6.739918708801,5.446162223816,0.));
#9167 = LINE('',#9168,#9169);
#9168 = CARTESIAN_POINT('',(6.739918708801,5.446162223816,0.));
#9169 = VECTOR('',#9170,1.);
#9170 = DIRECTION('',(0.938190989964,-0.346117994838,0.));
#9171 = ORIENTED_EDGE('',*,*,#9150,.F.);
#9172 = ORIENTED_EDGE('',*,*,#9173,.T.);
#9173 = EDGE_CURVE('',#6722,#9165,#9174,.T.);
#9174 = LINE('',#9175,#9176);
#9175 = CARTESIAN_POINT('',(6.400000095367,4.900000095367,0.));
#9176 = VECTOR('',#9177,1.);
#9177 = DIRECTION('',(0.528396464014,0.848997748417,0.));
#9178 = PLANE('',#9179);
#9179 = AXIS2_PLACEMENT_3D('',#9180,#9181,#9182);
#9180 = CARTESIAN_POINT('',(6.602319628422,5.18192085746,0.));
#9181 = DIRECTION('',(-0.,-0.,-1.));
#9182 = DIRECTION('',(-1.,0.,0.));
#9183 = ADVANCED_FACE('',(#9184),#9201,.T.);
#9184 = FACE_BOUND('',#9185,.T.);
#9185 = EDGE_LOOP('',(#9186,#9194,#9195));
#9186 = ORIENTED_EDGE('',*,*,#9187,.T.);
#9187 = EDGE_CURVE('',#9188,#9165,#9190,.T.);
#9188 = VERTEX_POINT('',#9189);
#9189 = CARTESIAN_POINT('',(6.656789779663,5.469606876373,0.));
#9190 = LINE('',#9191,#9192);
#9191 = CARTESIAN_POINT('',(6.656789779663,5.469606876373,0.));
#9192 = VECTOR('',#9193,1.);
#9193 = DIRECTION('',(0.962455630237,-0.271439053609,0.));
#9194 = ORIENTED_EDGE('',*,*,#9173,.F.);
#9195 = ORIENTED_EDGE('',*,*,#9196,.T.);
#9196 = EDGE_CURVE('',#6722,#9188,#9197,.T.);
#9197 = LINE('',#9198,#9199);
#9198 = CARTESIAN_POINT('',(6.400000095367,4.900000095367,0.));
#9199 = VECTOR('',#9200,1.);
#9200 = DIRECTION('',(0.410985650372,0.911641812988,0.));
#9201 = PLANE('',#9202);
#9202 = AXIS2_PLACEMENT_3D('',#9203,#9204,#9205);
#9203 = CARTESIAN_POINT('',(6.558973415729,5.196649641525,0.));
#9204 = DIRECTION('',(-0.,-0.,-1.));
#9205 = DIRECTION('',(-1.,0.,0.));
#9206 = ADVANCED_FACE('',(#9207),#9224,.T.);
#9207 = FACE_BOUND('',#9208,.T.);
#9208 = EDGE_LOOP('',(#9209,#9217,#9218));
#9209 = ORIENTED_EDGE('',*,*,#9210,.T.);
#9210 = EDGE_CURVE('',#9211,#9188,#9213,.T.);
#9211 = VERTEX_POINT('',#9212);
#9212 = CARTESIAN_POINT('',(6.57207775116,5.48645734787,0.));
#9213 = LINE('',#9214,#9215);
#9214 = CARTESIAN_POINT('',(6.57207775116,5.48645734787,0.));
#9215 = VECTOR('',#9216,1.);
#9216 = DIRECTION('',(0.980784834319,-0.195092564621,0.));
#9217 = ORIENTED_EDGE('',*,*,#9196,.F.);
#9218 = ORIENTED_EDGE('',*,*,#9219,.T.);
#9219 = EDGE_CURVE('',#6722,#9211,#9220,.T.);
#9220 = LINE('',#9221,#9222);
#9221 = CARTESIAN_POINT('',(6.400000095367,4.900000095367,0.));
#9222 = VECTOR('',#9223,1.);
#9223 = DIRECTION('',(0.281549188207,0.959546796472,0.));
#9224 = PLANE('',#9225);
#9225 = AXIS2_PLACEMENT_3D('',#9226,#9227,#9228);
#9226 = CARTESIAN_POINT('',(6.514438230304,5.207850027601,0.));
#9227 = DIRECTION('',(-0.,-0.,-1.));
#9228 = DIRECTION('',(-1.,0.,0.));
#9229 = ADVANCED_FACE('',(#9230),#9247,.T.);
#9230 = FACE_BOUND('',#9231,.T.);
#9231 = EDGE_LOOP('',(#9232,#9240,#9241));
#9232 = ORIENTED_EDGE('',*,*,#9233,.T.);
#9233 = EDGE_CURVE('',#9234,#9211,#9236,.T.);
#9234 = VERTEX_POINT('',#9235);
#9235 = CARTESIAN_POINT('',(6.486305236816,5.496609210968,0.));
#9236 = LINE('',#9237,#9238);
#9237 = CARTESIAN_POINT('',(6.486305236816,5.496609210968,0.));
#9238 = VECTOR('',#9239,1.);
#9239 = DIRECTION('',(0.993068433939,-0.117537591915,0.));
#9240 = ORIENTED_EDGE('',*,*,#9219,.F.);
#9241 = ORIENTED_EDGE('',*,*,#9242,.T.);
#9242 = EDGE_CURVE('',#6722,#9234,#9243,.T.);
#9243 = LINE('',#9244,#9245);
#9244 = CARTESIAN_POINT('',(6.400000095367,4.900000095367,0.));
#9245 = VECTOR('',#9246,1.);
#9246 = DIRECTION('',(0.143169192882,0.98969822785,0.));
#9247 = PLANE('',#9248);
#9248 = AXIS2_PLACEMENT_3D('',#9249,#9250,#9251);
#9249 = CARTESIAN_POINT('',(6.469024159773,5.21539529701,0.));
#9250 = DIRECTION('',(-0.,-0.,-1.));
#9251 = DIRECTION('',(-1.,0.,0.));
#9252 = ADVANCED_FACE('',(#9253),#9270,.T.);
#9253 = FACE_BOUND('',#9254,.T.);
#9254 = EDGE_LOOP('',(#9255,#9263,#9264));
#9255 = ORIENTED_EDGE('',*,*,#9256,.T.);
#9256 = EDGE_CURVE('',#9257,#9234,#9259,.T.);
#9257 = VERTEX_POINT('',#9258);
#9258 = CARTESIAN_POINT('',(6.400000095367,5.5,0.));
#9259 = LINE('',#9260,#9261);
#9260 = CARTESIAN_POINT('',(6.400000095367,5.5,0.));
#9261 = VECTOR('',#9262,1.);
#9262 = DIRECTION('',(0.99922910401,-3.925809087884E-02,0.));
#9263 = ORIENTED_EDGE('',*,*,#9242,.F.);
#9264 = ORIENTED_EDGE('',*,*,#9265,.T.);
#9265 = EDGE_CURVE('',#6722,#9257,#9266,.T.);
#9266 = LINE('',#9267,#9268);
#9267 = CARTESIAN_POINT('',(6.400000095367,4.900000095367,0.));
#9268 = VECTOR('',#9269,1.);
#9269 = DIRECTION('',(0.,1.,0.));
#9270 = PLANE('',#9271);
#9271 = AXIS2_PLACEMENT_3D('',#9272,#9273,#9274);
#9272 = CARTESIAN_POINT('',(6.423069108806,5.219192755124,0.));
#9273 = DIRECTION('',(-0.,-0.,-1.));
#9274 = DIRECTION('',(-1.,0.,0.));
#9275 = ADVANCED_FACE('',(#9276),#9286,.T.);
#9276 = FACE_BOUND('',#9277,.T.);
#9277 = EDGE_LOOP('',(#9278,#9284,#9285));
#9278 = ORIENTED_EDGE('',*,*,#9279,.T.);
#9279 = EDGE_CURVE('',#6676,#9257,#9280,.T.);
#9280 = LINE('',#9281,#9282);
#9281 = CARTESIAN_POINT('',(3.5,4.900000095367,0.));
#9282 = VECTOR('',#9283,1.);
#9283 = DIRECTION('',(0.979260427218,0.202605566765,0.));
#9284 = ORIENTED_EDGE('',*,*,#9265,.F.);
#9285 = ORIENTED_EDGE('',*,*,#6721,.F.);
#9286 = PLANE('',#9287);
#9287 = AXIS2_PLACEMENT_3D('',#9288,#9289,#9290);
#9288 = CARTESIAN_POINT('',(5.084645384419,5.065354710949,0.));
#9289 = DIRECTION('',(-0.,-0.,-1.));
#9290 = DIRECTION('',(-1.,0.,0.));
#9291 = ADVANCED_FACE('',(#9292),#9307,.T.);
#9292 = FACE_BOUND('',#9293,.T.);
#9293 = EDGE_LOOP('',(#9294,#9300,#9301));
#9294 = ORIENTED_EDGE('',*,*,#9295,.T.);
#9295 = EDGE_CURVE('',#8579,#9257,#9296,.T.);
#9296 = LINE('',#9297,#9298);
#9297 = CARTESIAN_POINT('',(-6.400000095367,5.5,0.));
#9298 = VECTOR('',#9299,1.);
#9299 = DIRECTION('',(1.,0.,0.));
#9300 = ORIENTED_EDGE('',*,*,#9279,.F.);
#9301 = ORIENTED_EDGE('',*,*,#9302,.T.);
#9302 = EDGE_CURVE('',#6676,#8579,#9303,.T.);
#9303 = LINE('',#9304,#9305);
#9304 = CARTESIAN_POINT('',(3.5,4.900000095367,0.));
#9305 = VECTOR('',#9306,1.);
#9306 = DIRECTION('',(-0.998168497247,6.049505024103E-02,0.));
#9307 = PLANE('',#9308);
#9308 = AXIS2_PLACEMENT_3D('',#9309,#9310,#9311);
#9309 = CARTESIAN_POINT('',(1.081335268658E-02,5.349535158299,0.));
#9310 = DIRECTION('',(-0.,-0.,-1.));
#9311 = DIRECTION('',(-1.,0.,0.));
#9312 = ADVANCED_FACE('',(#9313),#9318,.T.);
#9313 = FACE_BOUND('',#9314,.T.);
#9314 = EDGE_LOOP('',(#9315,#9316,#9317));
#9315 = ORIENTED_EDGE('',*,*,#8607,.F.);
#9316 = ORIENTED_EDGE('',*,*,#9302,.F.);
#9317 = ORIENTED_EDGE('',*,*,#6675,.F.);
#9318 = PLANE('',#9319);
#9319 = AXIS2_PLACEMENT_3D('',#9320,#9321,#9322);
#9320 = CARTESIAN_POINT('',(-1.258849546364,4.979916311762,0.));
#9321 = DIRECTION('',(-0.,-0.,-1.));
#9322 = DIRECTION('',(-1.,0.,0.));
#9323 = ADVANCED_FACE('',(#9324),#9329,.T.);
#9324 = FACE_BOUND('',#9325,.T.);
#9325 = EDGE_LOOP('',(#9326,#9327,#9328));
#9326 = ORIENTED_EDGE('',*,*,#8789,.F.);
#9327 = ORIENTED_EDGE('',*,*,#5877,.F.);
#9328 = ORIENTED_EDGE('',*,*,#8621,.F.);
#9329 = PLANE('',#9330);
#9330 = AXIS2_PLACEMENT_3D('',#9331,#9332,#9333);
#9331 = CARTESIAN_POINT('',(5.02113105026,3.878868925898,0.));
#9332 = DIRECTION('',(-0.,-0.,-1.));
#9333 = DIRECTION('',(-1.,0.,0.));
#9334 = ADVANCED_FACE('',(#9335),#9350,.T.);
#9335 = FACE_BOUND('',#9336,.T.);
#9336 = EDGE_LOOP('',(#9337,#9343,#9344));
#9337 = ORIENTED_EDGE('',*,*,#9338,.T.);
#9338 = EDGE_CURVE('',#8459,#8579,#9339,.T.);
#9339 = LINE('',#9340,#9341);
#9340 = CARTESIAN_POINT('',(-7.5,4.400000095367,0.));
#9341 = VECTOR('',#9342,1.);
#9342 = DIRECTION('',(0.707106781187,0.707106781187,0.));
#9343 = ORIENTED_EDGE('',*,*,#8637,.F.);
#9344 = ORIENTED_EDGE('',*,*,#9345,.T.);
#9345 = EDGE_CURVE('',#6043,#8459,#9346,.T.);
#9346 = LINE('',#9347,#9348);
#9347 = CARTESIAN_POINT('',(3.5,2.700000047684,0.));
#9348 = VECTOR('',#9349,1.);
#9349 = DIRECTION('',(-0.988267602259,0.152732270088,0.));
#9350 = PLANE('',#9351);
#9351 = AXIS2_PLACEMENT_3D('',#9352,#9353,#9354);
#9352 = CARTESIAN_POINT('',(-2.088872367462,3.891093641045,0.));
#9353 = DIRECTION('',(-0.,-0.,-1.));
#9354 = DIRECTION('',(-1.,0.,0.));
#9355 = ADVANCED_FACE('',(#9356),#9366,.T.);
#9356 = FACE_BOUND('',#9357,.T.);
#9357 = EDGE_LOOP('',(#9358,#9364,#9365));
#9358 = ORIENTED_EDGE('',*,*,#9359,.T.);
#9359 = EDGE_CURVE('',#6035,#8459,#9360,.T.);
#9360 = LINE('',#9361,#9362);
#9361 = CARTESIAN_POINT('',(3.5,1.899999976158,0.));
#9362 = VECTOR('',#9363,1.);
#9363 = DIRECTION('',(-0.975132853508,0.221621113638,0.));
#9364 = ORIENTED_EDGE('',*,*,#9345,.F.);
#9365 = ORIENTED_EDGE('',*,*,#6042,.F.);
#9366 = PLANE('',#9367);
#9367 = AXIS2_PLACEMENT_3D('',#9368,#9369,#9370);
#9368 = CARTESIAN_POINT('',(-1.810435529991,3.312518626689,0.));
#9369 = DIRECTION('',(-0.,-0.,-1.));
#9370 = DIRECTION('',(-1.,0.,0.));
#9371 = ADVANCED_FACE('',(#9372),#9387,.T.);
#9372 = FACE_BOUND('',#9373,.T.);
#9373 = EDGE_LOOP('',(#9374,#9380,#9381));
#9374 = ORIENTED_EDGE('',*,*,#9375,.T.);
#9375 = EDGE_CURVE('',#6933,#8459,#9376,.T.);
#9376 = LINE('',#9377,#9378);
#9377 = CARTESIAN_POINT('',(3.5,1.600000023842,0.));
#9378 = VECTOR('',#9379,1.);
#9379 = DIRECTION('',(-0.969097172417,0.246679286553,0.));
#9380 = ORIENTED_EDGE('',*,*,#9359,.F.);
#9381 = ORIENTED_EDGE('',*,*,#9382,.T.);
#9382 = EDGE_CURVE('',#6035,#6933,#9383,.T.);
#9383 = LINE('',#9384,#9385);
#9384 = CARTESIAN_POINT('',(3.5,1.899999976158,0.));
#9385 = VECTOR('',#9386,1.);
#9386 = DIRECTION('',(0.,-1.,0.));
#9387 = PLANE('',#9388);
#9388 = AXIS2_PLACEMENT_3D('',#9389,#9390,#9391);
#9389 = CARTESIAN_POINT('',(-1.928045910517,3.057435868315,0.));
#9390 = DIRECTION('',(-0.,-0.,-1.));
#9391 = DIRECTION('',(-1.,0.,0.));
#9392 = ADVANCED_FACE('',(#9393),#9403,.T.);
#9393 = FACE_BOUND('',#9394,.T.);
#9394 = EDGE_LOOP('',(#9395,#9401,#9402));
#9395 = ORIENTED_EDGE('',*,*,#9396,.T.);
#9396 = EDGE_CURVE('',#6135,#6933,#9397,.T.);
#9397 = LINE('',#9398,#9399);
#9398 = CARTESIAN_POINT('',(6.400000095367,1.899999976158,0.));
#9399 = VECTOR('',#9400,1.);
#9400 = DIRECTION('',(-0.994691795847,-0.102899131555,0.));
#9401 = ORIENTED_EDGE('',*,*,#9382,.F.);
#9402 = ORIENTED_EDGE('',*,*,#6180,.F.);
#9403 = PLANE('',#9404);
#9404 = AXIS2_PLACEMENT_3D('',#9405,#9406,#9407);
#9405 = CARTESIAN_POINT('',(4.878869045107,1.821131002577,0.));
#9406 = DIRECTION('',(-0.,-0.,-1.));
#9407 = DIRECTION('',(-1.,0.,0.));
#9408 = ADVANCED_FACE('',(#9409),#9419,.T.);
#9409 = FACE_BOUND('',#9410,.T.);
#9410 = EDGE_LOOP('',(#9411,#9412,#9413));
#9411 = ORIENTED_EDGE('',*,*,#6978,.F.);
#9412 = ORIENTED_EDGE('',*,*,#9396,.F.);
#9413 = ORIENTED_EDGE('',*,*,#9414,.T.);
#9414 = EDGE_CURVE('',#6135,#6979,#9415,.T.);
#9415 = LINE('',#9416,#9417);
#9416 = CARTESIAN_POINT('',(6.400000095367,1.899999976158,0.));
#9417 = VECTOR('',#9418,1.);
#9418 = DIRECTION('',(0.707106500207,-0.707107062166,0.));
#9419 = PLANE('',#9420);
#9420 = AXIS2_PLACEMENT_3D('',#9421,#9422,#9423);
#9421 = CARTESIAN_POINT('',(5.127196948828,1.676602599089,0.));
#9422 = DIRECTION('',(-0.,-0.,-1.));
#9423 = DIRECTION('',(-1.,0.,0.));
#9424 = ADVANCED_FACE('',(#9425),#9430,.T.);
#9425 = FACE_BOUND('',#9426,.T.);
#9426 = EDGE_LOOP('',(#9427,#9428,#9429));
#9427 = ORIENTED_EDGE('',*,*,#8713,.F.);
#9428 = ORIENTED_EDGE('',*,*,#9414,.F.);
#9429 = ORIENTED_EDGE('',*,*,#6134,.F.);
#9430 = PLANE('',#9431);
#9431 = AXIS2_PLACEMENT_3D('',#9432,#9433,#9434);
#9432 = CARTESIAN_POINT('',(6.499248005564,2.128977902915,0.));
#9433 = DIRECTION('',(-0.,-0.,-1.));
#9434 = DIRECTION('',(-1.,0.,0.));
#9435 = ADVANCED_FACE('',(#9436),#9451,.T.);
#9436 = FACE_BOUND('',#9437,.T.);
#9437 = EDGE_LOOP('',(#9438,#9439,#9445));
#9438 = ORIENTED_EDGE('',*,*,#6391,.F.);
#9439 = ORIENTED_EDGE('',*,*,#9440,.T.);
#9440 = EDGE_CURVE('',#6346,#7098,#9441,.T.);
#9441 = LINE('',#9442,#9443);
#9442 = CARTESIAN_POINT('',(6.400000095367,-2.5,0.));
#9443 = VECTOR('',#9444,1.);
#9444 = DIRECTION('',(-0.994691795847,-0.102899131555,0.));
#9445 = ORIENTED_EDGE('',*,*,#9446,.T.);
#9446 = EDGE_CURVE('',#7098,#6246,#9447,.T.);
#9447 = LINE('',#9448,#9449);
#9448 = CARTESIAN_POINT('',(3.5,-2.799999952316,0.));
#9449 = VECTOR('',#9450,1.);
#9450 = DIRECTION('',(0.,1.,0.));
#9451 = PLANE('',#9452);
#9452 = AXIS2_PLACEMENT_3D('',#9453,#9454,#9455);
#9453 = CARTESIAN_POINT('',(4.878869045107,-2.578868973582,0.));
#9454 = DIRECTION('',(-0.,-0.,-1.));
#9455 = DIRECTION('',(-1.,0.,0.));
#9456 = ADVANCED_FACE('',(#9457),#9474,.T.);
#9457 = FACE_BOUND('',#9458,.T.);
#9458 = EDGE_LOOP('',(#9459,#9467,#9468));
#9459 = ORIENTED_EDGE('',*,*,#9460,.T.);
#9460 = EDGE_CURVE('',#9461,#6246,#9463,.T.);
#9461 = VERTEX_POINT('',#9462);
#9462 = CARTESIAN_POINT('',(2.39204454422,-4.22179889679,0.));
#9463 = LINE('',#9464,#9465);
#9464 = CARTESIAN_POINT('',(2.39204454422,-4.22179889679,0.));
#9465 = VECTOR('',#9466,1.);
#9466 = DIRECTION('',(0.541132408548,0.840937403389,0.));
#9467 = ORIENTED_EDGE('',*,*,#9446,.F.);
#9468 = ORIENTED_EDGE('',*,*,#9469,.T.);
#9469 = EDGE_CURVE('',#7098,#9461,#9470,.T.);
#9470 = LINE('',#9471,#9472);
#9471 = CARTESIAN_POINT('',(3.5,-2.799999952316,0.));
#9472 = VECTOR('',#9473,1.);
#9473 = DIRECTION('',(-0.614670347944,-0.788784104403,0.));
#9474 = PLANE('',#9475);
#9475 = AXIS2_PLACEMENT_3D('',#9476,#9477,#9478);
#9476 = CARTESIAN_POINT('',(2.986068892654,-3.374660455172,0.));
#9477 = DIRECTION('',(-0.,-0.,-1.));
#9478 = DIRECTION('',(-1.,0.,0.));
#9479 = ADVANCED_FACE('',(#9480),#9490,.T.);
#9480 = FACE_BOUND('',#9481,.T.);
#9481 = EDGE_LOOP('',(#9482,#9483,#9484));
#9482 = ORIENTED_EDGE('',*,*,#8271,.F.);
#9483 = ORIENTED_EDGE('',*,*,#9460,.F.);
#9484 = ORIENTED_EDGE('',*,*,#9485,.T.);
#9485 = EDGE_CURVE('',#9461,#8263,#9486,.T.);
#9486 = LINE('',#9487,#9488);
#9487 = CARTESIAN_POINT('',(2.39204454422,-4.22179889679,0.));
#9488 = VECTOR('',#9489,1.);
#9489 = DIRECTION('',(-0.852645905918,-0.522489195219,0.));
#9490 = PLANE('',#9491);
#9491 = AXIS2_PLACEMENT_3D('',#9492,#9493,#9494);
#9492 = CARTESIAN_POINT('',(2.93505178531,-3.37156078118,0.));
#9493 = DIRECTION('',(-0.,-0.,-1.));
#9494 = DIRECTION('',(-1.,0.,0.));
#9495 = ADVANCED_FACE('',(#9496),#9506,.T.);
#9496 = FACE_BOUND('',#9497,.T.);
#9497 = EDGE_LOOP('',(#9498,#9499,#9500));
#9498 = ORIENTED_EDGE('',*,*,#6345,.F.);
#9499 = ORIENTED_EDGE('',*,*,#8308,.F.);
#9500 = ORIENTED_EDGE('',*,*,#9501,.T.);
#9501 = EDGE_CURVE('',#8309,#6346,#9502,.T.);
#9502 = LINE('',#9503,#9504);
#9503 = CARTESIAN_POINT('',(7.5,-3.099999904633,0.));
#9504 = VECTOR('',#9505,1.);
#9505 = DIRECTION('',(-0.877895587458,0.478852104017,0.));
#9506 = PLANE('',#9507);
#9507 = AXIS2_PLACEMENT_3D('',#9508,#9509,#9510);
#9508 = CARTESIAN_POINT('',(6.835220812573,-2.468136731525,0.));
#9509 = DIRECTION('',(-0.,-0.,-1.));
#9510 = DIRECTION('',(-1.,0.,0.));
#9511 = ADVANCED_FACE('',(#9512),#9527,.T.);
#9512 = FACE_BOUND('',#9513,.T.);
#9513 = EDGE_LOOP('',(#9514,#9520,#9521));
#9514 = ORIENTED_EDGE('',*,*,#9515,.T.);
#9515 = EDGE_CURVE('',#7144,#6346,#9516,.T.);
#9516 = LINE('',#9517,#9518);
#9517 = CARTESIAN_POINT('',(6.400000095367,-2.799999952316,0.));
#9518 = VECTOR('',#9519,1.);
#9519 = DIRECTION('',(0.,1.,0.));
#9520 = ORIENTED_EDGE('',*,*,#9501,.F.);
#9521 = ORIENTED_EDGE('',*,*,#9522,.T.);
#9522 = EDGE_CURVE('',#8309,#7144,#9523,.T.);
#9523 = LINE('',#9524,#9525);
#9524 = CARTESIAN_POINT('',(7.5,-3.099999904633,0.));
#9525 = VECTOR('',#9526,1.);
#9526 = DIRECTION('',(-0.964763826063,0.263117388098,0.));
#9527 = PLANE('',#9528);
#9528 = AXIS2_PLACEMENT_3D('',#9529,#9530,#9531);
#9529 = CARTESIAN_POINT('',(6.888734006409,-2.846794700726,0.));
#9530 = DIRECTION('',(-0.,-0.,-1.));
#9531 = DIRECTION('',(-1.,0.,0.));
#9532 = ADVANCED_FACE('',(#9533),#9538,.T.);
#9533 = FACE_BOUND('',#9534,.T.);
#9534 = EDGE_LOOP('',(#9535,#9536,#9537));
#9535 = ORIENTED_EDGE('',*,*,#9440,.F.);
#9536 = ORIENTED_EDGE('',*,*,#9515,.F.);
#9537 = ORIENTED_EDGE('',*,*,#7143,.F.);
#9538 = PLANE('',#9539);
#9539 = AXIS2_PLACEMENT_3D('',#9540,#9541,#9542);
#9540 = CARTESIAN_POINT('',(5.02113105026,-2.721130978735,0.));
#9541 = DIRECTION('',(-0.,-0.,-1.));
#9542 = DIRECTION('',(-1.,0.,0.));
#9543 = ADVANCED_FACE('',(#9544),#9554,.T.);
#9544 = FACE_BOUND('',#9545,.T.);
#9545 = EDGE_LOOP('',(#9546,#9547,#9548));
#9546 = ORIENTED_EDGE('',*,*,#6464,.F.);
#9547 = ORIENTED_EDGE('',*,*,#8458,.F.);
#9548 = ORIENTED_EDGE('',*,*,#9549,.T.);
#9549 = EDGE_CURVE('',#8459,#6465,#9550,.T.);
#9550 = LINE('',#9551,#9552);
#9551 = CARTESIAN_POINT('',(-7.5,4.400000095367,0.));
#9552 = VECTOR('',#9553,1.);
#9553 = DIRECTION('',(0.942514819513,-0.334164353272,0.));
#9554 = PLANE('',#9555);
#9555 = AXIS2_PLACEMENT_3D('',#9556,#9557,#9558);
#9556 = CARTESIAN_POINT('',(-1.819915149413,2.177220230174,0.));
#9557 = DIRECTION('',(-0.,-0.,-1.));
#9558 = DIRECTION('',(-1.,0.,0.));
#9559 = ADVANCED_FACE('',(#9560),#9575,.T.);
#9560 = FACE_BOUND('',#9561,.T.);
#9561 = EDGE_LOOP('',(#9562,#9568,#9569));
#9562 = ORIENTED_EDGE('',*,*,#9563,.T.);
#9563 = EDGE_CURVE('',#6887,#6465,#9564,.T.);
#9564 = LINE('',#9565,#9566);
#9565 = CARTESIAN_POINT('',(3.5,0.800000011921,0.));
#9566 = VECTOR('',#9567,1.);
#9567 = DIRECTION('',(0.,-1.,0.));
#9568 = ORIENTED_EDGE('',*,*,#9549,.F.);
#9569 = ORIENTED_EDGE('',*,*,#9570,.T.);
#9570 = EDGE_CURVE('',#8459,#6887,#9571,.T.);
#9571 = LINE('',#9572,#9573);
#9572 = CARTESIAN_POINT('',(-7.5,4.400000095367,0.));
#9573 = VECTOR('',#9574,1.);
#9574 = DIRECTION('',(0.950397126913,-0.311039066927,0.));
#9575 = PLANE('',#9576);
#9576 = AXIS2_PLACEMENT_3D('',#9577,#9578,#9579);
#9577 = CARTESIAN_POINT('',(-1.929921463258,2.50080131033,0.));
#9578 = DIRECTION('',(-0.,-0.,-1.));
#9579 = DIRECTION('',(-1.,0.,0.));
#9580 = ADVANCED_FACE('',(#9581),#9591,.T.);
#9581 = FACE_BOUND('',#9582,.T.);
#9582 = EDGE_LOOP('',(#9583,#9584,#9585));
#9583 = ORIENTED_EDGE('',*,*,#6510,.F.);
#9584 = ORIENTED_EDGE('',*,*,#9563,.F.);
#9585 = ORIENTED_EDGE('',*,*,#9586,.T.);
#9586 = EDGE_CURVE('',#6887,#6511,#9587,.T.);
#9587 = LINE('',#9588,#9589);
#9588 = CARTESIAN_POINT('',(3.5,0.800000011921,0.));
#9589 = VECTOR('',#9590,1.);
#9590 = DIRECTION('',(0.994691793754,-0.102899151783,0.));
#9591 = PLANE('',#9592);
#9592 = AXIS2_PLACEMENT_3D('',#9593,#9594,#9595);
#9593 = CARTESIAN_POINT('',(4.878869031739,0.578868990016,0.));
#9594 = DIRECTION('',(-0.,-0.,-1.));
#9595 = DIRECTION('',(-1.,0.,0.));
#9596 = ADVANCED_FACE('',(#9597),#9602,.T.);
#9597 = FACE_BOUND('',#9598,.T.);
#9598 = EDGE_LOOP('',(#9599,#9600,#9601));
#9599 = ORIENTED_EDGE('',*,*,#8389,.F.);
#9600 = ORIENTED_EDGE('',*,*,#9586,.F.);
#9601 = ORIENTED_EDGE('',*,*,#6886,.F.);
#9602 = PLANE('',#9603);
#9603 = AXIS2_PLACEMENT_3D('',#9604,#9605,#9606);
#9604 = CARTESIAN_POINT('',(5.127196948662,0.723397404869,0.));
#9605 = DIRECTION('',(-0.,-0.,-1.));
#9606 = DIRECTION('',(-1.,0.,0.));
#9607 = ADVANCED_FACE('',(#9608),#9613,.T.);
#9608 = FACE_BOUND('',#9609,.T.);
#9609 = EDGE_LOOP('',(#9610,#9611,#9612));
#9610 = ORIENTED_EDGE('',*,*,#9375,.F.);
#9611 = ORIENTED_EDGE('',*,*,#6932,.F.);
#9612 = ORIENTED_EDGE('',*,*,#9570,.F.);
#9613 = PLANE('',#9614);
#9614 = AXIS2_PLACEMENT_3D('',#9615,#9616,#9617);
#9615 = CARTESIAN_POINT('',(-1.814540681885,2.744165520033,0.));
#9616 = DIRECTION('',(-0.,-0.,-1.));
#9617 = DIRECTION('',(-1.,0.,0.));
#9618 = ADVANCED_FACE('',(#9619),#9636,.T.);
#9619 = FACE_BOUND('',#9620,.T.);
#9620 = EDGE_LOOP('',(#9621,#9622,#9630));
#9621 = ORIENTED_EDGE('',*,*,#7097,.F.);
#9622 = ORIENTED_EDGE('',*,*,#9623,.T.);
#9623 = EDGE_CURVE('',#7090,#9624,#9626,.T.);
#9624 = VERTEX_POINT('',#9625);
#9625 = CARTESIAN_POINT('',(2.451555728912,-4.20246219635,0.));
#9626 = LINE('',#9627,#9628);
#9627 = CARTESIAN_POINT('',(3.5,-3.599999904633,0.));
#9628 = VECTOR('',#9629,1.);
#9629 = DIRECTION('',(-0.867046770864,-0.498226752729,0.));
#9630 = ORIENTED_EDGE('',*,*,#9631,.T.);
#9631 = EDGE_CURVE('',#9624,#7098,#9632,.T.);
#9632 = LINE('',#9633,#9634);
#9633 = CARTESIAN_POINT('',(2.451555728912,-4.20246219635,0.));
#9634 = VECTOR('',#9635,1.);
#9635 = DIRECTION('',(0.598755702392,0.800931712978,0.));
#9636 = PLANE('',#9637);
#9637 = AXIS2_PLACEMENT_3D('',#9638,#9639,#9640);
#9638 = CARTESIAN_POINT('',(3.087307023088,-3.565774706779,0.));
#9639 = DIRECTION('',(-0.,-0.,-1.));
#9640 = DIRECTION('',(-1.,0.,0.));
#9641 = ADVANCED_FACE('',(#9642),#9659,.T.);
#9642 = FACE_BOUND('',#9643,.T.);
#9643 = EDGE_LOOP('',(#9644,#9652,#9653));
#9644 = ORIENTED_EDGE('',*,*,#9645,.T.);
#9645 = EDGE_CURVE('',#9646,#7098,#9648,.T.);
#9646 = VERTEX_POINT('',#9647);
#9647 = CARTESIAN_POINT('',(2.42103934288,-4.209788799286,0.));
#9648 = LINE('',#9649,#9650);
#9649 = CARTESIAN_POINT('',(2.42103934288,-4.209788799286,0.));
#9650 = VECTOR('',#9651,1.);
#9651 = DIRECTION('',(0.607765272996,0.794116725009,0.));
#9652 = ORIENTED_EDGE('',*,*,#9631,.F.);
#9653 = ORIENTED_EDGE('',*,*,#9654,.T.);
#9654 = EDGE_CURVE('',#9624,#9646,#9655,.T.);
#9655 = LINE('',#9656,#9657);
#9656 = CARTESIAN_POINT('',(2.451555728912,-4.20246219635,0.));
#9657 = VECTOR('',#9658,1.);
#9658 = DIRECTION('',(-0.972367990289,-0.233453403192,0.));
#9659 = PLANE('',#9660);
#9660 = AXIS2_PLACEMENT_3D('',#9661,#9662,#9663);
#9661 = CARTESIAN_POINT('',(2.963405152884,-3.509277122798,0.));
#9662 = DIRECTION('',(-0.,-0.,-1.));
#9663 = DIRECTION('',(-1.,0.,0.));
#9664 = ADVANCED_FACE('',(#9665),#9675,.T.);
#9665 = FACE_BOUND('',#9666,.T.);
#9666 = EDGE_LOOP('',(#9667,#9668,#9669));
#9667 = ORIENTED_EDGE('',*,*,#9469,.F.);
#9668 = ORIENTED_EDGE('',*,*,#9645,.F.);
#9669 = ORIENTED_EDGE('',*,*,#9670,.T.);
#9670 = EDGE_CURVE('',#9646,#9461,#9671,.T.);
#9671 = LINE('',#9672,#9673);
#9672 = CARTESIAN_POINT('',(2.42103934288,-4.209788799286,0.));
#9673 = VECTOR('',#9674,1.);
#9674 = DIRECTION('',(-0.923878871673,-0.382685027766,0.));
#9675 = PLANE('',#9676);
#9676 = AXIS2_PLACEMENT_3D('',#9677,#9678,#9679);
#9677 = CARTESIAN_POINT('',(2.94846220339,-3.51407507113,0.));
#9678 = DIRECTION('',(-0.,-0.,-1.));
#9679 = DIRECTION('',(-1.,0.,0.));
#9680 = ADVANCED_FACE('',(#9681),#9698,.T.);
#9681 = FACE_BOUND('',#9682,.T.);
#9682 = EDGE_LOOP('',(#9683,#9684,#9692));
#9683 = ORIENTED_EDGE('',*,*,#7235,.F.);
#9684 = ORIENTED_EDGE('',*,*,#9685,.T.);
#9685 = EDGE_CURVE('',#7190,#9686,#9688,.T.);
#9686 = VERTEX_POINT('',#9687);
#9687 = CARTESIAN_POINT('',(6.400000095367,-4.199999809265,0.));
#9688 = LINE('',#9689,#9690);
#9689 = CARTESIAN_POINT('',(6.400000095367,-3.599999904633,0.));
#9690 = VECTOR('',#9691,1.);
#9691 = DIRECTION('',(0.,-1.,0.));
#9692 = ORIENTED_EDGE('',*,*,#9693,.T.);
#9693 = EDGE_CURVE('',#9686,#7090,#9694,.T.);
#9694 = LINE('',#9695,#9696);
#9695 = CARTESIAN_POINT('',(6.400000095367,-4.199999809265,0.));
#9696 = VECTOR('',#9697,1.);
#9697 = DIRECTION('',(-0.979260427218,0.202605566765,0.));
#9698 = PLANE('',#9699);
#9699 = AXIS2_PLACEMENT_3D('',#9700,#9701,#9702);
#9700 = CARTESIAN_POINT('',(5.084645384419,-3.765354520214,0.));
#9701 = DIRECTION('',(-0.,-0.,-1.));
#9702 = DIRECTION('',(-1.,0.,0.));
#9703 = ADVANCED_FACE('',(#9704),#9721,.T.);
#9704 = FACE_BOUND('',#9705,.T.);
#9705 = EDGE_LOOP('',(#9706,#9714,#9715));
#9706 = ORIENTED_EDGE('',*,*,#9707,.T.);
#9707 = EDGE_CURVE('',#9708,#7090,#9710,.T.);
#9708 = VERTEX_POINT('',#9709);
#9709 = CARTESIAN_POINT('',(2.482842683792,-4.199999809265,0.));
#9710 = LINE('',#9711,#9712);
#9711 = CARTESIAN_POINT('',(2.482842683792,-4.199999809265,0.));
#9712 = VECTOR('',#9713,1.);
#9713 = DIRECTION('',(0.86131480511,0.508071654886,0.));
#9714 = ORIENTED_EDGE('',*,*,#9693,.F.);
#9715 = ORIENTED_EDGE('',*,*,#9716,.T.);
#9716 = EDGE_CURVE('',#9686,#9708,#9717,.T.);
#9717 = LINE('',#9718,#9719);
#9718 = CARTESIAN_POINT('',(6.400000095367,-4.199999809265,0.));
#9719 = VECTOR('',#9720,1.);
#9720 = DIRECTION('',(-1.,0.,0.));
#9721 = PLANE('',#9722);
#9722 = AXIS2_PLACEMENT_3D('',#9723,#9724,#9725);
#9723 = CARTESIAN_POINT('',(4.415831458041,-4.045808571618,0.));
#9724 = DIRECTION('',(-0.,-0.,-1.));
#9725 = DIRECTION('',(-1.,0.,0.));
#9726 = ADVANCED_FACE('',(#9727),#9737,.T.);
#9727 = FACE_BOUND('',#9728,.T.);
#9728 = EDGE_LOOP('',(#9729,#9730,#9731));
#9729 = ORIENTED_EDGE('',*,*,#9623,.F.);
#9730 = ORIENTED_EDGE('',*,*,#9707,.F.);
#9731 = ORIENTED_EDGE('',*,*,#9732,.T.);
#9732 = EDGE_CURVE('',#9708,#9624,#9733,.T.);
#9733 = LINE('',#9734,#9735);
#9734 = CARTESIAN_POINT('',(2.482842683792,-4.199999809265,0.));
#9735 = VECTOR('',#9736,1.);
#9736 = DIRECTION('',(-0.996917208284,-7.846068969917E-02,0.));
#9737 = PLANE('',#9738);
#9738 = AXIS2_PLACEMENT_3D('',#9739,#9740,#9741);
#9739 = CARTESIAN_POINT('',(2.976815578113,-3.904518699939,0.));
#9740 = DIRECTION('',(-0.,-0.,-1.));
#9741 = DIRECTION('',(-1.,0.,0.));
#9742 = ADVANCED_FACE('',(#9743),#9760,.T.);
#9743 = FACE_BOUND('',#9744,.T.);
#9744 = EDGE_LOOP('',(#9745,#9746,#9754));
#9745 = ORIENTED_EDGE('',*,*,#7189,.F.);
#9746 = ORIENTED_EDGE('',*,*,#9747,.T.);
#9747 = EDGE_CURVE('',#7144,#9748,#9750,.T.);
#9748 = VERTEX_POINT('',#9749);
#9749 = CARTESIAN_POINT('',(7.48645734787,-3.272077798843,0.));
#9750 = LINE('',#9751,#9752);
#9751 = CARTESIAN_POINT('',(6.400000095367,-2.799999952316,0.));
#9752 = VECTOR('',#9753,1.);
#9753 = DIRECTION('',(0.91716105378,-0.398516751754,0.));
#9754 = ORIENTED_EDGE('',*,*,#9755,.T.);
#9755 = EDGE_CURVE('',#9748,#7190,#9756,.T.);
#9756 = LINE('',#9757,#9758);
#9757 = CARTESIAN_POINT('',(7.48645734787,-3.272077798843,0.));
#9758 = VECTOR('',#9759,1.);
#9759 = DIRECTION('',(-0.957343553261,-0.28895210854,0.));
#9760 = PLANE('',#9761);
#9761 = AXIS2_PLACEMENT_3D('',#9762,#9763,#9764);
#9762 = CARTESIAN_POINT('',(6.803914949348,-3.223608719138,0.));
#9763 = DIRECTION('',(-0.,-0.,-1.));
#9764 = DIRECTION('',(-1.,0.,0.));
#9765 = ADVANCED_FACE('',(#9766),#9783,.T.);
#9766 = FACE_BOUND('',#9767,.T.);
#9767 = EDGE_LOOP('',(#9768,#9776,#9777));
#9768 = ORIENTED_EDGE('',*,*,#9769,.T.);
#9769 = EDGE_CURVE('',#9770,#7190,#9772,.T.);
#9770 = VERTEX_POINT('',#9771);
#9771 = CARTESIAN_POINT('',(7.469606876373,-3.356789827347,0.));
#9772 = LINE('',#9773,#9774);
#9773 = CARTESIAN_POINT('',(7.469606876373,-3.356789827347,0.));
#9774 = VECTOR('',#9775,1.);
#9775 = DIRECTION('',(-0.975109675903,-0.221723070431,0.));
#9776 = ORIENTED_EDGE('',*,*,#9755,.F.);
#9777 = ORIENTED_EDGE('',*,*,#9778,.T.);
#9778 = EDGE_CURVE('',#9748,#9770,#9779,.T.);
#9779 = LINE('',#9780,#9781);
#9780 = CARTESIAN_POINT('',(7.48645734787,-3.272077798843,0.));
#9781 = VECTOR('',#9782,1.);
#9782 = DIRECTION('',(-0.195092564621,-0.980784834319,0.));
#9783 = PLANE('',#9784);
#9784 = AXIS2_PLACEMENT_3D('',#9785,#9786,#9787);
#9785 = CARTESIAN_POINT('',(6.959168236054,-3.451550147283,0.));
#9786 = DIRECTION('',(-0.,-0.,-1.));
#9787 = DIRECTION('',(-1.,0.,0.));
#9788 = ADVANCED_FACE('',(#9789),#9806,.T.);
#9789 = FACE_BOUND('',#9790,.T.);
#9790 = EDGE_LOOP('',(#9791,#9799,#9800));
#9791 = ORIENTED_EDGE('',*,*,#9792,.T.);
#9792 = EDGE_CURVE('',#9793,#7190,#9795,.T.);
#9793 = VERTEX_POINT('',#9794);
#9794 = CARTESIAN_POINT('',(7.446162223816,-3.439918756485,0.));
#9795 = LINE('',#9796,#9797);
#9796 = CARTESIAN_POINT('',(7.446162223816,-3.439918756485,0.));
#9797 = VECTOR('',#9798,1.);
#9798 = DIRECTION('',(-0.988494473546,-0.151256985853,0.));
#9799 = ORIENTED_EDGE('',*,*,#9769,.F.);
#9800 = ORIENTED_EDGE('',*,*,#9801,.T.);
#9801 = EDGE_CURVE('',#9770,#9793,#9802,.T.);
#9802 = LINE('',#9803,#9804);
#9803 = CARTESIAN_POINT('',(7.469606876373,-3.356789827347,0.));
#9804 = VECTOR('',#9805,1.);
#9805 = DIRECTION('',(-0.271439053609,-0.962455630237,0.));
#9806 = PLANE('',#9807);
#9807 = AXIS2_PLACEMENT_3D('',#9808,#9809,#9810);
#9808 = CARTESIAN_POINT('',(6.949423809767,-3.494934712974,0.));
#9809 = DIRECTION('',(-0.,-0.,-1.));
#9810 = DIRECTION('',(-1.,0.,0.));
#9811 = ADVANCED_FACE('',(#9812),#9827,.T.);
#9812 = FACE_BOUND('',#9813,.T.);
#9813 = EDGE_LOOP('',(#9814,#9820,#9821));
#9814 = ORIENTED_EDGE('',*,*,#9815,.T.);
#9815 = EDGE_CURVE('',#1204,#7697,#9816,.T.);
#9816 = LINE('',#9817,#9818);
#9817 = CARTESIAN_POINT('',(-2.282842636108,-5.5,0.));
#9818 = VECTOR('',#9819,1.);
#9819 = DIRECTION('',(0.755453886006,0.655201820906,0.));
#9820 = ORIENTED_EDGE('',*,*,#8140,.F.);
#9821 = ORIENTED_EDGE('',*,*,#9822,.T.);
#9822 = EDGE_CURVE('',#7932,#1204,#9823,.T.);
#9823 = LINE('',#9824,#9825);
#9824 = CARTESIAN_POINT('',(-2.141421318054,-5.441421508789,0.));
#9825 = VECTOR('',#9826,1.);
#9826 = DIRECTION('',(-0.92387984833,-0.382682669911,0.));
#9827 = PLANE('',#9828);
#9828 = AXIS2_PLACEMENT_3D('',#9829,#9830,#9831);
#9829 = CARTESIAN_POINT('',(-1.963895144813,-5.239489401842,0.));
#9830 = DIRECTION('',(-0.,-0.,-1.));
#9831 = DIRECTION('',(-1.,0.,0.));
#9832 = ADVANCED_FACE('',(#9833),#9843,.T.);
#9833 = FACE_BOUND('',#9834,.T.);
#9834 = EDGE_LOOP('',(#9835,#9841,#9842));
#9835 = ORIENTED_EDGE('',*,*,#9836,.T.);
#9836 = EDGE_CURVE('',#7930,#1204,#9837,.T.);
#9837 = LINE('',#9838,#9839);
#9838 = CARTESIAN_POINT('',(-2.165285587311,-5.461803436279,0.));
#9839 = VECTOR('',#9840,1.);
#9840 = DIRECTION('',(-0.951056603946,-0.309016724613,0.));
#9841 = ORIENTED_EDGE('',*,*,#9822,.F.);
#9842 = ORIENTED_EDGE('',*,*,#7929,.F.);
#9843 = PLANE('',#9844);
#9844 = AXIS2_PLACEMENT_3D('',#9845,#9846,#9847);
#9845 = CARTESIAN_POINT('',(-2.210931623886,-5.472854145078,0.));
#9846 = DIRECTION('',(-0.,-0.,-1.));
#9847 = DIRECTION('',(-1.,0.,0.));
#9848 = ADVANCED_FACE('',(#9849),#9859,.T.);
#9849 = FACE_BOUND('',#9850,.T.);
#9850 = EDGE_LOOP('',(#9851,#9857,#9858));
#9851 = ORIENTED_EDGE('',*,*,#9852,.T.);
#9852 = EDGE_CURVE('',#7976,#1204,#9853,.T.);
#9853 = LINE('',#9854,#9855);
#9854 = CARTESIAN_POINT('',(-2.192044496536,-5.478201389313,0.));
#9855 = VECTOR('',#9856,1.);
#9856 = DIRECTION('',(-0.972370148875,-0.233444412178,0.));
#9857 = ORIENTED_EDGE('',*,*,#9836,.F.);
#9858 = ORIENTED_EDGE('',*,*,#7975,.F.);
#9859 = PLANE('',#9860);
#9860 = AXIS2_PLACEMENT_3D('',#9861,#9862,#9863);
#9861 = CARTESIAN_POINT('',(-2.223357747829,-5.482607029019,0.));
#9862 = DIRECTION('',(-0.,-0.,-1.));
#9863 = DIRECTION('',(-1.,0.,0.));
#9864 = ADVANCED_FACE('',(#9865),#9875,.T.);
#9865 = FACE_BOUND('',#9866,.T.);
#9866 = EDGE_LOOP('',(#9867,#9868,#9869));
#9867 = ORIENTED_EDGE('',*,*,#9852,.F.);
#9868 = ORIENTED_EDGE('',*,*,#8014,.F.);
#9869 = ORIENTED_EDGE('',*,*,#9870,.T.);
#9870 = EDGE_CURVE('',#8015,#1204,#9871,.T.);
#9871 = LINE('',#9872,#9873);
#9872 = CARTESIAN_POINT('',(-2.221039295197,-5.490211486816,0.));
#9873 = VECTOR('',#9874,1.);
#9874 = DIRECTION('',(-0.987688771167,-0.156431746492,0.));
#9875 = PLANE('',#9876);
#9876 = AXIS2_PLACEMENT_3D('',#9877,#9878,#9879);
#9877 = CARTESIAN_POINT('',(-2.237109113723,-5.490286576451,0.));
#9878 = DIRECTION('',(-0.,-0.,-1.));
#9879 = DIRECTION('',(-1.,0.,0.));
#9880 = ADVANCED_FACE('',(#9881),#9886,.T.);
#9881 = FACE_BOUND('',#9882,.T.);
#9882 = EDGE_LOOP('',(#9883,#9884,#9885));
#9883 = ORIENTED_EDGE('',*,*,#8092,.F.);
#9884 = ORIENTED_EDGE('',*,*,#9870,.F.);
#9885 = ORIENTED_EDGE('',*,*,#8053,.F.);
#9886 = PLANE('',#9887);
#9887 = AXIS2_PLACEMENT_3D('',#9888,#9889,#9890);
#9888 = CARTESIAN_POINT('',(-2.251844527066,-5.495714644672,0.));
#9889 = DIRECTION('',(-0.,-0.,-1.));
#9890 = DIRECTION('',(-1.,0.,0.));
#9891 = ADVANCED_FACE('',(#9892),#9902,.T.);
#9892 = FACE_BOUND('',#9893,.T.);
#9893 = EDGE_LOOP('',(#9894,#9895,#9896));
#9894 = ORIENTED_EDGE('',*,*,#9815,.F.);
#9895 = ORIENTED_EDGE('',*,*,#1212,.F.);
#9896 = ORIENTED_EDGE('',*,*,#9897,.T.);
#9897 = EDGE_CURVE('',#1182,#7697,#9898,.T.);
#9898 = LINE('',#9899,#9900);
#9899 = CARTESIAN_POINT('',(-6.400000095367,-5.5,0.));
#9900 = VECTOR('',#9901,1.);
#9901 = DIRECTION('',(0.993543431755,0.113452409479,0.));
#9902 = PLANE('',#9903);
#9903 = AXIS2_PLACEMENT_3D('',#9904,#9905,#9906);
#9904 = CARTESIAN_POINT('',(-3.98647268793,-5.344006162848,0.));
#9905 = DIRECTION('',(-0.,-0.,-1.));
#9906 = DIRECTION('',(-1.,0.,0.));
#9907 = ADVANCED_FACE('',(#9908),#9923,.T.);
#9908 = FACE_BOUND('',#9909,.T.);
#9909 = EDGE_LOOP('',(#9910,#9916,#9917));
#9910 = ORIENTED_EDGE('',*,*,#9911,.T.);
#9911 = EDGE_CURVE('',#2140,#7697,#9912,.T.);
#9912 = LINE('',#9913,#9914);
#9913 = CARTESIAN_POINT('',(-7.5,-4.400000095367,0.));
#9914 = VECTOR('',#9915,1.);
#9915 = DIRECTION('',(0.995459168319,-9.518951732593E-02,0.));
#9916 = ORIENTED_EDGE('',*,*,#9897,.F.);
#9917 = ORIENTED_EDGE('',*,*,#9918,.T.);
#9918 = EDGE_CURVE('',#1182,#2140,#9919,.T.);
#9919 = LINE('',#9920,#9921);
#9920 = CARTESIAN_POINT('',(-6.400000095367,-5.5,0.));
#9921 = VECTOR('',#9922,1.);
#9922 = DIRECTION('',(-0.707106781187,0.707106781187,0.));
#9923 = PLANE('',#9924);
#9924 = AXIS2_PLACEMENT_3D('',#9925,#9926,#9927);
#9925 = CARTESIAN_POINT('',(-4.666468503687,-4.929032809977,0.));
#9926 = DIRECTION('',(-0.,-0.,-1.));
#9927 = DIRECTION('',(-1.,0.,0.));
#9928 = ADVANCED_FACE('',(#9929),#9934,.T.);
#9929 = FACE_BOUND('',#9930,.T.);
#9930 = EDGE_LOOP('',(#9931,#9932,#9933));
#9931 = ORIENTED_EDGE('',*,*,#7727,.F.);
#9932 = ORIENTED_EDGE('',*,*,#9911,.F.);
#9933 = ORIENTED_EDGE('',*,*,#8534,.F.);
#9934 = PLANE('',#9935);
#9935 = AXIS2_PLACEMENT_3D('',#9936,#9937,#9938);
#9936 = CARTESIAN_POINT('',(-4.565521321344,-4.674914320221,0.));
#9937 = DIRECTION('',(-0.,-0.,-1.));
#9938 = DIRECTION('',(-1.,0.,0.));
#9939 = ADVANCED_FACE('',(#9940),#9950,.T.);
#9940 = FACE_BOUND('',#9941,.T.);
#9941 = EDGE_LOOP('',(#9942,#9943,#9944));
#9942 = ORIENTED_EDGE('',*,*,#1265,.F.);
#9943 = ORIENTED_EDGE('',*,*,#1311,.F.);
#9944 = ORIENTED_EDGE('',*,*,#9945,.T.);
#9945 = EDGE_CURVE('',#1312,#1182,#9946,.T.);
#9946 = LINE('',#9947,#9948);
#9947 = CARTESIAN_POINT('',(-6.57207775116,-5.48645734787,0.));
#9948 = VECTOR('',#9949,1.);
#9949 = DIRECTION('',(0.996917403103,-7.845821429018E-02,0.));
#9950 = PLANE('',#9951);
#9951 = AXIS2_PLACEMENT_3D('',#9952,#9953,#9954);
#9952 = CARTESIAN_POINT('',(-6.486105462176,-5.494074139246,0.));
#9953 = DIRECTION('',(-0.,-0.,-1.));
#9954 = DIRECTION('',(-1.,0.,0.));
#9955 = ADVANCED_FACE('',(#9956),#9966,.T.);
#9956 = FACE_BOUND('',#9957,.T.);
#9957 = EDGE_LOOP('',(#9958,#9964,#9965));
#9958 = ORIENTED_EDGE('',*,*,#9959,.T.);
#9959 = EDGE_CURVE('',#1358,#1182,#9960,.T.);
#9960 = LINE('',#9961,#9962);
#9961 = CARTESIAN_POINT('',(-6.656789779663,-5.469606876373,0.));
#9962 = VECTOR('',#9963,1.);
#9963 = DIRECTION('',(0.993068429139,-0.117537632477,0.));
#9964 = ORIENTED_EDGE('',*,*,#9945,.F.);
#9965 = ORIENTED_EDGE('',*,*,#1357,.F.);
#9966 = PLANE('',#9967);
#9967 = AXIS2_PLACEMENT_3D('',#9968,#9969,#9970);
#9968 = CARTESIAN_POINT('',(-6.528627289586,-5.486483284293,0.));
#9969 = DIRECTION('',(-0.,-0.,-1.));
#9970 = DIRECTION('',(-1.,0.,0.));
#9971 = ADVANCED_FACE('',(#9972),#9982,.T.);
#9972 = FACE_BOUND('',#9973,.T.);
#9973 = EDGE_LOOP('',(#9974,#9980,#9981));
#9974 = ORIENTED_EDGE('',*,*,#9975,.T.);
#9975 = EDGE_CURVE('',#1404,#1182,#9976,.T.);
#9976 = LINE('',#9977,#9978);
#9977 = CARTESIAN_POINT('',(-6.739918708801,-5.446162223816,0.));
#9978 = VECTOR('',#9979,1.);
#9979 = DIRECTION('',(0.987688359972,-0.156434342699,0.));
#9980 = ORIENTED_EDGE('',*,*,#9959,.F.);
#9981 = ORIENTED_EDGE('',*,*,#1403,.F.);
#9982 = PLANE('',#9983);
#9983 = AXIS2_PLACEMENT_3D('',#9984,#9985,#9986);
#9984 = CARTESIAN_POINT('',(-6.570455485459,-5.475575099362,0.));
#9985 = DIRECTION('',(-0.,-0.,-1.));
#9986 = DIRECTION('',(-1.,0.,0.));
#9987 = ADVANCED_FACE('',(#9988),#9998,.T.);
#9988 = FACE_BOUND('',#9989,.T.);
#9989 = EDGE_LOOP('',(#9990,#9991,#9992));
#9990 = ORIENTED_EDGE('',*,*,#9975,.F.);
#9991 = ORIENTED_EDGE('',*,*,#1449,.F.);
#9992 = ORIENTED_EDGE('',*,*,#9993,.T.);
#9993 = EDGE_CURVE('',#1450,#1182,#9994,.T.);
#9994 = LINE('',#9995,#9996);
#9995 = CARTESIAN_POINT('',(-6.820951938629,-5.41626739502,0.));
#9996 = VECTOR('',#9997,1.);
#9997 = DIRECTION('',(0.980785245949,-0.19509049523,0.));
#9998 = PLANE('',#9999);
#9999 = AXIS2_PLACEMENT_3D('',#10000,#10001,#10002);
#10000 = CARTESIAN_POINT('',(-6.611331711639,-5.461412887588,0.));
#10001 = DIRECTION('',(-0.,-0.,-1.));
#10002 = DIRECTION('',(-1.,0.,0.));
#10003 = ADVANCED_FACE('',(#10004),#10014,.T.);
#10004 = FACE_BOUND('',#10005,.T.);
#10005 = EDGE_LOOP('',(#10006,#10012,#10013));
#10006 = ORIENTED_EDGE('',*,*,#10007,.T.);
#10007 = EDGE_CURVE('',#1496,#1182,#10008,.T.);
#10008 = LINE('',#10009,#10010);
#10009 = CARTESIAN_POINT('',(-6.899389743805,-5.380107402802,0.));
#10010 = VECTOR('',#10011,1.);
#10011 = DIRECTION('',(0.972370030848,-0.233444903796,0.));
#10012 = ORIENTED_EDGE('',*,*,#9993,.F.);
#10013 = ORIENTED_EDGE('',*,*,#1495,.F.);
#10014 = PLANE('',#10015);
#10015 = AXIS2_PLACEMENT_3D('',#10016,#10017,#10018);
#10016 = CARTESIAN_POINT('',(-6.651003196515,-5.444080186417,0.));
#10017 = DIRECTION('',(-0.,-0.,-1.));
#10018 = DIRECTION('',(-1.,0.,0.));
#10019 = ADVANCED_FACE('',(#10020),#10030,.T.);
#10020 = FACE_BOUND('',#10021,.T.);
#10021 = EDGE_LOOP('',(#10022,#10028,#10029));
#10022 = ORIENTED_EDGE('',*,*,#10023,.T.);
#10023 = EDGE_CURVE('',#1542,#1182,#10024,.T.);
#10024 = LINE('',#10025,#10026);
#10025 = CARTESIAN_POINT('',(-6.97474861145,-5.33790397644,0.));
#10026 = VECTOR('',#10027,1.);
#10027 = DIRECTION('',(0.962455158763,-0.271440725334,0.));
#10028 = ORIENTED_EDGE('',*,*,#10007,.F.);
#10029 = ORIENTED_EDGE('',*,*,#1541,.F.);
#10030 = PLANE('',#10031);
#10031 = AXIS2_PLACEMENT_3D('',#10032,#10033,#10034);
#10032 = CARTESIAN_POINT('',(-6.68922478834,-5.423679785805,0.));
#10033 = DIRECTION('',(-0.,-0.,-1.));
#10034 = DIRECTION('',(-1.,0.,0.));
#10035 = ADVANCED_FACE('',(#10036),#10046,.T.);
#10036 = FACE_BOUND('',#10037,.T.);
#10037 = EDGE_LOOP('',(#10038,#10039,#10040));
#10038 = ORIENTED_EDGE('',*,*,#10023,.F.);
#10039 = ORIENTED_EDGE('',*,*,#1587,.F.);
#10040 = ORIENTED_EDGE('',*,*,#10041,.T.);
#10041 = EDGE_CURVE('',#1588,#1182,#10042,.T.);
#10042 = LINE('',#10043,#10044);
#10043 = CARTESIAN_POINT('',(-7.046563625336,-5.289918899536,0.));
#10044 = VECTOR('',#10045,1.);
#10045 = DIRECTION('',(0.951056570457,-0.309016827681,0.));
#10046 = PLANE('',#10047);
#10047 = AXIS2_PLACEMENT_3D('',#10048,#10049,#10050);
#10048 = CARTESIAN_POINT('',(-6.725759509572,-5.400333896703,0.));
#10049 = DIRECTION('',(-0.,-0.,-1.));
#10050 = DIRECTION('',(-1.,0.,0.));
#10051 = ADVANCED_FACE('',(#10052),#10062,.T.);
#10052 = FACE_BOUND('',#10053,.T.);
#10053 = EDGE_LOOP('',(#10054,#10060,#10061));
#10054 = ORIENTED_EDGE('',*,*,#10055,.T.);
#10055 = EDGE_CURVE('',#1634,#1182,#10056,.T.);
#10056 = LINE('',#10057,#10058);
#10057 = CARTESIAN_POINT('',(-7.114392757416,-5.236446380615,0.));
#10058 = VECTOR('',#10059,1.);
#10059 = DIRECTION('',(0.938191228435,-0.346117348434,0.));
#10060 = ORIENTED_EDGE('',*,*,#10041,.F.);
#10061 = ORIENTED_EDGE('',*,*,#1633,.F.);
#10062 = PLANE('',#10063);
#10063 = AXIS2_PLACEMENT_3D('',#10064,#10065,#10066);
#10064 = CARTESIAN_POINT('',(-6.76038172499,-5.374182443757,0.));
#10065 = DIRECTION('',(-0.,-0.,-1.));
#10066 = DIRECTION('',(-1.,0.,0.));
#10067 = ADVANCED_FACE('',(#10068),#10078,.T.);
#10068 = FACE_BOUND('',#10069,.T.);
#10069 = EDGE_LOOP('',(#10070,#10076,#10077));
#10070 = ORIENTED_EDGE('',*,*,#10071,.T.);
#10071 = EDGE_CURVE('',#1680,#1182,#10072,.T.);
#10072 = LINE('',#10073,#10074);
#10073 = CARTESIAN_POINT('',(-7.177817344666,-5.177817344666,0.));
#10074 = VECTOR('',#10075,1.);
#10075 = DIRECTION('',(0.923879447839,-0.382683636783,0.));
#10076 = ORIENTED_EDGE('',*,*,#10055,.F.);
#10077 = ORIENTED_EDGE('',*,*,#1679,.F.);
#10078 = PLANE('',#10079);
#10079 = AXIS2_PLACEMENT_3D('',#10080,#10081,#10082);
#10080 = CARTESIAN_POINT('',(-6.792876232753,-5.345383065484,0.));
#10081 = DIRECTION('',(-0.,-0.,-1.));
#10082 = DIRECTION('',(-1.,0.,0.));
#10083 = ADVANCED_FACE('',(#10084),#10094,.T.);
#10084 = FACE_BOUND('',#10085,.T.);
#10085 = EDGE_LOOP('',(#10086,#10087,#10088));
#10086 = ORIENTED_EDGE('',*,*,#10071,.F.);
#10087 = ORIENTED_EDGE('',*,*,#1725,.F.);
#10088 = ORIENTED_EDGE('',*,*,#10089,.T.);
#10089 = EDGE_CURVE('',#1726,#1182,#10090,.T.);
#10090 = LINE('',#10091,#10092);
#10091 = CARTESIAN_POINT('',(-7.236446380615,-5.114392757416,0.));
#10092 = VECTOR('',#10093,1.);
#10093 = DIRECTION('',(0.908143081605,-0.418659937578,0.));
#10094 = PLANE('',#10095);
#10095 = AXIS2_PLACEMENT_3D('',#10096,#10097,#10098);
#10096 = CARTESIAN_POINT('',(-6.823041556633,-5.314109698225,0.));
#10097 = DIRECTION('',(-0.,-0.,-1.));
#10098 = DIRECTION('',(-1.,0.,0.));
#10099 = ADVANCED_FACE('',(#10100),#10110,.T.);
#10100 = FACE_BOUND('',#10101,.T.);
#10101 = EDGE_LOOP('',(#10102,#10108,#10109));
#10102 = ORIENTED_EDGE('',*,*,#10103,.T.);
#10103 = EDGE_CURVE('',#1772,#1182,#10104,.T.);
#10104 = LINE('',#10105,#10106);
#10105 = CARTESIAN_POINT('',(-7.289918899536,-5.046563625336,0.));
#10106 = VECTOR('',#10107,1.);
#10107 = DIRECTION('',(0.891006485326,-0.453990576012,0.));
#10108 = ORIENTED_EDGE('',*,*,#10089,.F.);
#10109 = ORIENTED_EDGE('',*,*,#1771,.F.);
#10110 = PLANE('',#10111);
#10111 = AXIS2_PLACEMENT_3D('',#10112,#10113,#10114);
#10112 = CARTESIAN_POINT('',(-6.850690352251,-5.280551388979,0.));
#10113 = DIRECTION('',(-0.,-0.,-1.));
#10114 = DIRECTION('',(-1.,0.,0.));
#10115 = ADVANCED_FACE('',(#10116),#10126,.T.);
#10116 = FACE_BOUND('',#10117,.T.);
#10117 = EDGE_LOOP('',(#10118,#10124,#10125));
#10118 = ORIENTED_EDGE('',*,*,#10119,.T.);
#10119 = EDGE_CURVE('',#1818,#1182,#10120,.T.);
#10120 = LINE('',#10121,#10122);
#10121 = CARTESIAN_POINT('',(-7.33790397644,-4.97474861145,0.));
#10122 = VECTOR('',#10123,1.);
#10123 = DIRECTION('',(0.872496015962,-0.488621225625,0.));
#10124 = ORIENTED_EDGE('',*,*,#10103,.F.);
#10125 = ORIENTED_EDGE('',*,*,#1817,.F.);
#10126 = PLANE('',#10127);
#10127 = AXIS2_PLACEMENT_3D('',#10128,#10129,#10130);
#10128 = CARTESIAN_POINT('',(-6.875649995748,-5.24491175872,0.));
#10129 = DIRECTION('',(-0.,-0.,-1.));
#10130 = DIRECTION('',(-1.,0.,0.));
#10131 = ADVANCED_FACE('',(#10132),#10142,.T.);
#10132 = FACE_BOUND('',#10133,.T.);
#10133 = EDGE_LOOP('',(#10134,#10135,#10136));
#10134 = ORIENTED_EDGE('',*,*,#10119,.F.);
#10135 = ORIENTED_EDGE('',*,*,#1863,.F.);
#10136 = ORIENTED_EDGE('',*,*,#10137,.T.);
#10137 = EDGE_CURVE('',#1864,#1182,#10138,.T.);
#10138 = LINE('',#10139,#10140);
#10139 = CARTESIAN_POINT('',(-7.380107402802,-4.899389743805,0.));
#10140 = VECTOR('',#10141,1.);
#10141 = DIRECTION('',(0.852640270648,-0.52249839126,0.));
#10142 = PLANE('',#10143);
#10143 = AXIS2_PLACEMENT_3D('',#10144,#10145,#10146);
#10144 = CARTESIAN_POINT('',(-6.897765503327,-5.207406659992,0.));
#10145 = DIRECTION('',(-0.,-0.,-1.));
#10146 = DIRECTION('',(-1.,0.,0.));
#10147 = ADVANCED_FACE('',(#10148),#10158,.T.);
#10148 = FACE_BOUND('',#10149,.T.);
#10149 = EDGE_LOOP('',(#10150,#10156,#10157));
#10150 = ORIENTED_EDGE('',*,*,#10151,.T.);
#10151 = EDGE_CURVE('',#1910,#1182,#10152,.T.);
#10152 = LINE('',#10153,#10154);
#10153 = CARTESIAN_POINT('',(-7.41626739502,-4.820951938629,0.));
#10154 = VECTOR('',#10155,1.);
#10155 = DIRECTION('',(0.831469626919,-0.555570211145,0.));
#10156 = ORIENTED_EDGE('',*,*,#10137,.F.);
#10157 = ORIENTED_EDGE('',*,*,#1909,.F.);
#10158 = PLANE('',#10159);
#10159 = AXIS2_PLACEMENT_3D('',#10160,#10161,#10162);
#10160 = CARTESIAN_POINT('',(-6.916898062171,-5.168264109572,0.));
#10161 = DIRECTION('',(-0.,-0.,-1.));
#10162 = DIRECTION('',(-1.,0.,0.));
#10163 = ADVANCED_FACE('',(#10164),#10174,.T.);
#10164 = FACE_BOUND('',#10165,.T.);
#10165 = EDGE_LOOP('',(#10166,#10172,#10173));
#10166 = ORIENTED_EDGE('',*,*,#10167,.T.);
#10167 = EDGE_CURVE('',#1956,#1182,#10168,.T.);
#10168 = LINE('',#10169,#10170);
#10169 = CARTESIAN_POINT('',(-7.446162223816,-4.739918708801,0.));
#10170 = VECTOR('',#10171,1.);
#10171 = DIRECTION('',(0.80901698934,-0.587785259223,0.));
#10172 = ORIENTED_EDGE('',*,*,#10151,.F.);
#10173 = ORIENTED_EDGE('',*,*,#1955,.F.);
#10174 = PLANE('',#10175);
#10175 = AXIS2_PLACEMENT_3D('',#10176,#10177,#10178);
#10176 = CARTESIAN_POINT('',(-6.932927929596,-5.127721930147,0.));
#10177 = DIRECTION('',(-0.,-0.,-1.));
#10178 = DIRECTION('',(-1.,0.,0.));
#10179 = ADVANCED_FACE('',(#10180),#10190,.T.);
#10180 = FACE_BOUND('',#10181,.T.);
#10181 = EDGE_LOOP('',(#10182,#10183,#10184));
#10182 = ORIENTED_EDGE('',*,*,#10167,.F.);
#10183 = ORIENTED_EDGE('',*,*,#2001,.F.);
#10184 = ORIENTED_EDGE('',*,*,#10185,.T.);
#10185 = EDGE_CURVE('',#2002,#1182,#10186,.T.);
#10186 = LINE('',#10187,#10188);
#10187 = CARTESIAN_POINT('',(-7.469606876373,-4.656789779663,0.));
#10188 = VECTOR('',#10189,1.);
#10189 = DIRECTION('',(0.785316850853,-0.619094050824,0.));
#10190 = PLANE('',#10191);
#10191 = AXIS2_PLACEMENT_3D('',#10192,#10193,#10194);
#10192 = CARTESIAN_POINT('',(-6.94575401437,-5.086026971253,0.));
#10193 = DIRECTION('',(-0.,-0.,-1.));
#10194 = DIRECTION('',(-1.,0.,0.));
#10195 = ADVANCED_FACE('',(#10196),#10206,.T.);
#10196 = FACE_BOUND('',#10197,.T.);
#10197 = EDGE_LOOP('',(#10198,#10204,#10205));
#10198 = ORIENTED_EDGE('',*,*,#10199,.T.);
#10199 = EDGE_CURVE('',#2048,#1182,#10200,.T.);
#10200 = LINE('',#10201,#10202);
#10201 = CARTESIAN_POINT('',(-7.48645734787,-4.57207775116,0.));
#10202 = VECTOR('',#10203,1.);
#10203 = DIRECTION('',(0.760405933146,-0.649448086329,0.));
#10204 = ORIENTED_EDGE('',*,*,#10185,.F.);
#10205 = ORIENTED_EDGE('',*,*,#2047,.F.);
#10206 = PLANE('',#10207);
#10207 = AXIS2_PLACEMENT_3D('',#10208,#10209,#10210);
#10208 = CARTESIAN_POINT('',(-6.955294990599,-5.043433112623,0.));
#10209 = DIRECTION('',(-0.,-0.,-1.));
#10210 = DIRECTION('',(-1.,0.,0.));
#10211 = ADVANCED_FACE('',(#10212),#10222,.T.);
#10212 = FACE_BOUND('',#10213,.T.);
#10213 = EDGE_LOOP('',(#10214,#10220,#10221));
#10214 = ORIENTED_EDGE('',*,*,#10215,.T.);
#10215 = EDGE_CURVE('',#2094,#1182,#10216,.T.);
#10216 = LINE('',#10217,#10218);
#10217 = CARTESIAN_POINT('',(-7.496609210968,-4.486305236816,0.));
#10218 = VECTOR('',#10219,1.);
#10219 = DIRECTION('',(0.734322601674,-0.67880064575,0.));
#10220 = ORIENTED_EDGE('',*,*,#10199,.F.);
#10221 = ORIENTED_EDGE('',*,*,#2093,.F.);
#10222 = PLANE('',#10223);
#10223 = AXIS2_PLACEMENT_3D('',#10224,#10225,#10226);
#10224 = CARTESIAN_POINT('',(-6.961489511086,-5.000200073027,0.));
#10225 = DIRECTION('',(-0.,-0.,-1.));
#10226 = DIRECTION('',(-1.,0.,0.));
#10227 = ADVANCED_FACE('',(#10228),#10233,.T.);
#10228 = FACE_BOUND('',#10229,.T.);
#10229 = EDGE_LOOP('',(#10230,#10231,#10232));
#10230 = ORIENTED_EDGE('',*,*,#10215,.F.);
#10231 = ORIENTED_EDGE('',*,*,#2139,.F.);
#10232 = ORIENTED_EDGE('',*,*,#9918,.F.);
#10233 = PLANE('',#10234);
#10234 = AXIS2_PLACEMENT_3D('',#10235,#10236,#10237);
#10235 = CARTESIAN_POINT('',(-6.964296989286,-4.956591014255,0.));
#10236 = DIRECTION('',(-0.,-0.,-1.));
#10237 = DIRECTION('',(-1.,0.,0.));
#10238 = ADVANCED_FACE('',(#10239),#10256,.T.);
#10239 = FACE_BOUND('',#10240,.T.);
#10240 = EDGE_LOOP('',(#10241,#10242,#10250));
#10241 = ORIENTED_EDGE('',*,*,#9338,.F.);
#10242 = ORIENTED_EDGE('',*,*,#10243,.T.);
#10243 = EDGE_CURVE('',#8459,#10244,#10246,.T.);
#10244 = VERTEX_POINT('',#10245);
#10245 = CARTESIAN_POINT('',(-7.496609210968,4.486305236816,0.));
#10246 = LINE('',#10247,#10248);
#10247 = CARTESIAN_POINT('',(-7.5,4.400000095367,0.));
#10248 = VECTOR('',#10249,1.);
#10249 = DIRECTION('',(3.925809087884E-02,0.99922910401,0.));
#10250 = ORIENTED_EDGE('',*,*,#10251,.T.);
#10251 = EDGE_CURVE('',#10244,#8579,#10252,.T.);
#10252 = LINE('',#10253,#10254);
#10253 = CARTESIAN_POINT('',(-7.496609210968,4.486305236816,0.));
#10254 = VECTOR('',#10255,1.);
#10255 = DIRECTION('',(0.734322601674,0.67880064575,0.));
#10256 = PLANE('',#10257);
#10257 = AXIS2_PLACEMENT_3D('',#10258,#10259,#10260);
#10258 = CARTESIAN_POINT('',(-6.964296989286,4.956591014255,0.));
#10259 = DIRECTION('',(-0.,-0.,-1.));
#10260 = DIRECTION('',(-1.,0.,0.));
#10261 = ADVANCED_FACE('',(#10262),#10279,.T.);
#10262 = FACE_BOUND('',#10263,.T.);
#10263 = EDGE_LOOP('',(#10264,#10272,#10273));
#10264 = ORIENTED_EDGE('',*,*,#10265,.T.);
#10265 = EDGE_CURVE('',#10266,#8579,#10268,.T.);
#10266 = VERTEX_POINT('',#10267);
#10267 = CARTESIAN_POINT('',(-7.48645734787,4.57207775116,0.));
#10268 = LINE('',#10269,#10270);
#10269 = CARTESIAN_POINT('',(-7.48645734787,4.57207775116,0.));
#10270 = VECTOR('',#10271,1.);
#10271 = DIRECTION('',(0.760405933146,0.649448086329,0.));
#10272 = ORIENTED_EDGE('',*,*,#10251,.F.);
#10273 = ORIENTED_EDGE('',*,*,#10274,.T.);
#10274 = EDGE_CURVE('',#10244,#10266,#10275,.T.);
#10275 = LINE('',#10276,#10277);
#10276 = CARTESIAN_POINT('',(-7.496609210968,4.486305236816,0.));
#10277 = VECTOR('',#10278,1.);
#10278 = DIRECTION('',(0.117537591915,0.993068433939,0.));
#10279 = PLANE('',#10280);
#10280 = AXIS2_PLACEMENT_3D('',#10281,#10282,#10283);
#10281 = CARTESIAN_POINT('',(-6.961489511086,5.000200073027,0.));
#10282 = DIRECTION('',(-0.,-0.,-1.));
#10283 = DIRECTION('',(-1.,0.,0.));
#10284 = ADVANCED_FACE('',(#10285),#10302,.T.);
#10285 = FACE_BOUND('',#10286,.T.);
#10286 = EDGE_LOOP('',(#10287,#10295,#10296));
#10287 = ORIENTED_EDGE('',*,*,#10288,.T.);
#10288 = EDGE_CURVE('',#10289,#8579,#10291,.T.);
#10289 = VERTEX_POINT('',#10290);
#10290 = CARTESIAN_POINT('',(-7.469606876373,4.656789779663,0.));
#10291 = LINE('',#10292,#10293);
#10292 = CARTESIAN_POINT('',(-7.469606876373,4.656789779663,0.));
#10293 = VECTOR('',#10294,1.);
#10294 = DIRECTION('',(0.785316850853,0.619094050824,0.));
#10295 = ORIENTED_EDGE('',*,*,#10265,.F.);
#10296 = ORIENTED_EDGE('',*,*,#10297,.T.);
#10297 = EDGE_CURVE('',#10266,#10289,#10298,.T.);
#10298 = LINE('',#10299,#10300);
#10299 = CARTESIAN_POINT('',(-7.48645734787,4.57207775116,0.));
#10300 = VECTOR('',#10301,1.);
#10301 = DIRECTION('',(0.195092564621,0.980784834319,0.));
#10302 = PLANE('',#10303);
#10303 = AXIS2_PLACEMENT_3D('',#10304,#10305,#10306);
#10304 = CARTESIAN_POINT('',(-6.955294990599,5.043433112623,0.));
#10305 = DIRECTION('',(-0.,-0.,-1.));
#10306 = DIRECTION('',(-1.,0.,0.));
#10307 = ADVANCED_FACE('',(#10308),#10325,.T.);
#10308 = FACE_BOUND('',#10309,.T.);
#10309 = EDGE_LOOP('',(#10310,#10311,#10319));
#10310 = ORIENTED_EDGE('',*,*,#10288,.F.);
#10311 = ORIENTED_EDGE('',*,*,#10312,.T.);
#10312 = EDGE_CURVE('',#10289,#10313,#10315,.T.);
#10313 = VERTEX_POINT('',#10314);
#10314 = CARTESIAN_POINT('',(-7.446162223816,4.739918708801,0.));
#10315 = LINE('',#10316,#10317);
#10316 = CARTESIAN_POINT('',(-7.469606876373,4.656789779663,0.));
#10317 = VECTOR('',#10318,1.);
#10318 = DIRECTION('',(0.271439053609,0.962455630237,0.));
#10319 = ORIENTED_EDGE('',*,*,#10320,.T.);
#10320 = EDGE_CURVE('',#10313,#8579,#10321,.T.);
#10321 = LINE('',#10322,#10323);
#10322 = CARTESIAN_POINT('',(-7.446162223816,4.739918708801,0.));
#10323 = VECTOR('',#10324,1.);
#10324 = DIRECTION('',(0.80901698934,0.587785259223,0.));
#10325 = PLANE('',#10326);
#10326 = AXIS2_PLACEMENT_3D('',#10327,#10328,#10329);
#10327 = CARTESIAN_POINT('',(-6.94575401437,5.086026971253,0.));
#10328 = DIRECTION('',(-0.,-0.,-1.));
#10329 = DIRECTION('',(-1.,0.,0.));
#10330 = ADVANCED_FACE('',(#10331),#10348,.T.);
#10331 = FACE_BOUND('',#10332,.T.);
#10332 = EDGE_LOOP('',(#10333,#10341,#10342));
#10333 = ORIENTED_EDGE('',*,*,#10334,.T.);
#10334 = EDGE_CURVE('',#10335,#8579,#10337,.T.);
#10335 = VERTEX_POINT('',#10336);
#10336 = CARTESIAN_POINT('',(-7.41626739502,4.820951938629,0.));
#10337 = LINE('',#10338,#10339);
#10338 = CARTESIAN_POINT('',(-7.41626739502,4.820951938629,0.));
#10339 = VECTOR('',#10340,1.);
#10340 = DIRECTION('',(0.831469626919,0.555570211145,0.));
#10341 = ORIENTED_EDGE('',*,*,#10320,.F.);
#10342 = ORIENTED_EDGE('',*,*,#10343,.T.);
#10343 = EDGE_CURVE('',#10313,#10335,#10344,.T.);
#10344 = LINE('',#10345,#10346);
#10345 = CARTESIAN_POINT('',(-7.446162223816,4.739918708801,0.));
#10346 = VECTOR('',#10347,1.);
#10347 = DIRECTION('',(0.346117994838,0.938190989964,0.));
#10348 = PLANE('',#10349);
#10349 = AXIS2_PLACEMENT_3D('',#10350,#10351,#10352);
#10350 = CARTESIAN_POINT('',(-6.932927929596,5.127721930147,0.));
#10351 = DIRECTION('',(-0.,-0.,-1.));
#10352 = DIRECTION('',(-1.,0.,0.));
#10353 = ADVANCED_FACE('',(#10354),#10371,.T.);
#10354 = FACE_BOUND('',#10355,.T.);
#10355 = EDGE_LOOP('',(#10356,#10364,#10365));
#10356 = ORIENTED_EDGE('',*,*,#10357,.T.);
#10357 = EDGE_CURVE('',#10358,#8579,#10360,.T.);
#10358 = VERTEX_POINT('',#10359);
#10359 = CARTESIAN_POINT('',(-7.380107402802,4.899389743805,0.));
#10360 = LINE('',#10361,#10362);
#10361 = CARTESIAN_POINT('',(-7.380107402802,4.899389743805,0.));
#10362 = VECTOR('',#10363,1.);
#10363 = DIRECTION('',(0.852640270648,0.52249839126,0.));
#10364 = ORIENTED_EDGE('',*,*,#10334,.F.);
#10365 = ORIENTED_EDGE('',*,*,#10366,.T.);
#10366 = EDGE_CURVE('',#10335,#10358,#10367,.T.);
#10367 = LINE('',#10368,#10369);
#10368 = CARTESIAN_POINT('',(-7.41626739502,4.820951938629,0.));
#10369 = VECTOR('',#10370,1.);
#10370 = DIRECTION('',(0.418656574497,0.908144632,0.));
#10371 = PLANE('',#10372);
#10372 = AXIS2_PLACEMENT_3D('',#10373,#10374,#10375);
#10373 = CARTESIAN_POINT('',(-6.916898062171,5.168264109572,0.));
#10374 = DIRECTION('',(-0.,-0.,-1.));
#10375 = DIRECTION('',(-1.,0.,0.));
#10376 = ADVANCED_FACE('',(#10377),#10394,.T.);
#10377 = FACE_BOUND('',#10378,.T.);
#10378 = EDGE_LOOP('',(#10379,#10380,#10388));
#10379 = ORIENTED_EDGE('',*,*,#10357,.F.);
#10380 = ORIENTED_EDGE('',*,*,#10381,.T.);
#10381 = EDGE_CURVE('',#10358,#10382,#10384,.T.);
#10382 = VERTEX_POINT('',#10383);
#10383 = CARTESIAN_POINT('',(-7.33790397644,4.97474861145,0.));
#10384 = LINE('',#10385,#10386);
#10385 = CARTESIAN_POINT('',(-7.380107402802,4.899389743805,0.));
#10386 = VECTOR('',#10387,1.);
#10387 = DIRECTION('',(0.488625055042,0.872493871374,0.));
#10388 = ORIENTED_EDGE('',*,*,#10389,.T.);
#10389 = EDGE_CURVE('',#10382,#8579,#10390,.T.);
#10390 = LINE('',#10391,#10392);
#10391 = CARTESIAN_POINT('',(-7.33790397644,4.97474861145,0.));
#10392 = VECTOR('',#10393,1.);
#10393 = DIRECTION('',(0.872496015962,0.488621225625,0.));
#10394 = PLANE('',#10395);
#10395 = AXIS2_PLACEMENT_3D('',#10396,#10397,#10398);
#10396 = CARTESIAN_POINT('',(-6.897765503327,5.207406659992,0.));
#10397 = DIRECTION('',(-0.,-0.,-1.));
#10398 = DIRECTION('',(-1.,0.,0.));
#10399 = ADVANCED_FACE('',(#10400),#10417,.T.);
#10400 = FACE_BOUND('',#10401,.T.);
#10401 = EDGE_LOOP('',(#10402,#10410,#10411));
#10402 = ORIENTED_EDGE('',*,*,#10403,.T.);
#10403 = EDGE_CURVE('',#10404,#8579,#10406,.T.);
#10404 = VERTEX_POINT('',#10405);
#10405 = CARTESIAN_POINT('',(-7.289918899536,5.046563625336,0.));
#10406 = LINE('',#10407,#10408);
#10407 = CARTESIAN_POINT('',(-7.289918899536,5.046563625336,0.));
#10408 = VECTOR('',#10409,1.);
#10409 = DIRECTION('',(0.891006485326,0.453990576012,0.));
#10410 = ORIENTED_EDGE('',*,*,#10389,.F.);
#10411 = ORIENTED_EDGE('',*,*,#10412,.T.);
#10412 = EDGE_CURVE('',#10382,#10404,#10413,.T.);
#10413 = LINE('',#10414,#10415);
#10414 = CARTESIAN_POINT('',(-7.33790397644,4.97474861145,0.));
#10415 = VECTOR('',#10416,1.);
#10416 = DIRECTION('',(0.555568782189,0.831470581715,0.));
#10417 = PLANE('',#10418);
#10418 = AXIS2_PLACEMENT_3D('',#10419,#10420,#10421);
#10419 = CARTESIAN_POINT('',(-6.875649995748,5.24491175872,0.));
#10420 = DIRECTION('',(-0.,-0.,-1.));
#10421 = DIRECTION('',(-1.,0.,0.));
#10422 = ADVANCED_FACE('',(#10423),#10440,.T.);
#10423 = FACE_BOUND('',#10424,.T.);
#10424 = EDGE_LOOP('',(#10425,#10433,#10434));
#10425 = ORIENTED_EDGE('',*,*,#10426,.T.);
#10426 = EDGE_CURVE('',#10427,#8579,#10429,.T.);
#10427 = VERTEX_POINT('',#10428);
#10428 = CARTESIAN_POINT('',(-7.236446380615,5.114392757416,0.));
#10429 = LINE('',#10430,#10431);
#10430 = CARTESIAN_POINT('',(-7.236446380615,5.114392757416,0.));
#10431 = VECTOR('',#10432,1.);
#10432 = DIRECTION('',(0.908143081605,0.418659937578,0.));
#10433 = ORIENTED_EDGE('',*,*,#10403,.F.);
#10434 = ORIENTED_EDGE('',*,*,#10435,.T.);
#10435 = EDGE_CURVE('',#10404,#10427,#10436,.T.);
#10436 = LINE('',#10437,#10438);
#10437 = CARTESIAN_POINT('',(-7.289918899536,5.046563625336,0.));
#10438 = VECTOR('',#10439,1.);
#10439 = DIRECTION('',(0.619096396836,0.785315001401,0.));
#10440 = PLANE('',#10441);
#10441 = AXIS2_PLACEMENT_3D('',#10442,#10443,#10444);
#10442 = CARTESIAN_POINT('',(-6.850690352251,5.280551388979,0.));
#10443 = DIRECTION('',(-0.,-0.,-1.));
#10444 = DIRECTION('',(-1.,0.,0.));
#10445 = ADVANCED_FACE('',(#10446),#10463,.T.);
#10446 = FACE_BOUND('',#10447,.T.);
#10447 = EDGE_LOOP('',(#10448,#10449,#10457));
#10448 = ORIENTED_EDGE('',*,*,#10426,.F.);
#10449 = ORIENTED_EDGE('',*,*,#10450,.T.);
#10450 = EDGE_CURVE('',#10427,#10451,#10453,.T.);
#10451 = VERTEX_POINT('',#10452);
#10452 = CARTESIAN_POINT('',(-7.177817344666,5.177817344666,0.));
#10453 = LINE('',#10454,#10455);
#10454 = CARTESIAN_POINT('',(-7.236446380615,5.114392757416,0.));
#10455 = VECTOR('',#10456,1.);
#10456 = DIRECTION('',(0.678800436864,0.734322794766,0.));
#10457 = ORIENTED_EDGE('',*,*,#10458,.T.);
#10458 = EDGE_CURVE('',#10451,#8579,#10459,.T.);
#10459 = LINE('',#10460,#10461);
#10460 = CARTESIAN_POINT('',(-7.177817344666,5.177817344666,0.));
#10461 = VECTOR('',#10462,1.);
#10462 = DIRECTION('',(0.923879447839,0.382683636783,0.));
#10463 = PLANE('',#10464);
#10464 = AXIS2_PLACEMENT_3D('',#10465,#10466,#10467);
#10465 = CARTESIAN_POINT('',(-6.823041556633,5.314109698225,0.));
#10466 = DIRECTION('',(-0.,-0.,-1.));
#10467 = DIRECTION('',(-1.,0.,0.));
#10468 = ADVANCED_FACE('',(#10469),#10486,.T.);
#10469 = FACE_BOUND('',#10470,.T.);
#10470 = EDGE_LOOP('',(#10471,#10479,#10480));
#10471 = ORIENTED_EDGE('',*,*,#10472,.T.);
#10472 = EDGE_CURVE('',#10473,#8579,#10475,.T.);
#10473 = VERTEX_POINT('',#10474);
#10474 = CARTESIAN_POINT('',(-7.114392757416,5.236446380615,0.));
#10475 = LINE('',#10476,#10477);
#10476 = CARTESIAN_POINT('',(-7.114392757416,5.236446380615,0.));
#10477 = VECTOR('',#10478,1.);
#10478 = DIRECTION('',(0.938191228435,0.346117348434,0.));
#10479 = ORIENTED_EDGE('',*,*,#10458,.F.);
#10480 = ORIENTED_EDGE('',*,*,#10481,.T.);
#10481 = EDGE_CURVE('',#10451,#10473,#10482,.T.);
#10482 = LINE('',#10483,#10484);
#10483 = CARTESIAN_POINT('',(-7.177817344666,5.177817344666,0.));
#10484 = VECTOR('',#10485,1.);
#10485 = DIRECTION('',(0.734322794766,0.678800436864,0.));
#10486 = PLANE('',#10487);
#10487 = AXIS2_PLACEMENT_3D('',#10488,#10489,#10490);
#10488 = CARTESIAN_POINT('',(-6.792876232753,5.345383065484,0.));
#10489 = DIRECTION('',(-0.,-0.,-1.));
#10490 = DIRECTION('',(-1.,0.,0.));
#10491 = ADVANCED_FACE('',(#10492),#10509,.T.);
#10492 = FACE_BOUND('',#10493,.T.);
#10493 = EDGE_LOOP('',(#10494,#10502,#10503));
#10494 = ORIENTED_EDGE('',*,*,#10495,.T.);
#10495 = EDGE_CURVE('',#10496,#8579,#10498,.T.);
#10496 = VERTEX_POINT('',#10497);
#10497 = CARTESIAN_POINT('',(-7.046563625336,5.289918899536,0.));
#10498 = LINE('',#10499,#10500);
#10499 = CARTESIAN_POINT('',(-7.046563625336,5.289918899536,0.));
#10500 = VECTOR('',#10501,1.);
#10501 = DIRECTION('',(0.951056570457,0.309016827681,0.));
#10502 = ORIENTED_EDGE('',*,*,#10472,.F.);
#10503 = ORIENTED_EDGE('',*,*,#10504,.T.);
#10504 = EDGE_CURVE('',#10473,#10496,#10505,.T.);
#10505 = LINE('',#10506,#10507);
#10506 = CARTESIAN_POINT('',(-7.114392757416,5.236446380615,0.));
#10507 = VECTOR('',#10508,1.);
#10508 = DIRECTION('',(0.785315001401,0.619096396836,0.));
#10509 = PLANE('',#10510);
#10510 = AXIS2_PLACEMENT_3D('',#10511,#10512,#10513);
#10511 = CARTESIAN_POINT('',(-6.76038172499,5.374182443757,0.));
#10512 = DIRECTION('',(-0.,-0.,-1.));
#10513 = DIRECTION('',(-1.,0.,0.));
#10514 = ADVANCED_FACE('',(#10515),#10532,.T.);
#10515 = FACE_BOUND('',#10516,.T.);
#10516 = EDGE_LOOP('',(#10517,#10518,#10526));
#10517 = ORIENTED_EDGE('',*,*,#10495,.F.);
#10518 = ORIENTED_EDGE('',*,*,#10519,.T.);
#10519 = EDGE_CURVE('',#10496,#10520,#10522,.T.);
#10520 = VERTEX_POINT('',#10521);
#10521 = CARTESIAN_POINT('',(-6.97474861145,5.33790397644,0.));
#10522 = LINE('',#10523,#10524);
#10523 = CARTESIAN_POINT('',(-7.046563625336,5.289918899536,0.));
#10524 = VECTOR('',#10525,1.);
#10525 = DIRECTION('',(0.831470581715,0.555568782189,0.));
#10526 = ORIENTED_EDGE('',*,*,#10527,.T.);
#10527 = EDGE_CURVE('',#10520,#8579,#10528,.T.);
#10528 = LINE('',#10529,#10530);
#10529 = CARTESIAN_POINT('',(-6.97474861145,5.33790397644,0.));
#10530 = VECTOR('',#10531,1.);
#10531 = DIRECTION('',(0.962455158763,0.271440725334,0.));
#10532 = PLANE('',#10533);
#10533 = AXIS2_PLACEMENT_3D('',#10534,#10535,#10536);
#10534 = CARTESIAN_POINT('',(-6.725759509572,5.400333896703,0.));
#10535 = DIRECTION('',(-0.,-0.,-1.));
#10536 = DIRECTION('',(-1.,0.,0.));
#10537 = ADVANCED_FACE('',(#10538),#10555,.T.);
#10538 = FACE_BOUND('',#10539,.T.);
#10539 = EDGE_LOOP('',(#10540,#10548,#10549));
#10540 = ORIENTED_EDGE('',*,*,#10541,.T.);
#10541 = EDGE_CURVE('',#10542,#8579,#10544,.T.);
#10542 = VERTEX_POINT('',#10543);
#10543 = CARTESIAN_POINT('',(-6.899389743805,5.380107402802,0.));
#10544 = LINE('',#10545,#10546);
#10545 = CARTESIAN_POINT('',(-6.899389743805,5.380107402802,0.));
#10546 = VECTOR('',#10547,1.);
#10547 = DIRECTION('',(0.972370030848,0.233444903796,0.));
#10548 = ORIENTED_EDGE('',*,*,#10527,.F.);
#10549 = ORIENTED_EDGE('',*,*,#10550,.T.);
#10550 = EDGE_CURVE('',#10520,#10542,#10551,.T.);
#10551 = LINE('',#10552,#10553);
#10552 = CARTESIAN_POINT('',(-6.97474861145,5.33790397644,0.));
#10553 = VECTOR('',#10554,1.);
#10554 = DIRECTION('',(0.872493871374,0.488625055042,0.));
#10555 = PLANE('',#10556);
#10556 = AXIS2_PLACEMENT_3D('',#10557,#10558,#10559);
#10557 = CARTESIAN_POINT('',(-6.68922478834,5.423679785805,0.));
#10558 = DIRECTION('',(-0.,-0.,-1.));
#10559 = DIRECTION('',(-1.,0.,0.));
#10560 = ADVANCED_FACE('',(#10561),#10578,.T.);
#10561 = FACE_BOUND('',#10562,.T.);
#10562 = EDGE_LOOP('',(#10563,#10571,#10572));
#10563 = ORIENTED_EDGE('',*,*,#10564,.T.);
#10564 = EDGE_CURVE('',#10565,#8579,#10567,.T.);
#10565 = VERTEX_POINT('',#10566);
#10566 = CARTESIAN_POINT('',(-6.820951938629,5.41626739502,0.));
#10567 = LINE('',#10568,#10569);
#10568 = CARTESIAN_POINT('',(-6.820951938629,5.41626739502,0.));
#10569 = VECTOR('',#10570,1.);
#10570 = DIRECTION('',(0.980785245949,0.19509049523,0.));
#10571 = ORIENTED_EDGE('',*,*,#10541,.F.);
#10572 = ORIENTED_EDGE('',*,*,#10573,.T.);
#10573 = EDGE_CURVE('',#10542,#10565,#10574,.T.);
#10574 = LINE('',#10575,#10576);
#10575 = CARTESIAN_POINT('',(-6.899389743805,5.380107402802,0.));
#10576 = VECTOR('',#10577,1.);
#10577 = DIRECTION('',(0.908144632,0.418656574497,0.));
#10578 = PLANE('',#10579);
#10579 = AXIS2_PLACEMENT_3D('',#10580,#10581,#10582);
#10580 = CARTESIAN_POINT('',(-6.651003196515,5.444080186417,0.));
#10581 = DIRECTION('',(-0.,-0.,-1.));
#10582 = DIRECTION('',(-1.,0.,0.));
#10583 = ADVANCED_FACE('',(#10584),#10601,.T.);
#10584 = FACE_BOUND('',#10585,.T.);
#10585 = EDGE_LOOP('',(#10586,#10587,#10595));
#10586 = ORIENTED_EDGE('',*,*,#10564,.F.);
#10587 = ORIENTED_EDGE('',*,*,#10588,.T.);
#10588 = EDGE_CURVE('',#10565,#10589,#10591,.T.);
#10589 = VERTEX_POINT('',#10590);
#10590 = CARTESIAN_POINT('',(-6.739918708801,5.446162223816,0.));
#10591 = LINE('',#10592,#10593);
#10592 = CARTESIAN_POINT('',(-6.820951938629,5.41626739502,0.));
#10593 = VECTOR('',#10594,1.);
#10594 = DIRECTION('',(0.938190989964,0.346117994838,0.));
#10595 = ORIENTED_EDGE('',*,*,#10596,.T.);
#10596 = EDGE_CURVE('',#10589,#8579,#10597,.T.);
#10597 = LINE('',#10598,#10599);
#10598 = CARTESIAN_POINT('',(-6.739918708801,5.446162223816,0.));
#10599 = VECTOR('',#10600,1.);
#10600 = DIRECTION('',(0.987688359972,0.156434342699,0.));
#10601 = PLANE('',#10602);
#10602 = AXIS2_PLACEMENT_3D('',#10603,#10604,#10605);
#10603 = CARTESIAN_POINT('',(-6.611331711639,5.461412887588,0.));
#10604 = DIRECTION('',(-0.,-0.,-1.));
#10605 = DIRECTION('',(-1.,0.,0.));
#10606 = ADVANCED_FACE('',(#10607),#10624,.T.);
#10607 = FACE_BOUND('',#10608,.T.);
#10608 = EDGE_LOOP('',(#10609,#10617,#10618));
#10609 = ORIENTED_EDGE('',*,*,#10610,.T.);
#10610 = EDGE_CURVE('',#10611,#8579,#10613,.T.);
#10611 = VERTEX_POINT('',#10612);
#10612 = CARTESIAN_POINT('',(-6.656789779663,5.469606876373,0.));
#10613 = LINE('',#10614,#10615);
#10614 = CARTESIAN_POINT('',(-6.656789779663,5.469606876373,0.));
#10615 = VECTOR('',#10616,1.);
#10616 = DIRECTION('',(0.993068429139,0.117537632477,0.));
#10617 = ORIENTED_EDGE('',*,*,#10596,.F.);
#10618 = ORIENTED_EDGE('',*,*,#10619,.T.);
#10619 = EDGE_CURVE('',#10589,#10611,#10620,.T.);
#10620 = LINE('',#10621,#10622);
#10621 = CARTESIAN_POINT('',(-6.739918708801,5.446162223816,0.));
#10622 = VECTOR('',#10623,1.);
#10623 = DIRECTION('',(0.962455630237,0.271439053609,0.));
#10624 = PLANE('',#10625);
#10625 = AXIS2_PLACEMENT_3D('',#10626,#10627,#10628);
#10626 = CARTESIAN_POINT('',(-6.570455485459,5.475575099362,0.));
#10627 = DIRECTION('',(-0.,-0.,-1.));
#10628 = DIRECTION('',(-1.,0.,0.));
#10629 = ADVANCED_FACE('',(#10630),#10647,.T.);
#10630 = FACE_BOUND('',#10631,.T.);
#10631 = EDGE_LOOP('',(#10632,#10640,#10641));
#10632 = ORIENTED_EDGE('',*,*,#10633,.T.);
#10633 = EDGE_CURVE('',#10634,#8579,#10636,.T.);
#10634 = VERTEX_POINT('',#10635);
#10635 = CARTESIAN_POINT('',(-6.57207775116,5.48645734787,0.));
#10636 = LINE('',#10637,#10638);
#10637 = CARTESIAN_POINT('',(-6.57207775116,5.48645734787,0.));
#10638 = VECTOR('',#10639,1.);
#10639 = DIRECTION('',(0.996917403103,7.845821429018E-02,0.));
#10640 = ORIENTED_EDGE('',*,*,#10610,.F.);
#10641 = ORIENTED_EDGE('',*,*,#10642,.T.);
#10642 = EDGE_CURVE('',#10611,#10634,#10643,.T.);
#10643 = LINE('',#10644,#10645);
#10644 = CARTESIAN_POINT('',(-6.656789779663,5.469606876373,0.));
#10645 = VECTOR('',#10646,1.);
#10646 = DIRECTION('',(0.980784834319,0.195092564621,0.));
#10647 = PLANE('',#10648);
#10648 = AXIS2_PLACEMENT_3D('',#10649,#10650,#10651);
#10649 = CARTESIAN_POINT('',(-6.528627289586,5.486483284293,0.));
#10650 = DIRECTION('',(-0.,-0.,-1.));
#10651 = DIRECTION('',(-1.,0.,0.));
#10652 = ADVANCED_FACE('',(#10653),#10670,.T.);
#10653 = FACE_BOUND('',#10654,.T.);
#10654 = EDGE_LOOP('',(#10655,#10656,#10664));
#10655 = ORIENTED_EDGE('',*,*,#10633,.F.);
#10656 = ORIENTED_EDGE('',*,*,#10657,.T.);
#10657 = EDGE_CURVE('',#10634,#10658,#10660,.T.);
#10658 = VERTEX_POINT('',#10659);
#10659 = CARTESIAN_POINT('',(-6.486305236816,5.496609210968,0.));
#10660 = LINE('',#10661,#10662);
#10661 = CARTESIAN_POINT('',(-6.57207775116,5.48645734787,0.));
#10662 = VECTOR('',#10663,1.);
#10663 = DIRECTION('',(0.993068433939,0.117537591915,0.));
#10664 = ORIENTED_EDGE('',*,*,#10665,.T.);
#10665 = EDGE_CURVE('',#10658,#8579,#10666,.T.);
#10666 = LINE('',#10667,#10668);
#10667 = CARTESIAN_POINT('',(-6.486305236816,5.496609210968,0.));
#10668 = VECTOR('',#10669,1.);
#10669 = DIRECTION('',(0.99922910401,3.925809087884E-02,0.));
#10670 = PLANE('',#10671);
#10671 = AXIS2_PLACEMENT_3D('',#10672,#10673,#10674);
#10672 = CARTESIAN_POINT('',(-6.486105462176,5.494074139246,0.));
#10673 = DIRECTION('',(-0.,-0.,-1.));
#10674 = DIRECTION('',(-1.,0.,0.));
#10675 = ADVANCED_FACE('',(#10676),#10693,.T.);
#10676 = FACE_BOUND('',#10677,.T.);
#10677 = EDGE_LOOP('',(#10678,#10679,#10687));
#10678 = ORIENTED_EDGE('',*,*,#9522,.F.);
#10679 = ORIENTED_EDGE('',*,*,#10680,.T.);
#10680 = EDGE_CURVE('',#8309,#10681,#10683,.T.);
#10681 = VERTEX_POINT('',#10682);
#10682 = CARTESIAN_POINT('',(7.496609210968,-3.186305046082,0.));
#10683 = LINE('',#10684,#10685);
#10684 = CARTESIAN_POINT('',(7.5,-3.099999904633,0.));
#10685 = VECTOR('',#10686,1.);
#10686 = DIRECTION('',(-3.925809087884E-02,-0.99922910401,0.));
#10687 = ORIENTED_EDGE('',*,*,#10688,.T.);
#10688 = EDGE_CURVE('',#10681,#7144,#10689,.T.);
#10689 = LINE('',#10690,#10691);
#10690 = CARTESIAN_POINT('',(7.496609210968,-3.186305046082,0.));
#10691 = VECTOR('',#10692,1.);
#10692 = DIRECTION('',(-0.9431881437,0.332259124155,0.));
#10693 = PLANE('',#10694);
#10694 = AXIS2_PLACEMENT_3D('',#10695,#10696,#10697);
#10695 = CARTESIAN_POINT('',(6.968996643057,-2.977981897915,0.));
#10696 = DIRECTION('',(-0.,-0.,-1.));
#10697 = DIRECTION('',(-1.,0.,0.));
#10698 = ADVANCED_FACE('',(#10699),#10709,.T.);
#10699 = FACE_BOUND('',#10700,.T.);
#10700 = EDGE_LOOP('',(#10701,#10702,#10703));
#10701 = ORIENTED_EDGE('',*,*,#9747,.F.);
#10702 = ORIENTED_EDGE('',*,*,#10688,.F.);
#10703 = ORIENTED_EDGE('',*,*,#10704,.T.);
#10704 = EDGE_CURVE('',#10681,#9748,#10705,.T.);
#10705 = LINE('',#10706,#10707);
#10706 = CARTESIAN_POINT('',(7.496609210968,-3.186305046082,0.));
#10707 = VECTOR('',#10708,1.);
#10708 = DIRECTION('',(-0.117537269715,-0.993068472074,0.));
#10709 = PLANE('',#10710);
#10710 = AXIS2_PLACEMENT_3D('',#10711,#10712,#10713);
#10711 = CARTESIAN_POINT('',(6.965113580512,-3.022405074455,0.));
#10712 = DIRECTION('',(-0.,-0.,-1.));
#10713 = DIRECTION('',(-1.,0.,0.));
#10714 = ADVANCED_FACE('',(#10715),#10732,.T.);
#10715 = FACE_BOUND('',#10716,.T.);
#10716 = EDGE_LOOP('',(#10717,#10718,#10726));
#10717 = ORIENTED_EDGE('',*,*,#9792,.F.);
#10718 = ORIENTED_EDGE('',*,*,#10719,.T.);
#10719 = EDGE_CURVE('',#9793,#10720,#10722,.T.);
#10720 = VERTEX_POINT('',#10721);
#10721 = CARTESIAN_POINT('',(7.41626739502,-3.520951747894,0.));
#10722 = LINE('',#10723,#10724);
#10723 = CARTESIAN_POINT('',(7.446162223816,-3.439918756485,0.));
#10724 = VECTOR('',#10725,1.);
#10725 = DIRECTION('',(-0.346118891203,-0.938190659276,0.));
#10726 = ORIENTED_EDGE('',*,*,#10727,.T.);
#10727 = EDGE_CURVE('',#10720,#7190,#10728,.T.);
#10728 = LINE('',#10729,#10730);
#10729 = CARTESIAN_POINT('',(7.41626739502,-3.520951747894,0.));
#10730 = VECTOR('',#10731,1.);
#10731 = DIRECTION('',(-0.99698857277,-7.75486026103E-02,0.));
#10732 = PLANE('',#10733);
#10733 = AXIS2_PLACEMENT_3D('',#10734,#10735,#10736);
#10734 = CARTESIAN_POINT('',(6.936321093474,-3.537466435666,0.));
#10735 = DIRECTION('',(-0.,-0.,-1.));
#10736 = DIRECTION('',(-1.,0.,0.));
#10737 = ADVANCED_FACE('',(#10738),#10755,.T.);
#10738 = FACE_BOUND('',#10739,.T.);
#10739 = EDGE_LOOP('',(#10740,#10748,#10749));
#10740 = ORIENTED_EDGE('',*,*,#10741,.T.);
#10741 = EDGE_CURVE('',#10742,#7190,#10744,.T.);
#10742 = VERTEX_POINT('',#10743);
#10743 = CARTESIAN_POINT('',(7.380107402802,-3.59938955307,0.));
#10744 = LINE('',#10745,#10746);
#10745 = CARTESIAN_POINT('',(7.380107402802,-3.59938955307,0.));
#10746 = VECTOR('',#10747,1.);
#10747 = DIRECTION('',(-0.999999806098,-6.227394077383E-04,0.));
#10748 = ORIENTED_EDGE('',*,*,#10727,.F.);
#10749 = ORIENTED_EDGE('',*,*,#10750,.T.);
#10750 = EDGE_CURVE('',#10720,#10742,#10751,.T.);
#10751 = LINE('',#10752,#10753);
#10752 = CARTESIAN_POINT('',(7.41626739502,-3.520951747894,0.));
#10753 = VECTOR('',#10754,1.);
#10754 = DIRECTION('',(-0.418656574497,-0.908144632,0.));
#10755 = PLANE('',#10756);
#10756 = AXIS2_PLACEMENT_3D('',#10757,#10758,#10759);
#10757 = CARTESIAN_POINT('',(6.919930723085,-3.578891824112,0.));
#10758 = DIRECTION('',(-0.,-0.,-1.));
#10759 = DIRECTION('',(-1.,0.,0.));
#10760 = ADVANCED_FACE('',(#10761),#10778,.T.);
#10761 = FACE_BOUND('',#10762,.T.);
#10762 = EDGE_LOOP('',(#10763,#10771,#10772));
#10763 = ORIENTED_EDGE('',*,*,#10764,.T.);
#10764 = EDGE_CURVE('',#10765,#7190,#10767,.T.);
#10765 = VERTEX_POINT('',#10766);
#10766 = CARTESIAN_POINT('',(7.33790397644,-3.674748420715,0.));
#10767 = LINE('',#10768,#10769);
#10768 = CARTESIAN_POINT('',(7.33790397644,-3.674748420715,0.));
#10769 = VECTOR('',#10770,1.);
#10770 = DIRECTION('',(-0.99683921021,7.944550954529E-02,0.));
#10771 = ORIENTED_EDGE('',*,*,#10741,.F.);
#10772 = ORIENTED_EDGE('',*,*,#10773,.T.);
#10773 = EDGE_CURVE('',#10742,#10765,#10774,.T.);
#10774 = LINE('',#10775,#10776);
#10775 = CARTESIAN_POINT('',(7.380107402802,-3.59938955307,0.));
#10776 = VECTOR('',#10777,1.);
#10777 = DIRECTION('',(-0.488625055042,-0.872493871374,0.));
#10778 = PLANE('',#10779);
#10779 = AXIS2_PLACEMENT_3D('',#10780,#10781,#10782);
#10780 = CARTESIAN_POINT('',(6.900340952399,-3.618963759152,0.));
#10781 = DIRECTION('',(-0.,-0.,-1.));
#10782 = DIRECTION('',(-1.,0.,0.));
#10783 = ADVANCED_FACE('',(#10784),#10801,.T.);
#10784 = FACE_BOUND('',#10785,.T.);
#10785 = EDGE_LOOP('',(#10786,#10787,#10795));
#10786 = ORIENTED_EDGE('',*,*,#10764,.F.);
#10787 = ORIENTED_EDGE('',*,*,#10788,.T.);
#10788 = EDGE_CURVE('',#10765,#10789,#10791,.T.);
#10789 = VERTEX_POINT('',#10790);
#10790 = CARTESIAN_POINT('',(7.289918899536,-3.746563673019,0.));
#10791 = LINE('',#10792,#10793);
#10792 = CARTESIAN_POINT('',(7.33790397644,-3.674748420715,0.));
#10793 = VECTOR('',#10794,1.);
#10794 = DIRECTION('',(-0.555567507055,-0.831471433727,0.));
#10795 = ORIENTED_EDGE('',*,*,#10796,.T.);
#10796 = EDGE_CURVE('',#10789,#7190,#10797,.T.);
#10797 = LINE('',#10798,#10799);
#10798 = CARTESIAN_POINT('',(7.289918899536,-3.746563673019,0.));
#10799 = VECTOR('',#10800,1.);
#10800 = DIRECTION('',(-0.986707837885,0.162504285042,0.));
#10801 = PLANE('',#10802);
#10802 = AXIS2_PLACEMENT_3D('',#10803,#10804,#10805);
#10803 = CARTESIAN_POINT('',(6.877656708282,-3.657442415085,0.));
#10804 = DIRECTION('',(-0.,-0.,-1.));
#10805 = DIRECTION('',(-1.,0.,0.));
#10806 = ADVANCED_FACE('',(#10807),#10824,.T.);
#10807 = FACE_BOUND('',#10808,.T.);
#10808 = EDGE_LOOP('',(#10809,#10817,#10818));
#10809 = ORIENTED_EDGE('',*,*,#10810,.T.);
#10810 = EDGE_CURVE('',#10811,#7190,#10813,.T.);
#10811 = VERTEX_POINT('',#10812);
#10812 = CARTESIAN_POINT('',(7.236446380615,-3.814392805099,0.));
#10813 = LINE('',#10814,#10815);
#10814 = CARTESIAN_POINT('',(7.236446380615,-3.814392805099,0.));
#10815 = VECTOR('',#10816,1.);
#10816 = DIRECTION('',(-0.968686293421,0.248287867078,0.));
#10817 = ORIENTED_EDGE('',*,*,#10796,.F.);
#10818 = ORIENTED_EDGE('',*,*,#10819,.T.);
#10819 = EDGE_CURVE('',#10789,#10811,#10820,.T.);
#10820 = LINE('',#10821,#10822);
#10821 = CARTESIAN_POINT('',(7.289918899536,-3.746563673019,0.));
#10822 = VECTOR('',#10823,1.);
#10823 = DIRECTION('',(-0.619096396836,-0.785315001401,0.));
#10824 = PLANE('',#10825);
#10825 = AXIS2_PLACEMENT_3D('',#10826,#10827,#10828);
#10826 = CARTESIAN_POINT('',(6.851999461887,-3.694096256021,0.));
#10827 = DIRECTION('',(-0.,-0.,-1.));
#10828 = DIRECTION('',(-1.,0.,0.));
#10829 = ADVANCED_FACE('',(#10830),#10847,.T.);
#10830 = FACE_BOUND('',#10831,.T.);
#10831 = EDGE_LOOP('',(#10832,#10840,#10841));
#10832 = ORIENTED_EDGE('',*,*,#10833,.T.);
#10833 = EDGE_CURVE('',#10834,#7190,#10836,.T.);
#10834 = VERTEX_POINT('',#10835);
#10835 = CARTESIAN_POINT('',(7.177817344666,-3.877817392349,0.));
#10836 = LINE('',#10837,#10838);
#10837 = CARTESIAN_POINT('',(7.177817344666,-3.877817392349,0.));
#10838 = VECTOR('',#10839,1.);
#10839 = DIRECTION('',(-0.941732088842,0.336363899438,0.));
#10840 = ORIENTED_EDGE('',*,*,#10810,.F.);
#10841 = ORIENTED_EDGE('',*,*,#10842,.T.);
#10842 = EDGE_CURVE('',#10811,#10834,#10843,.T.);
#10843 = LINE('',#10844,#10845);
#10844 = CARTESIAN_POINT('',(7.236446380615,-3.814392805099,0.));
#10845 = VECTOR('',#10846,1.);
#10846 = DIRECTION('',(-0.678800436864,-0.734322794766,0.));
#10847 = PLANE('',#10848);
#10848 = AXIS2_PLACEMENT_3D('',#10849,#10850,#10851);
#10849 = CARTESIAN_POINT('',(6.823504523774,-3.728702333218,0.));
#10850 = DIRECTION('',(-0.,-0.,-1.));
#10851 = DIRECTION('',(-1.,0.,0.));
#10852 = ADVANCED_FACE('',(#10853),#10870,.T.);
#10853 = FACE_BOUND('',#10854,.T.);
#10854 = EDGE_LOOP('',(#10855,#10856,#10864));
#10855 = ORIENTED_EDGE('',*,*,#10833,.F.);
#10856 = ORIENTED_EDGE('',*,*,#10857,.T.);
#10857 = EDGE_CURVE('',#10834,#10858,#10860,.T.);
#10858 = VERTEX_POINT('',#10859);
#10859 = CARTESIAN_POINT('',(7.114392757416,-3.936446666718,0.));
#10860 = LINE('',#10861,#10862);
#10861 = CARTESIAN_POINT('',(7.177817344666,-3.877817392349,0.));
#10862 = VECTOR('',#10863,1.);
#10863 = DIRECTION('',(-0.73432141883,-0.678801925341,0.));
#10864 = ORIENTED_EDGE('',*,*,#10865,.T.);
#10865 = EDGE_CURVE('',#10858,#7190,#10866,.T.);
#10866 = LINE('',#10867,#10868);
#10867 = CARTESIAN_POINT('',(7.114392757416,-3.936446666718,0.));
#10868 = VECTOR('',#10869,1.);
#10869 = DIRECTION('',(-0.904690842421,0.426068632547,0.));
#10870 = PLANE('',#10871);
#10871 = AXIS2_PLACEMENT_3D('',#10872,#10873,#10874);
#10872 = CARTESIAN_POINT('',(6.79232236456,-3.761046631189,0.));
#10873 = DIRECTION('',(-0.,-0.,-1.));
#10874 = DIRECTION('',(-1.,0.,0.));
#10875 = ADVANCED_FACE('',(#10876),#10893,.T.);
#10876 = FACE_BOUND('',#10877,.T.);
#10877 = EDGE_LOOP('',(#10878,#10886,#10887));
#10878 = ORIENTED_EDGE('',*,*,#10879,.T.);
#10879 = EDGE_CURVE('',#10880,#7190,#10882,.T.);
#10880 = VERTEX_POINT('',#10881);
#10881 = CARTESIAN_POINT('',(7.046563625336,-3.989918708801,0.));
#10882 = LINE('',#10883,#10884);
#10883 = CARTESIAN_POINT('',(7.046563625336,-3.989918708801,0.));
#10884 = VECTOR('',#10885,1.);
#10885 = DIRECTION('',(-0.856333419582,0.516423348143,0.));
#10886 = ORIENTED_EDGE('',*,*,#10865,.F.);
#10887 = ORIENTED_EDGE('',*,*,#10888,.T.);
#10888 = EDGE_CURVE('',#10858,#10880,#10889,.T.);
#10889 = LINE('',#10890,#10891);
#10890 = CARTESIAN_POINT('',(7.114392757416,-3.936446666718,0.));
#10891 = VECTOR('',#10892,1.);
#10892 = DIRECTION('',(-0.78531768551,-0.619092992066,0.));
#10893 = PLANE('',#10894);
#10894 = AXIS2_PLACEMENT_3D('',#10895,#10896,#10897);
#10895 = CARTESIAN_POINT('',(6.758616115142,-3.790923604064,0.));
#10896 = DIRECTION('',(-0.,-0.,-1.));
#10897 = DIRECTION('',(-1.,0.,0.));
#10898 = ADVANCED_FACE('',(#10899),#10916,.T.);
#10899 = FACE_BOUND('',#10900,.T.);
#10900 = EDGE_LOOP('',(#10901,#10909,#10910));
#10901 = ORIENTED_EDGE('',*,*,#10902,.T.);
#10902 = EDGE_CURVE('',#10903,#7190,#10905,.T.);
#10903 = VERTEX_POINT('',#10904);
#10904 = CARTESIAN_POINT('',(6.97474861145,-4.037904262543,0.));
#10905 = LINE('',#10906,#10907);
#10906 = CARTESIAN_POINT('',(6.97474861145,-4.037904262543,0.));
#10907 = VECTOR('',#10908,1.);
#10908 = DIRECTION('',(-0.795431235266,0.606043851518,0.));
#10909 = ORIENTED_EDGE('',*,*,#10879,.F.);
#10910 = ORIENTED_EDGE('',*,*,#10911,.T.);
#10911 = EDGE_CURVE('',#10880,#10903,#10912,.T.);
#10912 = LINE('',#10913,#10914);
#10913 = CARTESIAN_POINT('',(7.046563625336,-3.989918708801,0.));
#10914 = VECTOR('',#10915,1.);
#10915 = DIRECTION('',(-0.831468031442,-0.555572598937,0.));
#10916 = PLANE('',#10917);
#10917 = AXIS2_PLACEMENT_3D('',#10918,#10919,#10920);
#10918 = CARTESIAN_POINT('',(6.722562854391,-3.818135871794,0.));
#10919 = DIRECTION('',(-0.,-0.,-1.));
#10920 = DIRECTION('',(-1.,0.,0.));
#10921 = ADVANCED_FACE('',(#10922),#10939,.T.);
#10922 = FACE_BOUND('',#10923,.T.);
#10923 = EDGE_LOOP('',(#10924,#10925,#10933));
#10924 = ORIENTED_EDGE('',*,*,#10902,.F.);
#10925 = ORIENTED_EDGE('',*,*,#10926,.T.);
#10926 = EDGE_CURVE('',#10903,#10927,#10929,.T.);
#10927 = VERTEX_POINT('',#10928);
#10928 = CARTESIAN_POINT('',(6.899389743805,-4.080107212067,0.));
#10929 = LINE('',#10930,#10931);
#10930 = CARTESIAN_POINT('',(6.97474861145,-4.037904262543,0.));
#10931 = VECTOR('',#10932,1.);
#10932 = DIRECTION('',(-0.87249622499,-0.488620852378,0.));
#10933 = ORIENTED_EDGE('',*,*,#10934,.T.);
#10934 = EDGE_CURVE('',#10927,#7190,#10935,.T.);
#10935 = LINE('',#10936,#10937);
#10936 = CARTESIAN_POINT('',(6.899389743805,-4.080107212067,0.));
#10937 = VECTOR('',#10938,1.);
#10938 = DIRECTION('',(-0.720887187491,0.69305242436,0.));
#10939 = PLANE('',#10940);
#10940 = AXIS2_PLACEMENT_3D('',#10941,#10942,#10943);
#10941 = CARTESIAN_POINT('',(6.684353973026,-3.842493574537,0.));
#10942 = DIRECTION('',(-0.,-0.,-1.));
#10943 = DIRECTION('',(-1.,0.,0.));
#10944 = ADVANCED_FACE('',(#10945),#10962,.T.);
#10945 = FACE_BOUND('',#10946,.T.);
#10946 = EDGE_LOOP('',(#10947,#10955,#10956));
#10947 = ORIENTED_EDGE('',*,*,#10948,.T.);
#10948 = EDGE_CURVE('',#10949,#7190,#10951,.T.);
#10949 = VERTEX_POINT('',#10950);
#10950 = CARTESIAN_POINT('',(6.820951938629,-4.116267681122,0.));
#10951 = LINE('',#10952,#10953);
#10952 = CARTESIAN_POINT('',(6.820951938629,-4.116267681122,0.));
#10953 = VECTOR('',#10954,1.);
#10954 = DIRECTION('',(-0.631933843021,0.775022333901,0.));
#10955 = ORIENTED_EDGE('',*,*,#10934,.F.);
#10956 = ORIENTED_EDGE('',*,*,#10957,.T.);
#10957 = EDGE_CURVE('',#10927,#10949,#10958,.T.);
#10958 = LINE('',#10959,#10960);
#10959 = CARTESIAN_POINT('',(6.899389743805,-4.080107212067,0.));
#10960 = VECTOR('',#10961,1.);
#10961 = DIRECTION('',(-0.908142532993,-0.418661127608,0.));
#10962 = PLANE('',#10963);
#10963 = AXIS2_PLACEMENT_3D('',#10964,#10965,#10966);
#10964 = CARTESIAN_POINT('',(6.64419701366,-3.863813706439,0.));
#10965 = DIRECTION('',(-0.,-0.,-1.));
#10966 = DIRECTION('',(-1.,0.,0.));
#10967 = ADVANCED_FACE('',(#10968),#10985,.T.);
#10968 = FACE_BOUND('',#10969,.T.);
#10969 = EDGE_LOOP('',(#10970,#10978,#10979));
#10970 = ORIENTED_EDGE('',*,*,#10971,.T.);
#10971 = EDGE_CURVE('',#10972,#7190,#10974,.T.);
#10972 = VERTEX_POINT('',#10973);
#10973 = CARTESIAN_POINT('',(6.739918708801,-4.146162033081,0.));
#10974 = LINE('',#10975,#10976);
#10975 = CARTESIAN_POINT('',(6.739918708801,-4.146162033081,0.));
#10976 = VECTOR('',#10977,1.);
#10977 = DIRECTION('',(-0.528396464014,0.848997748417,0.));
#10978 = ORIENTED_EDGE('',*,*,#10948,.F.);
#10979 = ORIENTED_EDGE('',*,*,#10980,.T.);
#10980 = EDGE_CURVE('',#10949,#10972,#10981,.T.);
#10981 = LINE('',#10982,#10983);
#10982 = CARTESIAN_POINT('',(6.820951938629,-4.116267681122,0.));
#10983 = VECTOR('',#10984,1.);
#10984 = DIRECTION('',(-0.938192782679,-0.346113135446,0.));
#10985 = PLANE('',#10986);
#10986 = AXIS2_PLACEMENT_3D('',#10987,#10988,#10989);
#10987 = CARTESIAN_POINT('',(6.602319609521,-3.881920759487,0.));
#10988 = DIRECTION('',(-0.,-0.,-1.));
#10989 = DIRECTION('',(-1.,0.,0.));
#10990 = ADVANCED_FACE('',(#10991),#11008,.T.);
#10991 = FACE_BOUND('',#10992,.T.);
#10992 = EDGE_LOOP('',(#10993,#10994,#11002));
#10993 = ORIENTED_EDGE('',*,*,#10971,.F.);
#10994 = ORIENTED_EDGE('',*,*,#10995,.T.);
#10995 = EDGE_CURVE('',#10972,#10996,#10998,.T.);
#10996 = VERTEX_POINT('',#10997);
#10997 = CARTESIAN_POINT('',(6.656789779663,-4.169606685638,0.));
#10998 = LINE('',#10999,#11000);
#10999 = CARTESIAN_POINT('',(6.739918708801,-4.146162033081,0.));
#11000 = VECTOR('',#11001,1.);
#11001 = DIRECTION('',(-0.962455630237,-0.271439053609,0.));
#11002 = ORIENTED_EDGE('',*,*,#11003,.T.);
#11003 = EDGE_CURVE('',#10996,#7190,#11004,.T.);
#11004 = LINE('',#11005,#11006);
#11005 = CARTESIAN_POINT('',(6.656789779663,-4.169606685638,0.));
#11006 = VECTOR('',#11007,1.);
#11007 = DIRECTION('',(-0.410985650372,0.911641812988,0.));
#11008 = PLANE('',#11009);
#11009 = AXIS2_PLACEMENT_3D('',#11010,#11011,#11012);
#11010 = CARTESIAN_POINT('',(6.558973415729,-3.89664945079,0.));
#11011 = DIRECTION('',(-0.,-0.,-1.));
#11012 = DIRECTION('',(-1.,0.,0.));
#11013 = ADVANCED_FACE('',(#11014),#11031,.T.);
#11014 = FACE_BOUND('',#11015,.T.);
#11015 = EDGE_LOOP('',(#11016,#11024,#11025));
#11016 = ORIENTED_EDGE('',*,*,#11017,.T.);
#11017 = EDGE_CURVE('',#11018,#7190,#11020,.T.);
#11018 = VERTEX_POINT('',#11019);
#11019 = CARTESIAN_POINT('',(6.57207775116,-4.186457157135,0.));
#11020 = LINE('',#11021,#11022);
#11021 = CARTESIAN_POINT('',(6.57207775116,-4.186457157135,0.));
#11022 = VECTOR('',#11023,1.);
#11023 = DIRECTION('',(-0.281549188207,0.959546796472,0.));
#11024 = ORIENTED_EDGE('',*,*,#11003,.F.);
#11025 = ORIENTED_EDGE('',*,*,#11026,.T.);
#11026 = EDGE_CURVE('',#10996,#11018,#11027,.T.);
#11027 = LINE('',#11028,#11029);
#11028 = CARTESIAN_POINT('',(6.656789779663,-4.169606685638,0.));
#11029 = VECTOR('',#11030,1.);
#11030 = DIRECTION('',(-0.980784834319,-0.195092564621,0.));
#11031 = PLANE('',#11032);
#11032 = AXIS2_PLACEMENT_3D('',#11033,#11034,#11035);
#11033 = CARTESIAN_POINT('',(6.514438230304,-3.907849836866,0.));
#11034 = DIRECTION('',(-0.,-0.,-1.));
#11035 = DIRECTION('',(-1.,0.,0.));
#11036 = ADVANCED_FACE('',(#11037),#11054,.T.);
#11037 = FACE_BOUND('',#11038,.T.);
#11038 = EDGE_LOOP('',(#11039,#11047,#11048));
#11039 = ORIENTED_EDGE('',*,*,#11040,.T.);
#11040 = EDGE_CURVE('',#11041,#7190,#11043,.T.);
#11041 = VERTEX_POINT('',#11042);
#11042 = CARTESIAN_POINT('',(6.486305236816,-4.196609020233,0.));
#11043 = LINE('',#11044,#11045);
#11044 = CARTESIAN_POINT('',(6.486305236816,-4.196609020233,0.));
#11045 = VECTOR('',#11046,1.);
#11046 = DIRECTION('',(-0.143169192882,0.98969822785,0.));
#11047 = ORIENTED_EDGE('',*,*,#11017,.F.);
#11048 = ORIENTED_EDGE('',*,*,#11049,.T.);
#11049 = EDGE_CURVE('',#11018,#11041,#11050,.T.);
#11050 = LINE('',#11051,#11052);
#11051 = CARTESIAN_POINT('',(6.57207775116,-4.186457157135,0.));
#11052 = VECTOR('',#11053,1.);
#11053 = DIRECTION('',(-0.993068433939,-0.117537591915,0.));
#11054 = PLANE('',#11055);
#11055 = AXIS2_PLACEMENT_3D('',#11056,#11057,#11058);
#11056 = CARTESIAN_POINT('',(6.469024159773,-3.915395106275,0.));
#11057 = DIRECTION('',(-0.,-0.,-1.));
#11058 = DIRECTION('',(-1.,0.,0.));
#11059 = ADVANCED_FACE('',(#11060),#11070,.T.);
#11060 = FACE_BOUND('',#11061,.T.);
#11061 = EDGE_LOOP('',(#11062,#11063,#11069));
#11062 = ORIENTED_EDGE('',*,*,#11040,.F.);
#11063 = ORIENTED_EDGE('',*,*,#11064,.T.);
#11064 = EDGE_CURVE('',#11041,#9686,#11065,.T.);
#11065 = LINE('',#11066,#11067);
#11066 = CARTESIAN_POINT('',(6.486305236816,-4.196609020233,0.));
#11067 = VECTOR('',#11068,1.);
#11068 = DIRECTION('',(-0.99922910401,-3.925809087884E-02,0.));
#11069 = ORIENTED_EDGE('',*,*,#9685,.F.);
#11070 = PLANE('',#11071);
#11071 = AXIS2_PLACEMENT_3D('',#11072,#11073,#11074);
#11072 = CARTESIAN_POINT('',(6.423069108806,-3.919192564389,0.));
#11073 = DIRECTION('',(-0.,-0.,-1.));
#11074 = DIRECTION('',(-1.,0.,0.));
#11075 = ADVANCED_FACE('',(#11076),#11098,.T.);
#11076 = FACE_BOUND('',#11077,.T.);
#11077 = EDGE_LOOP('',(#11078,#11086,#11092));
#11078 = ORIENTED_EDGE('',*,*,#11079,.T.);
#11079 = EDGE_CURVE('',#8286,#11080,#11082,.T.);
#11080 = VERTEX_POINT('',#11081);
#11081 = CARTESIAN_POINT('',(1.158578634262,-5.441421508789,0.));
#11082 = LINE('',#11083,#11084);
#11083 = CARTESIAN_POINT('',(2.341421365738,-4.258578777313,0.));
#11084 = VECTOR('',#11085,1.);
#11085 = DIRECTION('',(-0.707106781187,-0.707106781187,0.));
#11086 = ORIENTED_EDGE('',*,*,#11087,.T.);
#11087 = EDGE_CURVE('',#11080,#7478,#11088,.T.);
#11088 = LINE('',#11089,#11090);
#11089 = CARTESIAN_POINT('',(1.158578634262,-5.441421508789,0.));
#11090 = VECTOR('',#11091,1.);
#11091 = DIRECTION('',(-0.959718952611,0.280961798113,0.));
#11092 = ORIENTED_EDGE('',*,*,#11093,.T.);
#11093 = EDGE_CURVE('',#7478,#8286,#11094,.T.);
#11094 = LINE('',#11095,#11096);
#11095 = CARTESIAN_POINT('',(-0.446791112423,-4.971442699432,0.));
#11096 = VECTOR('',#11097,1.);
#11097 = DIRECTION('',(0.968836045381,0.247702880828,0.));
#11098 = PLANE('',#11099);
#11099 = AXIS2_PLACEMENT_3D('',#11100,#11101,#11102);
#11100 = CARTESIAN_POINT('',(1.004104448888,-4.83713679279,0.));
#11101 = DIRECTION('',(-0.,-0.,-1.));
#11102 = DIRECTION('',(-1.,0.,0.));
#11103 = ADVANCED_FACE('',(#11104),#11114,.T.);
#11104 = FACE_BOUND('',#11105,.T.);
#11105 = EDGE_LOOP('',(#11106,#11112,#11113));
#11106 = ORIENTED_EDGE('',*,*,#11107,.T.);
#11107 = EDGE_CURVE('',#7439,#8286,#11108,.T.);
#11108 = LINE('',#11109,#11110);
#11109 = CARTESIAN_POINT('',(-0.471442490816,-4.946791172028,0.));
#11110 = VECTOR('',#11111,1.);
#11111 = DIRECTION('',(0.971349325423,0.237656239137,0.));
#11112 = ORIENTED_EDGE('',*,*,#11093,.F.);
#11113 = ORIENTED_EDGE('',*,*,#7486,.F.);
#11114 = PLANE('',#11115);
#11115 = AXIS2_PLACEMENT_3D('',#11116,#11117,#11118);
#11116 = CARTESIAN_POINT('',(0.932729023481,-4.610931100003,0.));
#11117 = DIRECTION('',(-0.,-0.,-1.));
#11118 = DIRECTION('',(-1.,0.,0.));
#11119 = ADVANCED_FACE('',(#11120),#11130,.T.);
#11120 = FACE_BOUND('',#11121,.T.);
#11121 = EDGE_LOOP('',(#11122,#11128,#11129));
#11122 = ORIENTED_EDGE('',*,*,#11123,.T.);
#11123 = EDGE_CURVE('',#7400,#8286,#11124,.T.);
#11124 = LINE('',#11125,#11126);
#11125 = CARTESIAN_POINT('',(-0.5,-4.926795005798,0.));
#11126 = VECTOR('',#11127,1.);
#11127 = DIRECTION('',(0.973444162553,0.228924577954,0.));
#11128 = ORIENTED_EDGE('',*,*,#11107,.F.);
#11129 = ORIENTED_EDGE('',*,*,#7447,.F.);
#11130 = PLANE('',#11131);
#11131 = AXIS2_PLACEMENT_3D('',#11132,#11133,#11134);
#11132 = CARTESIAN_POINT('',(0.919397343941,-4.599687178397,0.));
#11133 = DIRECTION('',(-0.,-0.,-1.));
#11134 = DIRECTION('',(-1.,0.,0.));
#11135 = ADVANCED_FACE('',(#11136),#11160,.T.);
#11136 = FACE_BOUND('',#11137,.T.);
#11137 = EDGE_LOOP('',(#11138,#11146,#11154));
#11138 = ORIENTED_EDGE('',*,*,#11139,.T.);
#11139 = EDGE_CURVE('',#11080,#11140,#11142,.T.);
#11140 = VERTEX_POINT('',#11141);
#11141 = CARTESIAN_POINT('',(1.134714365005,-5.461803436279,0.));
#11142 = LINE('',#11143,#11144);
#11143 = CARTESIAN_POINT('',(1.158578634262,-5.441421508789,0.));
#11144 = VECTOR('',#11145,1.);
#11145 = DIRECTION('',(-0.760407286688,-0.649446501532,0.));
#11146 = ORIENTED_EDGE('',*,*,#11147,.T.);
#11147 = EDGE_CURVE('',#11140,#11148,#11150,.T.);
#11148 = VERTEX_POINT('',#11149);
#11149 = CARTESIAN_POINT('',(1.017157316208,-5.5,0.));
#11150 = LINE('',#11151,#11152);
#11151 = CARTESIAN_POINT('',(1.134714365005,-5.461803436279,0.));
#11152 = VECTOR('',#11153,1.);
#11153 = DIRECTION('',(-0.951056603946,-0.309016724613,0.));
#11154 = ORIENTED_EDGE('',*,*,#11155,.T.);
#11155 = EDGE_CURVE('',#11148,#11080,#11156,.T.);
#11156 = LINE('',#11157,#11158);
#11157 = CARTESIAN_POINT('',(1.017157316208,-5.5,0.));
#11158 = VECTOR('',#11159,1.);
#11159 = DIRECTION('',(0.92387984833,0.382682669911,0.));
#11160 = PLANE('',#11161);
#11161 = AXIS2_PLACEMENT_3D('',#11162,#11163,#11164);
#11162 = CARTESIAN_POINT('',(1.08906832843,-5.472854145078,0.));
#11163 = DIRECTION('',(-0.,-0.,-1.));
#11164 = DIRECTION('',(-1.,0.,0.));
#11165 = ADVANCED_FACE('',(#11166),#11181,.T.);
#11166 = FACE_BOUND('',#11167,.T.);
#11167 = EDGE_LOOP('',(#11168,#11174,#11175));
#11168 = ORIENTED_EDGE('',*,*,#11169,.T.);
#11169 = EDGE_CURVE('',#7556,#11080,#11170,.T.);
#11170 = LINE('',#11171,#11172);
#11171 = CARTESIAN_POINT('',(-0.412061482668,-5.031596183777,0.));
#11172 = VECTOR('',#11173,1.);
#11173 = DIRECTION('',(0.967603259006,-0.25247560904,0.));
#11174 = ORIENTED_EDGE('',*,*,#11155,.F.);
#11175 = ORIENTED_EDGE('',*,*,#11176,.T.);
#11176 = EDGE_CURVE('',#11148,#7556,#11177,.T.);
#11177 = LINE('',#11178,#11179);
#11178 = CARTESIAN_POINT('',(1.017157316208,-5.5,0.));
#11179 = VECTOR('',#11180,1.);
#11180 = DIRECTION('',(-0.950267427078,0.311435092812,0.));
#11181 = PLANE('',#11182);
#11182 = AXIS2_PLACEMENT_3D('',#11183,#11184,#11185);
#11183 = CARTESIAN_POINT('',(0.374184564835,-5.260866724879,0.));
#11184 = DIRECTION('',(-0.,-0.,-1.));
#11185 = DIRECTION('',(-1.,0.,0.));
#11186 = ADVANCED_FACE('',(#11187),#11197,.T.);
#11187 = FACE_BOUND('',#11188,.T.);
#11188 = EDGE_LOOP('',(#11189,#11195,#11196));
#11189 = ORIENTED_EDGE('',*,*,#11190,.T.);
#11190 = EDGE_CURVE('',#7517,#11080,#11191,.T.);
#11191 = LINE('',#11192,#11193);
#11192 = CARTESIAN_POINT('',(-0.426794916391,-5.,0.));
#11193 = VECTOR('',#11194,1.);
#11194 = DIRECTION('',(0.96335476718,-0.26823048401,0.));
#11195 = ORIENTED_EDGE('',*,*,#11169,.F.);
#11196 = ORIENTED_EDGE('',*,*,#7564,.F.);
#11197 = PLANE('',#11198);
#11198 = AXIS2_PLACEMENT_3D('',#11199,#11200,#11201);
#11199 = CARTESIAN_POINT('',(0.361224356741,-5.226310457819,0.));
#11200 = DIRECTION('',(-0.,-0.,-1.));
#11201 = DIRECTION('',(-1.,0.,0.));
#11202 = ADVANCED_FACE('',(#11203),#11220,.T.);
#11203 = FACE_BOUND('',#11204,.T.);
#11204 = EDGE_LOOP('',(#11205,#11206,#11214));
#11205 = ORIENTED_EDGE('',*,*,#11147,.F.);
#11206 = ORIENTED_EDGE('',*,*,#11207,.T.);
#11207 = EDGE_CURVE('',#11140,#11208,#11210,.T.);
#11208 = VERTEX_POINT('',#11209);
#11209 = CARTESIAN_POINT('',(1.107955336571,-5.478201389313,0.));
#11210 = LINE('',#11211,#11212);
#11211 = CARTESIAN_POINT('',(1.134714365005,-5.461803436279,0.));
#11212 = VECTOR('',#11213,1.);
#11213 = DIRECTION('',(-0.852640174024,-0.522498548935,0.));
#11214 = ORIENTED_EDGE('',*,*,#11215,.T.);
#11215 = EDGE_CURVE('',#11208,#11148,#11216,.T.);
#11216 = LINE('',#11217,#11218);
#11217 = CARTESIAN_POINT('',(1.107955336571,-5.478201389313,0.));
#11218 = VECTOR('',#11219,1.);
#11219 = DIRECTION('',(-0.972370079303,-0.233444701966,0.));
#11220 = PLANE('',#11221);
#11221 = AXIS2_PLACEMENT_3D('',#11222,#11223,#11224);
#11222 = CARTESIAN_POINT('',(1.07664219941,-5.48260702083,0.));
#11223 = DIRECTION('',(-0.,-0.,-1.));
#11224 = DIRECTION('',(-1.,0.,0.));
#11225 = ADVANCED_FACE('',(#11226),#11243,.T.);
#11226 = FACE_BOUND('',#11227,.T.);
#11227 = EDGE_LOOP('',(#11228,#11236,#11237));
#11228 = ORIENTED_EDGE('',*,*,#11229,.T.);
#11229 = EDGE_CURVE('',#11230,#11148,#11232,.T.);
#11230 = VERTEX_POINT('',#11231);
#11231 = CARTESIAN_POINT('',(1.07896065712,-5.490211486816,0.));
#11232 = LINE('',#11233,#11234);
#11233 = CARTESIAN_POINT('',(1.07896065712,-5.490211486816,0.));
#11234 = VECTOR('',#11235,1.);
#11235 = DIRECTION('',(-0.987688771167,-0.156431746492,0.));
#11236 = ORIENTED_EDGE('',*,*,#11215,.F.);
#11237 = ORIENTED_EDGE('',*,*,#11238,.T.);
#11238 = EDGE_CURVE('',#11208,#11230,#11239,.T.);
#11239 = LINE('',#11240,#11241);
#11240 = CARTESIAN_POINT('',(1.107955336571,-5.478201389313,0.));
#11241 = VECTOR('',#11242,1.);
#11242 = DIRECTION('',(-0.923878315397,-0.382686370725,0.));
#11243 = PLANE('',#11244);
#11244 = AXIS2_PLACEMENT_3D('',#11245,#11246,#11247);
#11245 = CARTESIAN_POINT('',(1.062890781135,-5.490286580759,0.));
#11246 = DIRECTION('',(-0.,-0.,-1.));
#11247 = DIRECTION('',(-1.,0.,0.));
#11248 = ADVANCED_FACE('',(#11249),#11266,.T.);
#11249 = FACE_BOUND('',#11250,.T.);
#11250 = EDGE_LOOP('',(#11251,#11259,#11260));
#11251 = ORIENTED_EDGE('',*,*,#11252,.T.);
#11252 = EDGE_CURVE('',#11253,#11148,#11255,.T.);
#11253 = VERTEX_POINT('',#11254);
#11254 = CARTESIAN_POINT('',(1.048444151878,-5.497537612915,0.));
#11255 = LINE('',#11256,#11257);
#11256 = CARTESIAN_POINT('',(1.048444151878,-5.497537612915,0.));
#11257 = VECTOR('',#11258,1.);
#11258 = DIRECTION('',(-0.9969171849,-7.846098681018E-02,0.));
#11259 = ORIENTED_EDGE('',*,*,#11229,.F.);
#11260 = ORIENTED_EDGE('',*,*,#11261,.T.);
#11261 = EDGE_CURVE('',#11230,#11253,#11262,.T.);
#11262 = LINE('',#11263,#11264);
#11263 = CARTESIAN_POINT('',(1.07896065712,-5.490211486816,0.));
#11264 = VECTOR('',#11265,1.);
#11265 = DIRECTION('',(-0.972371646229,-0.233438175134,0.));
#11266 = PLANE('',#11267);
#11267 = AXIS2_PLACEMENT_3D('',#11268,#11269,#11270);
#11268 = CARTESIAN_POINT('',(1.048155426163,-5.495714649269,0.));
#11269 = DIRECTION('',(-0.,-0.,-1.));
#11270 = DIRECTION('',(-1.,0.,0.));
#11271 = ADVANCED_FACE('',(#11272),#11294,.T.);
#11272 = FACE_BOUND('',#11273,.T.);
#11273 = EDGE_LOOP('',(#11274,#11282,#11288));
#11274 = ORIENTED_EDGE('',*,*,#11275,.T.);
#11275 = EDGE_CURVE('',#11148,#11276,#11278,.T.);
#11276 = VERTEX_POINT('',#11277);
#11277 = CARTESIAN_POINT('',(-0.20000000298,-5.5,0.));
#11278 = LINE('',#11279,#11280);
#11279 = CARTESIAN_POINT('',(1.017157316208,-5.5,0.));
#11280 = VECTOR('',#11281,1.);
#11281 = DIRECTION('',(-1.,0.,0.));
#11282 = ORIENTED_EDGE('',*,*,#11283,.T.);
#11283 = EDGE_CURVE('',#11276,#7634,#11284,.T.);
#11284 = LINE('',#11285,#11286);
#11285 = CARTESIAN_POINT('',(-0.20000000298,-5.5,0.));
#11286 = VECTOR('',#11287,1.);
#11287 = DIRECTION('',(-0.447213515532,0.894427230984,0.));
#11288 = ORIENTED_EDGE('',*,*,#11289,.T.);
#11289 = EDGE_CURVE('',#7634,#11148,#11290,.T.);
#11290 = LINE('',#11291,#11292);
#11291 = CARTESIAN_POINT('',(-0.40000000596,-5.099999904633,0.));
#11292 = VECTOR('',#11293,1.);
#11293 = DIRECTION('',(0.962398372363,-0.271641993944,0.));
#11294 = PLANE('',#11295);
#11295 = AXIS2_PLACEMENT_3D('',#11296,#11297,#11298);
#11296 = CARTESIAN_POINT('',(0.260617585724,-5.377602584985,0.));
#11297 = DIRECTION('',(-0.,-0.,-1.));
#11298 = DIRECTION('',(-1.,0.,0.));
#11299 = ADVANCED_FACE('',(#11300),#11310,.T.);
#11300 = FACE_BOUND('',#11301,.T.);
#11301 = EDGE_LOOP('',(#11302,#11308,#11309));
#11302 = ORIENTED_EDGE('',*,*,#11303,.T.);
#11303 = EDGE_CURVE('',#7595,#11148,#11304,.T.);
#11304 = LINE('',#11305,#11306);
#11305 = CARTESIAN_POINT('',(-0.403038442135,-5.065270423889,0.));
#11306 = VECTOR('',#11307,1.);
#11307 = DIRECTION('',(0.956204521047,-0.292699357584,0.));
#11308 = ORIENTED_EDGE('',*,*,#11289,.F.);
#11309 = ORIENTED_EDGE('',*,*,#7642,.F.);
#11310 = PLANE('',#11311);
#11311 = AXIS2_PLACEMENT_3D('',#11312,#11313,#11314);
#11312 = CARTESIAN_POINT('',(0.29955250536,-5.288849680381,0.));
#11313 = DIRECTION('',(-0.,-0.,-1.));
#11314 = DIRECTION('',(-1.,0.,0.));
#11315 = ADVANCED_FACE('',(#11316),#11321,.T.);
#11316 = FACE_BOUND('',#11317,.T.);
#11317 = EDGE_LOOP('',(#11318,#11319,#11320));
#11318 = ORIENTED_EDGE('',*,*,#11176,.F.);
#11319 = ORIENTED_EDGE('',*,*,#11303,.F.);
#11320 = ORIENTED_EDGE('',*,*,#7603,.F.);
#11321 = PLANE('',#11322);
#11322 = AXIS2_PLACEMENT_3D('',#11323,#11324,#11325);
#11323 = CARTESIAN_POINT('',(0.296577642832,-5.271561550862,0.));
#11324 = DIRECTION('',(-0.,-0.,-1.));
#11325 = DIRECTION('',(-1.,0.,0.));
#11326 = ADVANCED_FACE('',(#11327),#11351,.T.);
#11327 = FACE_BOUND('',#11328,.T.);
#11328 = EDGE_LOOP('',(#11329,#11337,#11345));
#11329 = ORIENTED_EDGE('',*,*,#11330,.T.);
#11330 = EDGE_CURVE('',#11276,#11331,#11333,.T.);
#11331 = VERTEX_POINT('',#11332);
#11332 = CARTESIAN_POINT('',(-0.234729632735,-5.496961593628,0.));
#11333 = LINE('',#11334,#11335);
#11334 = CARTESIAN_POINT('',(-0.20000000298,-5.5,0.));
#11335 = VECTOR('',#11336,1.);
#11336 = DIRECTION('',(-0.996194803986,8.715453235772E-02,0.));
#11337 = ORIENTED_EDGE('',*,*,#11338,.T.);
#11338 = EDGE_CURVE('',#11331,#11339,#11341,.T.);
#11339 = VERTEX_POINT('',#11340);
#11340 = CARTESIAN_POINT('',(-0.26840403676,-5.487938404083,0.));
#11341 = LINE('',#11342,#11343);
#11342 = CARTESIAN_POINT('',(-0.234729632735,-5.496961593628,0.));
#11343 = VECTOR('',#11344,1.);
#11344 = DIRECTION('',(-0.965924677615,0.258823331974,0.));
#11345 = ORIENTED_EDGE('',*,*,#11346,.T.);
#11346 = EDGE_CURVE('',#11339,#11276,#11347,.T.);
#11347 = LINE('',#11348,#11349);
#11348 = CARTESIAN_POINT('',(-0.26840403676,-5.487938404083,0.));
#11349 = VECTOR('',#11350,1.);
#11350 = DIRECTION('',(0.984807459607,-0.173649841642,0.));
#11351 = PLANE('',#11352);
#11352 = AXIS2_PLACEMENT_3D('',#11353,#11354,#11355);
#11353 = CARTESIAN_POINT('',(-0.234334182194,-5.494718724765,0.));
#11354 = DIRECTION('',(-0.,-0.,-1.));
#11355 = DIRECTION('',(-1.,0.,0.));
#11356 = ADVANCED_FACE('',(#11357),#11374,.T.);
#11357 = FACE_BOUND('',#11358,.T.);
#11358 = EDGE_LOOP('',(#11359,#11367,#11368));
#11359 = ORIENTED_EDGE('',*,*,#11360,.T.);
#11360 = EDGE_CURVE('',#11361,#11276,#11363,.T.);
#11361 = VERTEX_POINT('',#11362);
#11362 = CARTESIAN_POINT('',(-0.300000011921,-5.473205089569,0.));
#11363 = LINE('',#11364,#11365);
#11364 = CARTESIAN_POINT('',(-0.300000011921,-5.473205089569,0.));
#11365 = VECTOR('',#11366,1.);
#11366 = DIRECTION('',(0.965925853354,-0.258818944095,0.));
#11367 = ORIENTED_EDGE('',*,*,#11346,.F.);
#11368 = ORIENTED_EDGE('',*,*,#11369,.T.);
#11369 = EDGE_CURVE('',#11339,#11361,#11370,.T.);
#11370 = LINE('',#11371,#11372);
#11371 = CARTESIAN_POINT('',(-0.26840403676,-5.487938404083,0.));
#11372 = VECTOR('',#11373,1.);
#11373 = DIRECTION('',(-0.906309222669,0.422615183003,0.));
#11374 = PLANE('',#11375);
#11375 = AXIS2_PLACEMENT_3D('',#11376,#11377,#11378);
#11376 = CARTESIAN_POINT('',(-0.250457271823,-5.48805280641,0.));
#11377 = DIRECTION('',(-0.,-0.,-1.));
#11378 = DIRECTION('',(-1.,0.,0.));
#11379 = ADVANCED_FACE('',(#11380),#11397,.T.);
#11380 = FACE_BOUND('',#11381,.T.);
#11381 = EDGE_LOOP('',(#11382,#11390,#11391));
#11382 = ORIENTED_EDGE('',*,*,#11383,.T.);
#11383 = EDGE_CURVE('',#11384,#11276,#11386,.T.);
#11384 = VERTEX_POINT('',#11385);
#11385 = CARTESIAN_POINT('',(-0.328557521105,-5.45320892334,0.));
#11386 = LINE('',#11387,#11388);
#11387 = CARTESIAN_POINT('',(-0.328557521105,-5.45320892334,0.));
#11388 = VECTOR('',#11389,1.);
#11389 = DIRECTION('',(0.939692699082,-0.342019928209,0.));
#11390 = ORIENTED_EDGE('',*,*,#11360,.F.);
#11391 = ORIENTED_EDGE('',*,*,#11392,.T.);
#11392 = EDGE_CURVE('',#11361,#11384,#11393,.T.);
#11393 = LINE('',#11394,#11395);
#11394 = CARTESIAN_POINT('',(-0.300000011921,-5.473205089569,0.));
#11395 = VECTOR('',#11396,1.);
#11396 = DIRECTION('',(-0.819152273048,0.573576109649,0.));
#11397 = PLANE('',#11398);
#11398 = AXIS2_PLACEMENT_3D('',#11399,#11400,#11401);
#11399 = CARTESIAN_POINT('',(-0.265241226388,-5.478668474476,0.));
#11400 = DIRECTION('',(-0.,-0.,-1.));
#11401 = DIRECTION('',(-1.,0.,0.));
#11402 = ADVANCED_FACE('',(#11403),#11420,.T.);
#11403 = FACE_BOUND('',#11404,.T.);
#11404 = EDGE_LOOP('',(#11405,#11406,#11414));
#11405 = ORIENTED_EDGE('',*,*,#11383,.F.);
#11406 = ORIENTED_EDGE('',*,*,#11407,.T.);
#11407 = EDGE_CURVE('',#11384,#11408,#11410,.T.);
#11408 = VERTEX_POINT('',#11409);
#11409 = CARTESIAN_POINT('',(-0.353208899498,-5.428557395935,0.));
#11410 = LINE('',#11411,#11412);
#11411 = CARTESIAN_POINT('',(-0.328557521105,-5.45320892334,0.));
#11412 = VECTOR('',#11413,1.);
#11413 = DIRECTION('',(-0.707104644045,0.707108918321,0.));
#11414 = ORIENTED_EDGE('',*,*,#11415,.T.);
#11415 = EDGE_CURVE('',#11408,#11276,#11416,.T.);
#11416 = LINE('',#11417,#11418);
#11417 = CARTESIAN_POINT('',(-0.353208899498,-5.428557395935,0.));
#11418 = VECTOR('',#11419,1.);
#11419 = DIRECTION('',(0.906307509885,-0.422618856094,0.));
#11420 = PLANE('',#11421);
#11421 = AXIS2_PLACEMENT_3D('',#11422,#11423,#11424);
#11422 = CARTESIAN_POINT('',(-0.278232366149,-5.466834004646,0.));
#11423 = DIRECTION('',(-0.,-0.,-1.));
#11424 = DIRECTION('',(-1.,0.,0.));
#11425 = ADVANCED_FACE('',(#11426),#11443,.T.);
#11426 = FACE_BOUND('',#11427,.T.);
#11427 = EDGE_LOOP('',(#11428,#11436,#11437));
#11428 = ORIENTED_EDGE('',*,*,#11429,.T.);
#11429 = EDGE_CURVE('',#11430,#11276,#11432,.T.);
#11430 = VERTEX_POINT('',#11431);
#11431 = CARTESIAN_POINT('',(-0.37320509553,-5.400000095367,0.));
#11432 = LINE('',#11433,#11434);
#11433 = CARTESIAN_POINT('',(-0.37320509553,-5.400000095367,0.));
#11434 = VECTOR('',#11435,1.);
#11435 = DIRECTION('',(0.866025625001,-0.499999616841,0.));
#11436 = ORIENTED_EDGE('',*,*,#11415,.F.);
#11437 = ORIENTED_EDGE('',*,*,#11438,.T.);
#11438 = EDGE_CURVE('',#11408,#11430,#11439,.T.);
#11439 = LINE('',#11440,#11441);
#11440 = CARTESIAN_POINT('',(-0.353208899498,-5.428557395935,0.));
#11441 = VECTOR('',#11442,1.);
#11442 = DIRECTION('',(-0.573579494843,0.819149902701,0.));
#11443 = PLANE('',#11444);
#11444 = AXIS2_PLACEMENT_3D('',#11445,#11446,#11447);
#11445 = CARTESIAN_POINT('',(-0.289029927964,-5.452892894023,0.));
#11446 = DIRECTION('',(-0.,-0.,-1.));
#11447 = DIRECTION('',(-1.,0.,0.));
#11448 = ADVANCED_FACE('',(#11449),#11466,.T.);
#11449 = FACE_BOUND('',#11450,.T.);
#11450 = EDGE_LOOP('',(#11451,#11459,#11460));
#11451 = ORIENTED_EDGE('',*,*,#11452,.T.);
#11452 = EDGE_CURVE('',#11453,#11276,#11455,.T.);
#11453 = VERTEX_POINT('',#11454);
#11454 = CARTESIAN_POINT('',(-0.387938529253,-5.368403911591,0.));
#11455 = LINE('',#11456,#11457);
#11456 = CARTESIAN_POINT('',(-0.387938529253,-5.368403911591,0.));
#11457 = VECTOR('',#11458,1.);
#11458 = DIRECTION('',(0.819151807568,-0.573576774424,0.));
#11459 = ORIENTED_EDGE('',*,*,#11429,.F.);
#11460 = ORIENTED_EDGE('',*,*,#11461,.T.);
#11461 = EDGE_CURVE('',#11430,#11453,#11462,.T.);
#11462 = LINE('',#11463,#11464);
#11463 = CARTESIAN_POINT('',(-0.37320509553,-5.400000095367,0.));
#11464 = VECTOR('',#11465,1.);
#11465 = DIRECTION('',(-0.422615699716,0.906308981724,0.));
#11466 = PLANE('',#11467);
#11467 = AXIS2_PLACEMENT_3D('',#11468,#11469,#11470);
#11468 = CARTESIAN_POINT('',(-0.297298708122,-5.437252819994,0.));
#11469 = DIRECTION('',(-0.,-0.,-1.));
#11470 = DIRECTION('',(-1.,0.,0.));
#11471 = ADVANCED_FACE('',(#11472),#11489,.T.);
#11472 = FACE_BOUND('',#11473,.T.);
#11473 = EDGE_LOOP('',(#11474,#11475,#11483));
#11474 = ORIENTED_EDGE('',*,*,#11452,.F.);
#11475 = ORIENTED_EDGE('',*,*,#11476,.T.);
#11476 = EDGE_CURVE('',#11453,#11477,#11479,.T.);
#11477 = VERTEX_POINT('',#11478);
#11478 = CARTESIAN_POINT('',(-0.396961539984,-5.334729671478,0.));
#11479 = LINE('',#11480,#11481);
#11480 = CARTESIAN_POINT('',(-0.387938529253,-5.368403911591,0.));
#11481 = VECTOR('',#11482,1.);
#11482 = DIRECTION('',(-0.258819721854,0.965925644954,0.));
#11483 = ORIENTED_EDGE('',*,*,#11484,.T.);
#11484 = EDGE_CURVE('',#11477,#11276,#11485,.T.);
#11485 = LINE('',#11486,#11487);
#11486 = CARTESIAN_POINT('',(-0.396961539984,-5.334729671478,0.));
#11487 = VECTOR('',#11488,1.);
#11488 = DIRECTION('',(0.766044490104,-0.642787553692,0.));
#11489 = PLANE('',#11490);
#11490 = AXIS2_PLACEMENT_3D('',#11491,#11492,#11493);
#11491 = CARTESIAN_POINT('',(-0.302778544787,-5.420374169927,0.));
#11492 = DIRECTION('',(-0.,-0.,-1.));
#11493 = DIRECTION('',(-1.,0.,0.));
#11494 = ADVANCED_FACE('',(#11495),#11510,.T.);
#11495 = FACE_BOUND('',#11496,.T.);
#11496 = EDGE_LOOP('',(#11497,#11503,#11504));
#11497 = ORIENTED_EDGE('',*,*,#11498,.T.);
#11498 = EDGE_CURVE('',#7658,#11276,#11499,.T.);
#11499 = LINE('',#11500,#11501);
#11500 = CARTESIAN_POINT('',(-0.40000000596,-5.300000190735,0.));
#11501 = VECTOR('',#11502,1.);
#11502 = DIRECTION('',(0.70710712363,-0.707106438743,0.));
#11503 = ORIENTED_EDGE('',*,*,#11484,.F.);
#11504 = ORIENTED_EDGE('',*,*,#11505,.T.);
#11505 = EDGE_CURVE('',#11477,#7658,#11506,.T.);
#11506 = LINE('',#11507,#11508);
#11507 = CARTESIAN_POINT('',(-0.396961539984,-5.334729671478,0.));
#11508 = VECTOR('',#11509,1.);
#11509 = DIRECTION('',(-8.715660020257E-02,0.996194623074,0.));
#11510 = PLANE('',#11511);
#11511 = AXIS2_PLACEMENT_3D('',#11512,#11513,#11514);
#11512 = CARTESIAN_POINT('',(-0.305293199848,-5.402755561614,0.));
#11513 = DIRECTION('',(-0.,-0.,-1.));
#11514 = DIRECTION('',(-1.,0.,0.));
#11515 = ADVANCED_FACE('',(#11516),#11521,.T.);
#11516 = FACE_BOUND('',#11517,.T.);
#11517 = EDGE_LOOP('',(#11518,#11519,#11520));
#11518 = ORIENTED_EDGE('',*,*,#11283,.F.);
#11519 = ORIENTED_EDGE('',*,*,#11498,.F.);
#11520 = ORIENTED_EDGE('',*,*,#7657,.F.);
#11521 = PLANE('',#11522);
#11522 = AXIS2_PLACEMENT_3D('',#11523,#11524,#11525);
#11523 = CARTESIAN_POINT('',(-0.321504104358,-5.308907248237,0.));
#11524 = DIRECTION('',(-0.,-0.,-1.));
#11525 = DIRECTION('',(-1.,0.,0.));
#11526 = ADVANCED_FACE('',(#11527),#11532,.T.);
#11527 = FACE_BOUND('',#11528,.T.);
#11528 = EDGE_LOOP('',(#11529,#11530,#11531));
#11529 = ORIENTED_EDGE('',*,*,#11190,.F.);
#11530 = ORIENTED_EDGE('',*,*,#7525,.F.);
#11531 = ORIENTED_EDGE('',*,*,#11087,.F.);
#11532 = PLANE('',#11533);
#11533 = AXIS2_PLACEMENT_3D('',#11534,#11535,#11536);
#11534 = CARTESIAN_POINT('',(0.352559404199,-5.211144978417,0.));
#11535 = DIRECTION('',(-0.,-0.,-1.));
#11536 = DIRECTION('',(-1.,0.,0.));
#11537 = ADVANCED_FACE('',(#11538),#11548,.T.);
#11538 = FACE_BOUND('',#11539,.T.);
#11539 = EDGE_LOOP('',(#11540,#11541,#11542));
#11540 = ORIENTED_EDGE('',*,*,#11123,.F.);
#11541 = ORIENTED_EDGE('',*,*,#7408,.F.);
#11542 = ORIENTED_EDGE('',*,*,#11543,.T.);
#11543 = EDGE_CURVE('',#7361,#8286,#11544,.T.);
#11544 = LINE('',#11545,#11546);
#11545 = CARTESIAN_POINT('',(-0.531595945358,-4.912061691284,0.));
#11546 = VECTOR('',#11547,1.);
#11547 = DIRECTION('',(0.975094375345,0.221790349587,0.));
#11548 = PLANE('',#11549);
#11549 = AXIS2_PLACEMENT_3D('',#11550,#11551,#11552);
#11550 = CARTESIAN_POINT('',(0.90433377138,-4.590938783838,0.));
#11551 = DIRECTION('',(-0.,-0.,-1.));
#11552 = DIRECTION('',(-1.,0.,0.));
#11553 = ADVANCED_FACE('',(#11554),#11559,.T.);
#11554 = FACE_BOUND('',#11555,.T.);
#11555 = EDGE_LOOP('',(#11556,#11557,#11558));
#11556 = ORIENTED_EDGE('',*,*,#8285,.F.);
#11557 = ORIENTED_EDGE('',*,*,#11543,.F.);
#11558 = ORIENTED_EDGE('',*,*,#7369,.F.);
#11559 = PLANE('',#11560);
#11560 = AXIS2_PLACEMENT_3D('',#11561,#11562,#11563);
#11561 = CARTESIAN_POINT('',(0.887996463398,-4.58495125502,0.));
#11562 = DIRECTION('',(-0.,-0.,-1.));
#11563 = DIRECTION('',(-1.,0.,0.));
#11564 = ADVANCED_FACE('',(#11565),#11580,.T.);
#11565 = FACE_BOUND('',#11566,.T.);
#11566 = EDGE_LOOP('',(#11567,#11568,#11574));
#11567 = ORIENTED_EDGE('',*,*,#11330,.F.);
#11568 = ORIENTED_EDGE('',*,*,#11569,.T.);
#11569 = EDGE_CURVE('',#11276,#4599,#11570,.T.);
#11570 = LINE('',#11571,#11572);
#11571 = CARTESIAN_POINT('',(-0.20000000298,-5.5,0.));
#11572 = VECTOR('',#11573,1.);
#11573 = DIRECTION('',(0.,0.,1.));
#11574 = ORIENTED_EDGE('',*,*,#11575,.T.);
#11575 = EDGE_CURVE('',#4599,#11331,#11576,.T.);
#11576 = LINE('',#11577,#11578);
#11577 = CARTESIAN_POINT('',(-0.20000000298,-5.5,0.699999988079));
#11578 = VECTOR('',#11579,1.);
#11579 = DIRECTION('',(-4.955234173609E-02,4.335207485481E-03,
    -0.998762119528));
#11580 = PLANE('',#11581);
#11581 = AXIS2_PLACEMENT_3D('',#11582,#11583,#11584);
#11582 = CARTESIAN_POINT('',(-0.208898482653,-5.499221494801,
    0.341501319713));
#11583 = DIRECTION('',(-8.715453235772E-02,-0.996194803986,-0.));
#11584 = DIRECTION('',(-0.996194803986,8.715453235772E-02,0.));
#11585 = ADVANCED_FACE('',(#11586),#11596,.T.);
#11586 = FACE_BOUND('',#11587,.T.);
#11587 = EDGE_LOOP('',(#11588,#11594,#11595));
#11588 = ORIENTED_EDGE('',*,*,#11589,.T.);
#11589 = EDGE_CURVE('',#4553,#11331,#11590,.T.);
#11590 = LINE('',#11591,#11592);
#11591 = CARTESIAN_POINT('',(-0.234729632735,-5.496961593628,
    0.699999988079));
#11592 = VECTOR('',#11593,1.);
#11593 = DIRECTION('',(0.,0.,-1.));
#11594 = ORIENTED_EDGE('',*,*,#11575,.F.);
#11595 = ORIENTED_EDGE('',*,*,#4607,.F.);
#11596 = PLANE('',#11597);
#11597 = AXIS2_PLACEMENT_3D('',#11598,#11599,#11600);
#11598 = CARTESIAN_POINT('',(-0.225831153062,-5.497740098827,
    0.358498668366));
#11599 = DIRECTION('',(-8.715453235772E-02,-0.996194803986,-0.));
#11600 = DIRECTION('',(-0.996194803986,8.715453235772E-02,0.));
#11601 = ADVANCED_FACE('',(#11602),#11612,.T.);
#11602 = FACE_BOUND('',#11603,.T.);
#11603 = EDGE_LOOP('',(#11604,#11605,#11606));
#11604 = ORIENTED_EDGE('',*,*,#11338,.F.);
#11605 = ORIENTED_EDGE('',*,*,#11589,.F.);
#11606 = ORIENTED_EDGE('',*,*,#11607,.T.);
#11607 = EDGE_CURVE('',#4553,#11339,#11608,.T.);
#11608 = LINE('',#11609,#11610);
#11609 = CARTESIAN_POINT('',(-0.234729632735,-5.496961593628,
    0.699999988079));
#11610 = VECTOR('',#11611,1.);
#11611 = DIRECTION('',(-4.804674223161E-02,1.287431432602E-02,
    -0.998762115116));
#11612 = PLANE('',#11613);
#11613 = AXIS2_PLACEMENT_3D('',#11614,#11615,#11616);
#11614 = CARTESIAN_POINT('',(-0.243357741207,-5.494649657889,
    0.341501304927));
#11615 = DIRECTION('',(-0.258823331974,-0.965924677615,-0.));
#11616 = DIRECTION('',(-0.965924677615,0.258823331974,0.));
#11617 = ADVANCED_FACE('',(#11618),#11628,.T.);
#11618 = FACE_BOUND('',#11619,.T.);
#11619 = EDGE_LOOP('',(#11620,#11626,#11627));
#11620 = ORIENTED_EDGE('',*,*,#11621,.T.);
#11621 = EDGE_CURVE('',#4507,#11339,#11622,.T.);
#11622 = LINE('',#11623,#11624);
#11623 = CARTESIAN_POINT('',(-0.26840403676,-5.487938404083,
    0.699999988079));
#11624 = VECTOR('',#11625,1.);
#11625 = DIRECTION('',(0.,0.,-1.));
#11626 = ORIENTED_EDGE('',*,*,#11607,.F.);
#11627 = ORIENTED_EDGE('',*,*,#4561,.F.);
#11628 = PLANE('',#11629);
#11629 = AXIS2_PLACEMENT_3D('',#11630,#11631,#11632);
#11630 = CARTESIAN_POINT('',(-0.259775928289,-5.490250339822,
    0.358498683152));
#11631 = DIRECTION('',(-0.258823331974,-0.965924677615,-0.));
#11632 = DIRECTION('',(-0.965924677615,0.258823331974,0.));
#11633 = ADVANCED_FACE('',(#11634),#11644,.T.);
#11634 = FACE_BOUND('',#11635,.T.);
#11635 = EDGE_LOOP('',(#11636,#11637,#11638));
#11636 = ORIENTED_EDGE('',*,*,#11369,.F.);
#11637 = ORIENTED_EDGE('',*,*,#11621,.F.);
#11638 = ORIENTED_EDGE('',*,*,#11639,.T.);
#11639 = EDGE_CURVE('',#4507,#11361,#11640,.T.);
#11640 = LINE('',#11641,#11642);
#11641 = CARTESIAN_POINT('',(-0.26840403676,-5.487938404083,
    0.699999988079));
#11642 = VECTOR('',#11643,1.);
#11643 = DIRECTION('',(-4.508123392901E-02,2.102153817967E-02,
    -0.99876212247));
#11644 = PLANE('',#11645);
#11645 = AXIS2_PLACEMENT_3D('',#11646,#11647,#11648);
#11646 = CARTESIAN_POINT('',(-0.276499606353,-5.484163411466,
    0.341501329571));
#11647 = DIRECTION('',(-0.422615183003,-0.906309222669,-0.));
#11648 = DIRECTION('',(-0.906309222669,0.422615183003,0.));
#11649 = ADVANCED_FACE('',(#11650),#11660,.T.);
#11650 = FACE_BOUND('',#11651,.T.);
#11651 = EDGE_LOOP('',(#11652,#11658,#11659));
#11652 = ORIENTED_EDGE('',*,*,#11653,.T.);
#11653 = EDGE_CURVE('',#4461,#11361,#11654,.T.);
#11654 = LINE('',#11655,#11656);
#11655 = CARTESIAN_POINT('',(-0.300000011921,-5.473205089569,
    0.699999988079));
#11656 = VECTOR('',#11657,1.);
#11657 = DIRECTION('',(0.,0.,-1.));
#11658 = ORIENTED_EDGE('',*,*,#11639,.F.);
#11659 = ORIENTED_EDGE('',*,*,#4515,.F.);
#11660 = PLANE('',#11661);
#11661 = AXIS2_PLACEMENT_3D('',#11662,#11663,#11664);
#11662 = CARTESIAN_POINT('',(-0.291904442328,-5.476980082187,
    0.358498658508));
#11663 = DIRECTION('',(-0.422615183003,-0.906309222669,-0.));
#11664 = DIRECTION('',(-0.906309222669,0.422615183003,0.));
#11665 = ADVANCED_FACE('',(#11666),#11676,.T.);
#11666 = FACE_BOUND('',#11667,.T.);
#11667 = EDGE_LOOP('',(#11668,#11669,#11670));
#11668 = ORIENTED_EDGE('',*,*,#11392,.F.);
#11669 = ORIENTED_EDGE('',*,*,#11653,.F.);
#11670 = ORIENTED_EDGE('',*,*,#11671,.T.);
#11671 = EDGE_CURVE('',#4461,#11384,#11672,.T.);
#11672 = LINE('',#11673,#11674);
#11673 = CARTESIAN_POINT('',(-0.300000011921,-5.473205089569,
    0.699999988079));
#11674 = VECTOR('',#11675,1.);
#11675 = DIRECTION('',(-4.074594131236E-02,2.85305910401E-02,
    -0.998762120648));
#11676 = PLANE('',#11677);
#11677 = AXIS2_PLACEMENT_3D('',#11678,#11679,#11680);
#11678 = CARTESIAN_POINT('',(-0.307317061195,-5.468081640859,
    0.341501323467));
#11679 = DIRECTION('',(-0.573576109649,-0.819152273048,-0.));
#11680 = DIRECTION('',(-0.819152273048,0.573576109649,0.));
#11681 = ADVANCED_FACE('',(#11682),#11692,.T.);
#11682 = FACE_BOUND('',#11683,.T.);
#11683 = EDGE_LOOP('',(#11684,#11690,#11691));
#11684 = ORIENTED_EDGE('',*,*,#11685,.T.);
#11685 = EDGE_CURVE('',#4415,#11384,#11686,.T.);
#11686 = LINE('',#11687,#11688);
#11687 = CARTESIAN_POINT('',(-0.328557521105,-5.45320892334,
    0.699999988079));
#11688 = VECTOR('',#11689,1.);
#11689 = DIRECTION('',(0.,0.,-1.));
#11690 = ORIENTED_EDGE('',*,*,#11671,.F.);
#11691 = ORIENTED_EDGE('',*,*,#4469,.F.);
#11692 = PLANE('',#11693);
#11693 = AXIS2_PLACEMENT_3D('',#11694,#11695,#11696);
#11694 = CARTESIAN_POINT('',(-0.321240471831,-5.45833237205,
    0.358498664612));
#11695 = DIRECTION('',(-0.573576109649,-0.819152273048,-0.));
#11696 = DIRECTION('',(-0.819152273048,0.573576109649,0.));
#11697 = ADVANCED_FACE('',(#11698),#11708,.T.);
#11698 = FACE_BOUND('',#11699,.T.);
#11699 = EDGE_LOOP('',(#11700,#11701,#11702));
#11700 = ORIENTED_EDGE('',*,*,#11407,.F.);
#11701 = ORIENTED_EDGE('',*,*,#11685,.F.);
#11702 = ORIENTED_EDGE('',*,*,#11703,.T.);
#11703 = EDGE_CURVE('',#4415,#11408,#11704,.T.);
#11704 = LINE('',#11705,#11706);
#11705 = CARTESIAN_POINT('',(-0.328557521105,-5.45320892334,
    0.699999988079));
#11706 = VECTOR('',#11707,1.);
#11707 = DIRECTION('',(-3.517266160413E-02,3.517287421435E-02,
    -0.998762110212));
#11708 = PLANE('',#11709);
#11709 = AXIS2_PLACEMENT_3D('',#11710,#11711,#11712);
#11710 = CARTESIAN_POINT('',(-0.334873736139,-5.446892670125,
    0.341501288491));
#11711 = DIRECTION('',(-0.707108918321,-0.707104644045,-0.));
#11712 = DIRECTION('',(0.707104644045,-0.707108918321,0.));
#11713 = ADVANCED_FACE('',(#11714),#11724,.T.);
#11714 = FACE_BOUND('',#11715,.T.);
#11715 = EDGE_LOOP('',(#11716,#11722,#11723));
#11716 = ORIENTED_EDGE('',*,*,#11717,.T.);
#11717 = EDGE_CURVE('',#4393,#11408,#11718,.T.);
#11718 = LINE('',#11719,#11720);
#11719 = CARTESIAN_POINT('',(-0.353208899498,-5.428557395935,
    0.699999988079));
#11720 = VECTOR('',#11721,1.);
#11721 = DIRECTION('',(0.,0.,-1.));
#11722 = ORIENTED_EDGE('',*,*,#11703,.F.);
#11723 = ORIENTED_EDGE('',*,*,#4423,.F.);
#11724 = PLANE('',#11725);
#11725 = AXIS2_PLACEMENT_3D('',#11726,#11727,#11728);
#11726 = CARTESIAN_POINT('',(-0.346892684463,-5.43487364915,
    0.358498699589));
#11727 = DIRECTION('',(-0.707108918321,-0.707104644045,-0.));
#11728 = DIRECTION('',(0.707104644045,-0.707108918321,0.));
#11729 = ADVANCED_FACE('',(#11730),#11740,.T.);
#11730 = FACE_BOUND('',#11731,.T.);
#11731 = EDGE_LOOP('',(#11732,#11733,#11734));
#11732 = ORIENTED_EDGE('',*,*,#11438,.F.);
#11733 = ORIENTED_EDGE('',*,*,#11717,.F.);
#11734 = ORIENTED_EDGE('',*,*,#11735,.T.);
#11735 = EDGE_CURVE('',#4393,#11430,#11736,.T.);
#11736 = LINE('',#11737,#11738);
#11737 = CARTESIAN_POINT('',(-0.353208899498,-5.428557395935,
    0.699999988079));
#11738 = VECTOR('',#11739,1.);
#11739 = DIRECTION('',(-2.853063387355E-02,4.074564410279E-02,
    -0.99876213155));
#11740 = PLANE('',#11741);
#11741 = AXIS2_PLACEMENT_3D('',#11742,#11743,#11744);
#11742 = CARTESIAN_POINT('',(-0.358332355296,-5.421240400896,
    0.341501360003));
#11743 = DIRECTION('',(-0.819149902701,-0.573579494843,-0.));
#11744 = DIRECTION('',(0.573579494843,-0.819149902701,0.));
#11745 = ADVANCED_FACE('',(#11746),#11756,.T.);
#11746 = FACE_BOUND('',#11747,.T.);
#11747 = EDGE_LOOP('',(#11748,#11754,#11755));
#11748 = ORIENTED_EDGE('',*,*,#11749,.T.);
#11749 = EDGE_CURVE('',#4369,#11430,#11750,.T.);
#11750 = LINE('',#11751,#11752);
#11751 = CARTESIAN_POINT('',(-0.37320509553,-5.400000095367,
    0.699999988079));
#11752 = VECTOR('',#11753,1.);
#11753 = DIRECTION('',(0.,0.,-1.));
#11754 = ORIENTED_EDGE('',*,*,#11735,.F.);
#11755 = ORIENTED_EDGE('',*,*,#4392,.F.);
#11756 = PLANE('',#11757);
#11757 = AXIS2_PLACEMENT_3D('',#11758,#11759,#11760);
#11758 = CARTESIAN_POINT('',(-0.368081639731,-5.407317090407,
    0.358498628076));
#11759 = DIRECTION('',(-0.819149902701,-0.573579494843,-0.));
#11760 = DIRECTION('',(0.573579494843,-0.819149902701,0.));
#11761 = ADVANCED_FACE('',(#11762),#11772,.T.);
#11762 = FACE_BOUND('',#11763,.T.);
#11763 = EDGE_LOOP('',(#11764,#11765,#11766));
#11764 = ORIENTED_EDGE('',*,*,#11461,.F.);
#11765 = ORIENTED_EDGE('',*,*,#11749,.F.);
#11766 = ORIENTED_EDGE('',*,*,#11767,.T.);
#11767 = EDGE_CURVE('',#4369,#11453,#11768,.T.);
#11768 = LINE('',#11769,#11770);
#11769 = CARTESIAN_POINT('',(-0.37320509553,-5.400000095367,
    0.699999988079));
#11770 = VECTOR('',#11771,1.);
#11771 = DIRECTION('',(-2.10217079106E-02,4.50815308172E-02,
    -0.998762105496));
#11772 = PLANE('',#11773);
#11773 = AXIS2_PLACEMENT_3D('',#11774,#11775,#11776);
#11774 = CARTESIAN_POINT('',(-0.37698011932,-5.391904470974,
    0.341501272686));
#11775 = DIRECTION('',(-0.906308981724,-0.422615699716,-0.));
#11776 = DIRECTION('',(0.422615699716,-0.906308981724,0.));
#11777 = ADVANCED_FACE('',(#11778),#11788,.T.);
#11778 = FACE_BOUND('',#11779,.T.);
#11779 = EDGE_LOOP('',(#11780,#11786,#11787));
#11780 = ORIENTED_EDGE('',*,*,#11781,.T.);
#11781 = EDGE_CURVE('',#4346,#11453,#11782,.T.);
#11782 = LINE('',#11783,#11784);
#11783 = CARTESIAN_POINT('',(-0.387938529253,-5.368403911591,
    0.699999988079));
#11784 = VECTOR('',#11785,1.);
#11785 = DIRECTION('',(0.,0.,-1.));
#11786 = ORIENTED_EDGE('',*,*,#11767,.F.);
#11787 = ORIENTED_EDGE('',*,*,#4377,.F.);
#11788 = PLANE('',#11789);
#11789 = AXIS2_PLACEMENT_3D('',#11790,#11791,#11792);
#11790 = CARTESIAN_POINT('',(-0.384163505463,-5.376499535984,
    0.358498715393));
#11791 = DIRECTION('',(-0.906308981724,-0.422615699716,-0.));
#11792 = DIRECTION('',(0.422615699716,-0.906308981724,0.));
#11793 = ADVANCED_FACE('',(#11794),#11804,.T.);
#11794 = FACE_BOUND('',#11795,.T.);
#11795 = EDGE_LOOP('',(#11796,#11797,#11798));
#11796 = ORIENTED_EDGE('',*,*,#11476,.F.);
#11797 = ORIENTED_EDGE('',*,*,#11781,.F.);
#11798 = ORIENTED_EDGE('',*,*,#11799,.T.);
#11799 = EDGE_CURVE('',#4346,#11477,#11800,.T.);
#11800 = LINE('',#11801,#11802);
#11801 = CARTESIAN_POINT('',(-0.387938529253,-5.368403911591,
    0.699999988079));
#11802 = VECTOR('',#11803,1.);
#11803 = DIRECTION('',(-1.28740593807E-02,4.804650905807E-02,
    -0.99876212962));
#11804 = PLANE('',#11805);
#11805 = AXIS2_PLACEMENT_3D('',#11806,#11807,#11808);
#11806 = CARTESIAN_POINT('',(-0.390250418847,-5.359775846345,
    0.341501353535));
#11807 = DIRECTION('',(-0.965925644954,-0.258819721854,-0.));
#11808 = DIRECTION('',(0.258819721854,-0.965925644954,0.));
#11809 = ADVANCED_FACE('',(#11810),#11820,.T.);
#11810 = FACE_BOUND('',#11811,.T.);
#11811 = EDGE_LOOP('',(#11812,#11818,#11819));
#11812 = ORIENTED_EDGE('',*,*,#11813,.T.);
#11813 = EDGE_CURVE('',#4324,#11477,#11814,.T.);
#11814 = LINE('',#11815,#11816);
#11815 = CARTESIAN_POINT('',(-0.396961539984,-5.334729671478,
    0.699999988079));
#11816 = VECTOR('',#11817,1.);
#11817 = DIRECTION('',(0.,0.,-1.));
#11818 = ORIENTED_EDGE('',*,*,#11799,.F.);
#11819 = ORIENTED_EDGE('',*,*,#4354,.F.);
#11820 = PLANE('',#11821);
#11821 = AXIS2_PLACEMENT_3D('',#11822,#11823,#11824);
#11822 = CARTESIAN_POINT('',(-0.39464965039,-5.343357736724,
    0.358498634544));
#11823 = DIRECTION('',(-0.965925644954,-0.258819721854,-0.));
#11824 = DIRECTION('',(0.258819721854,-0.965925644954,0.));
#11825 = ADVANCED_FACE('',(#11826),#11836,.T.);
#11826 = FACE_BOUND('',#11827,.T.);
#11827 = EDGE_LOOP('',(#11828,#11829,#11830));
#11828 = ORIENTED_EDGE('',*,*,#11505,.F.);
#11829 = ORIENTED_EDGE('',*,*,#11813,.F.);
#11830 = ORIENTED_EDGE('',*,*,#11831,.T.);
#11831 = EDGE_CURVE('',#4324,#7658,#11832,.T.);
#11832 = LINE('',#11833,#11834);
#11833 = CARTESIAN_POINT('',(-0.396961539984,-5.334729671478,
    0.699999988079));
#11834 = VECTOR('',#11835,1.);
#11835 = DIRECTION('',(-4.335292573645E-03,4.955212962965E-02,
    -0.998762129682));
#11836 = PLANE('',#11837);
#11837 = AXIS2_PLACEMENT_3D('',#11838,#11839,#11840);
#11838 = CARTESIAN_POINT('',(-0.397740060378,-5.325831230872,
    0.341501353745));
#11839 = DIRECTION('',(-0.996194623074,-8.715660020257E-02,-0.));
#11840 = DIRECTION('',(8.715660020257E-02,-0.996194623074,0.));
#11841 = ADVANCED_FACE('',(#11842),#11847,.T.);
#11842 = FACE_BOUND('',#11843,.T.);
#11843 = EDGE_LOOP('',(#11844,#11845,#11846));
#11844 = ORIENTED_EDGE('',*,*,#7681,.F.);
#11845 = ORIENTED_EDGE('',*,*,#11831,.F.);
#11846 = ORIENTED_EDGE('',*,*,#4323,.F.);
#11847 = PLANE('',#11848);
#11848 = AXIS2_PLACEMENT_3D('',#11849,#11850,#11851);
#11849 = CARTESIAN_POINT('',(-0.399221485567,-5.308898631341,
    0.358498634335));
#11850 = DIRECTION('',(-0.996194623074,-8.715660020257E-02,-0.));
#11851 = DIRECTION('',(8.715660020257E-02,-0.996194623074,0.));
#11852 = ADVANCED_FACE('',(#11853),#11863,.T.);
#11853 = FACE_BOUND('',#11854,.T.);
#11854 = EDGE_LOOP('',(#11855,#11856,#11857));
#11855 = ORIENTED_EDGE('',*,*,#11569,.F.);
#11856 = ORIENTED_EDGE('',*,*,#11275,.F.);
#11857 = ORIENTED_EDGE('',*,*,#11858,.T.);
#11858 = EDGE_CURVE('',#11148,#4599,#11859,.T.);
#11859 = LINE('',#11860,#11861);
#11860 = CARTESIAN_POINT('',(1.017157316208,-5.5,0.));
#11861 = VECTOR('',#11862,1.);
#11862 = DIRECTION('',(-0.866864896807,0.,0.498543128209));
#11863 = PLANE('',#11864);
#11864 = AXIS2_PLACEMENT_3D('',#11865,#11866,#11867);
#11865 = CARTESIAN_POINT('',(0.280312114222,-5.5,0.221733451647));
#11866 = DIRECTION('',(-0.,-1.,-0.));
#11867 = DIRECTION('',(0.,0.,-1.));
#11868 = ADVANCED_FACE('',(#11869),#11879,.T.);
#11869 = FACE_BOUND('',#11870,.T.);
#11870 = EDGE_LOOP('',(#11871,#11872,#11873));
#11871 = ORIENTED_EDGE('',*,*,#4630,.F.);
#11872 = ORIENTED_EDGE('',*,*,#11858,.F.);
#11873 = ORIENTED_EDGE('',*,*,#11874,.T.);
#11874 = EDGE_CURVE('',#11148,#4622,#11875,.T.);
#11875 = LINE('',#11876,#11877);
#11876 = CARTESIAN_POINT('',(1.017157316208,-5.5,0.));
#11877 = VECTOR('',#11878,1.);
#11878 = DIRECTION('',(0.,0.,1.));
#11879 = PLANE('',#11880);
#11880 = AXIS2_PLACEMENT_3D('',#11881,#11882,#11883);
#11881 = CARTESIAN_POINT('',(0.536845199006,-5.5,0.478266536432));
#11882 = DIRECTION('',(-0.,-1.,-0.));
#11883 = DIRECTION('',(0.,0.,-1.));
#11884 = ADVANCED_FACE('',(#11885),#11900,.T.);
#11885 = FACE_BOUND('',#11886,.T.);
#11886 = EDGE_LOOP('',(#11887,#11888,#11894));
#11887 = ORIENTED_EDGE('',*,*,#11139,.F.);
#11888 = ORIENTED_EDGE('',*,*,#11889,.T.);
#11889 = EDGE_CURVE('',#11080,#4116,#11890,.T.);
#11890 = LINE('',#11891,#11892);
#11891 = CARTESIAN_POINT('',(1.158578634262,-5.441421508789,0.));
#11892 = VECTOR('',#11893,1.);
#11893 = DIRECTION('',(0.,0.,1.));
#11894 = ORIENTED_EDGE('',*,*,#11895,.T.);
#11895 = EDGE_CURVE('',#4116,#11140,#11896,.T.);
#11896 = LINE('',#11897,#11898);
#11897 = CARTESIAN_POINT('',(1.158578634262,-5.441421508789,
    0.699999988079));
#11898 = VECTOR('',#11899,1.);
#11899 = DIRECTION('',(-3.405760218157E-02,-2.90878204018E-02,
    -0.998996485698));
#11900 = PLANE('',#11901);
#11901 = AXIS2_PLACEMENT_3D('',#11902,#11903,#11904);
#11902 = CARTESIAN_POINT('',(1.15247889388,-5.446631157777,
    0.342329901514));
#11903 = DIRECTION('',(0.649446501532,-0.760407286688,-0.));
#11904 = DIRECTION('',(-0.760407286688,-0.649446501532,0.));
#11905 = ADVANCED_FACE('',(#11906),#11916,.T.);
#11906 = FACE_BOUND('',#11907,.T.);
#11907 = EDGE_LOOP('',(#11908,#11914,#11915));
#11908 = ORIENTED_EDGE('',*,*,#11909,.T.);
#11909 = EDGE_CURVE('',#4438,#11140,#11910,.T.);
#11910 = LINE('',#11911,#11912);
#11911 = CARTESIAN_POINT('',(1.134714365005,-5.461803436279,
    0.699999988079));
#11912 = VECTOR('',#11913,1.);
#11913 = DIRECTION('',(0.,0.,-1.));
#11914 = ORIENTED_EDGE('',*,*,#11895,.F.);
#11915 = ORIENTED_EDGE('',*,*,#4437,.F.);
#11916 = PLANE('',#11917);
#11917 = AXIS2_PLACEMENT_3D('',#11918,#11919,#11920);
#11918 = CARTESIAN_POINT('',(1.140814105388,-5.456593787291,
    0.357670086565));
#11919 = DIRECTION('',(0.649446501532,-0.760407286688,-0.));
#11920 = DIRECTION('',(-0.760407286688,-0.649446501532,0.));
#11921 = ADVANCED_FACE('',(#11922),#11932,.T.);
#11922 = FACE_BOUND('',#11923,.T.);
#11923 = EDGE_LOOP('',(#11924,#11925,#11926));
#11924 = ORIENTED_EDGE('',*,*,#11207,.F.);
#11925 = ORIENTED_EDGE('',*,*,#11909,.F.);
#11926 = ORIENTED_EDGE('',*,*,#11927,.T.);
#11927 = EDGE_CURVE('',#4438,#11208,#11928,.T.);
#11928 = LINE('',#11929,#11930);
#11929 = CARTESIAN_POINT('',(1.134714365005,-5.461803436279,
    0.699999988079));
#11930 = VECTOR('',#11931,1.);
#11931 = DIRECTION('',(-3.818882213069E-02,-2.340213932761E-02,
    -0.998996473337));
#11932 = PLANE('',#11933);
#11933 = AXIS2_PLACEMENT_3D('',#11934,#11935,#11936);
#11934 = CARTESIAN_POINT('',(1.127874719231,-5.465994776426,
    0.342329855284));
#11935 = DIRECTION('',(0.522498548935,-0.852640174024,-0.));
#11936 = DIRECTION('',(-0.852640174024,-0.522498548935,0.));
#11937 = ADVANCED_FACE('',(#11938),#11948,.T.);
#11938 = FACE_BOUND('',#11939,.T.);
#11939 = EDGE_LOOP('',(#11940,#11946,#11947));
#11940 = ORIENTED_EDGE('',*,*,#11941,.T.);
#11941 = EDGE_CURVE('',#4484,#11208,#11942,.T.);
#11942 = LINE('',#11943,#11944);
#11943 = CARTESIAN_POINT('',(1.107955336571,-5.478201389313,
    0.699999988079));
#11944 = VECTOR('',#11945,1.);
#11945 = DIRECTION('',(0.,0.,-1.));
#11946 = ORIENTED_EDGE('',*,*,#11927,.F.);
#11947 = ORIENTED_EDGE('',*,*,#4483,.F.);
#11948 = PLANE('',#11949);
#11949 = AXIS2_PLACEMENT_3D('',#11950,#11951,#11952);
#11950 = CARTESIAN_POINT('',(1.114794982345,-5.474010049166,
    0.357670132795));
#11951 = DIRECTION('',(0.522498548935,-0.852640174024,-0.));
#11952 = DIRECTION('',(-0.852640174024,-0.522498548935,0.));
#11953 = ADVANCED_FACE('',(#11954),#11964,.T.);
#11954 = FACE_BOUND('',#11955,.T.);
#11955 = EDGE_LOOP('',(#11956,#11957,#11958));
#11956 = ORIENTED_EDGE('',*,*,#11238,.F.);
#11957 = ORIENTED_EDGE('',*,*,#11941,.F.);
#11958 = ORIENTED_EDGE('',*,*,#11959,.T.);
#11959 = EDGE_CURVE('',#4484,#11230,#11960,.T.);
#11960 = LINE('',#11961,#11962);
#11961 = CARTESIAN_POINT('',(1.107955336571,-5.478201389313,
    0.699999988079));
#11962 = VECTOR('',#11963,1.);
#11963 = DIRECTION('',(-4.137940449383E-02,-1.714006472996E-02,
    -0.998996478004));
#11964 = PLANE('',#11965);
#11965 = AXIS2_PLACEMENT_3D('',#11966,#11967,#11968);
#11966 = CARTESIAN_POINT('',(1.100544255591,-5.481271187181,
    0.34232987274));
#11967 = DIRECTION('',(0.382686370725,-0.923878315397,-0.));
#11968 = DIRECTION('',(-0.923878315397,-0.382686370725,0.));
#11969 = ADVANCED_FACE('',(#11970),#11980,.T.);
#11970 = FACE_BOUND('',#11971,.T.);
#11971 = EDGE_LOOP('',(#11972,#11978,#11979));
#11972 = ORIENTED_EDGE('',*,*,#11973,.T.);
#11973 = EDGE_CURVE('',#4530,#11230,#11974,.T.);
#11974 = LINE('',#11975,#11976);
#11975 = CARTESIAN_POINT('',(1.07896065712,-5.490211486816,
    0.699999988079));
#11976 = VECTOR('',#11977,1.);
#11977 = DIRECTION('',(0.,0.,-1.));
#11978 = ORIENTED_EDGE('',*,*,#11959,.F.);
#11979 = ORIENTED_EDGE('',*,*,#4529,.F.);
#11980 = PLANE('',#11981);
#11981 = AXIS2_PLACEMENT_3D('',#11982,#11983,#11984);
#11982 = CARTESIAN_POINT('',(1.0863717381,-5.487141688948,0.357670115339
    ));
#11983 = DIRECTION('',(0.382686370725,-0.923878315397,-0.));
#11984 = DIRECTION('',(-0.923878315397,-0.382686370725,0.));
#11985 = ADVANCED_FACE('',(#11986),#11996,.T.);
#11986 = FACE_BOUND('',#11987,.T.);
#11987 = EDGE_LOOP('',(#11988,#11989,#11990));
#11988 = ORIENTED_EDGE('',*,*,#11261,.F.);
#11989 = ORIENTED_EDGE('',*,*,#11973,.F.);
#11990 = ORIENTED_EDGE('',*,*,#11991,.T.);
#11991 = EDGE_CURVE('',#4530,#11253,#11992,.T.);
#11992 = LINE('',#11993,#11994);
#11993 = CARTESIAN_POINT('',(1.07896065712,-5.490211486816,
    0.699999988079));
#11994 = VECTOR('',#11995,1.);
#11995 = DIRECTION('',(-4.355125988726E-02,-1.045539189906E-02,
    -0.998996482748));
#11996 = PLANE('',#11997);
#11997 = AXIS2_PLACEMENT_3D('',#11998,#11999,#12000);
#11998 = CARTESIAN_POINT('',(1.071160595725,-5.492084054888,
    0.342329890479));
#11999 = DIRECTION('',(0.233438175134,-0.972371646229,-0.));
#12000 = DIRECTION('',(-0.972371646229,-0.233438175134,0.));
#12001 = ADVANCED_FACE('',(#12002),#12012,.T.);
#12002 = FACE_BOUND('',#12003,.T.);
#12003 = EDGE_LOOP('',(#12004,#12010,#12011));
#12004 = ORIENTED_EDGE('',*,*,#12005,.T.);
#12005 = EDGE_CURVE('',#4576,#11253,#12006,.T.);
#12006 = LINE('',#12007,#12008);
#12007 = CARTESIAN_POINT('',(1.048444151878,-5.497537612915,
    0.699999988079));
#12008 = VECTOR('',#12009,1.);
#12009 = DIRECTION('',(0.,0.,-1.));
#12010 = ORIENTED_EDGE('',*,*,#11991,.F.);
#12011 = ORIENTED_EDGE('',*,*,#4575,.F.);
#12012 = PLANE('',#12013);
#12013 = AXIS2_PLACEMENT_3D('',#12014,#12015,#12016);
#12014 = CARTESIAN_POINT('',(1.056244213274,-5.495665044844,0.3576700976
    ));
#12015 = DIRECTION('',(0.233438175134,-0.972371646229,-0.));
#12016 = DIRECTION('',(-0.972371646229,-0.233438175134,0.));
#12017 = ADVANCED_FACE('',(#12018),#12028,.T.);
#12018 = FACE_BOUND('',#12019,.T.);
#12019 = EDGE_LOOP('',(#12020,#12021,#12022));
#12020 = ORIENTED_EDGE('',*,*,#11252,.F.);
#12021 = ORIENTED_EDGE('',*,*,#12005,.F.);
#12022 = ORIENTED_EDGE('',*,*,#12023,.T.);
#12023 = EDGE_CURVE('',#4576,#11148,#12024,.T.);
#12024 = LINE('',#12025,#12026);
#12025 = CARTESIAN_POINT('',(1.048444151878,-5.497537612915,
    0.699999988079));
#12026 = VECTOR('',#12027,1.);
#12027 = DIRECTION('',(-4.46506275948E-02,-3.514165826256E-03,
    -0.998996482523));
#12028 = PLANE('',#12029);
#12029 = AXIS2_PLACEMENT_3D('',#12030,#12031,#12032);
#12030 = CARTESIAN_POINT('',(1.040447192929,-5.498167002497,
    0.34232988964));
#12031 = DIRECTION('',(7.846098681018E-02,-0.9969171849,-0.));
#12032 = DIRECTION('',(-0.9969171849,-7.846098681018E-02,0.));
#12033 = ADVANCED_FACE('',(#12034),#12039,.T.);
#12034 = FACE_BOUND('',#12035,.T.);
#12035 = EDGE_LOOP('',(#12036,#12037,#12038));
#12036 = ORIENTED_EDGE('',*,*,#11874,.F.);
#12037 = ORIENTED_EDGE('',*,*,#12023,.F.);
#12038 = ORIENTED_EDGE('',*,*,#4621,.F.);
#12039 = PLANE('',#12040);
#12040 = AXIS2_PLACEMENT_3D('',#12041,#12042,#12043);
#12041 = CARTESIAN_POINT('',(1.025154275157,-5.499370610418,
    0.357670098439));
#12042 = DIRECTION('',(7.846098681018E-02,-0.9969171849,-0.));
#12043 = DIRECTION('',(-0.9969171849,-7.846098681018E-02,0.));
#12044 = ADVANCED_FACE('',(#12045),#12055,.T.);
#12045 = FACE_BOUND('',#12046,.T.);
#12046 = EDGE_LOOP('',(#12047,#12048,#12049));
#12047 = ORIENTED_EDGE('',*,*,#11889,.F.);
#12048 = ORIENTED_EDGE('',*,*,#11079,.F.);
#12049 = ORIENTED_EDGE('',*,*,#12050,.T.);
#12050 = EDGE_CURVE('',#8286,#4116,#12051,.T.);
#12051 = LINE('',#12052,#12053);
#12052 = CARTESIAN_POINT('',(2.341421365738,-4.258578777313,0.));
#12053 = VECTOR('',#12054,1.);
#12054 = DIRECTION('',(-0.652297416411,-0.652297416411,0.386026114513));
#12055 = PLANE('',#12056);
#12056 = AXIS2_PLACEMENT_3D('',#12057,#12058,#12059);
#12057 = CARTESIAN_POINT('',(1.651103439238,-4.948896703813,
    0.210139136539));
#12058 = DIRECTION('',(0.707106781187,-0.707106781187,1.683135349896E-16
    ));
#12059 = DIRECTION('',(0.707106781187,0.707106781187,0.));
#12060 = ADVANCED_FACE('',(#12061),#12071,.T.);
#12061 = FACE_BOUND('',#12062,.T.);
#12062 = EDGE_LOOP('',(#12063,#12064,#12065));
#12063 = ORIENTED_EDGE('',*,*,#4115,.F.);
#12064 = ORIENTED_EDGE('',*,*,#12050,.F.);
#12065 = ORIENTED_EDGE('',*,*,#12066,.T.);
#12066 = EDGE_CURVE('',#8286,#3723,#12067,.T.);
#12067 = LINE('',#12068,#12069);
#12068 = CARTESIAN_POINT('',(2.341421365738,-4.258578777313,0.));
#12069 = VECTOR('',#12070,1.);
#12070 = DIRECTION('',(0.,0.,1.));
#12071 = PLANE('',#12072);
#12072 = AXIS2_PLACEMENT_3D('',#12073,#12074,#12075);
#12073 = CARTESIAN_POINT('',(1.848896560762,-4.75110358229,
    0.489860851541));
#12074 = DIRECTION('',(0.707106781187,-0.707106781187,-0.));
#12075 = DIRECTION('',(-0.707106781187,-0.707106781187,0.));
#12076 = ADVANCED_FACE('',(#12077),#12087,.T.);
#12077 = FACE_BOUND('',#12078,.T.);
#12078 = EDGE_LOOP('',(#12079,#12080,#12081));
#12079 = ORIENTED_EDGE('',*,*,#3722,.F.);
#12080 = ORIENTED_EDGE('',*,*,#12066,.F.);
#12081 = ORIENTED_EDGE('',*,*,#12082,.T.);
#12082 = EDGE_CURVE('',#8286,#3700,#12083,.T.);
#12083 = LINE('',#12084,#12085);
#12084 = CARTESIAN_POINT('',(2.341421365738,-4.258578777313,0.));
#12085 = VECTOR('',#12086,1.);
#12086 = DIRECTION('',(3.40576015074E-02,2.908850033836E-02,
    0.998996465923));
#12087 = PLANE('',#12088);
#12088 = AXIS2_PLACEMENT_3D('',#12089,#12090,#12091);
#12089 = CARTESIAN_POINT('',(2.347521107438,-4.253369005319,
    0.357670160518));
#12090 = DIRECTION('',(0.649455286786,-0.760399783315,-0.));
#12091 = DIRECTION('',(-0.760399783315,-0.649455286786,0.));
#12092 = ADVANCED_FACE('',(#12093),#12103,.T.);
#12093 = FACE_BOUND('',#12094,.T.);
#12094 = EDGE_LOOP('',(#12095,#12101,#12102));
#12095 = ORIENTED_EDGE('',*,*,#12096,.T.);
#12096 = EDGE_CURVE('',#8263,#3700,#12097,.T.);
#12097 = LINE('',#12098,#12099);
#12098 = CARTESIAN_POINT('',(2.365285634995,-4.238196372986,0.));
#12099 = VECTOR('',#12100,1.);
#12100 = DIRECTION('',(0.,0.,1.));
#12101 = ORIENTED_EDGE('',*,*,#12082,.F.);
#12102 = ORIENTED_EDGE('',*,*,#8294,.F.);
#12103 = PLANE('',#12104);
#12104 = AXIS2_PLACEMENT_3D('',#12105,#12106,#12107);
#12105 = CARTESIAN_POINT('',(2.359185893294,-4.24340614498,
    0.342329827561));
#12106 = DIRECTION('',(0.649455286786,-0.760399783315,-0.));
#12107 = DIRECTION('',(-0.760399783315,-0.649455286786,0.));
#12108 = ADVANCED_FACE('',(#12109),#12119,.T.);
#12109 = FACE_BOUND('',#12110,.T.);
#12110 = EDGE_LOOP('',(#12111,#12112,#12113));
#12111 = ORIENTED_EDGE('',*,*,#3699,.F.);
#12112 = ORIENTED_EDGE('',*,*,#12096,.F.);
#12113 = ORIENTED_EDGE('',*,*,#12114,.T.);
#12114 = EDGE_CURVE('',#8263,#3533,#12115,.T.);
#12115 = LINE('',#12116,#12117);
#12116 = CARTESIAN_POINT('',(2.365285634995,-4.238196372986,0.));
#12117 = VECTOR('',#12118,1.);
#12118 = DIRECTION('',(3.818865285887E-02,2.340145933997E-02,
    0.998996495736));
#12119 = PLANE('',#12120);
#12120 = AXIS2_PLACEMENT_3D('',#12121,#12122,#12123);
#12121 = CARTESIAN_POINT('',(2.372125248625,-4.234005155745,
    0.357670049026));
#12122 = DIRECTION('',(0.522489195219,-0.852645905918,-0.));
#12123 = DIRECTION('',(-0.852645905918,-0.522489195219,0.));
#12124 = ADVANCED_FACE('',(#12125),#12135,.T.);
#12125 = FACE_BOUND('',#12126,.T.);
#12126 = EDGE_LOOP('',(#12127,#12133,#12134));
#12127 = ORIENTED_EDGE('',*,*,#12128,.T.);
#12128 = EDGE_CURVE('',#9461,#3533,#12129,.T.);
#12129 = LINE('',#12130,#12131);
#12130 = CARTESIAN_POINT('',(2.39204454422,-4.22179889679,0.));
#12131 = VECTOR('',#12132,1.);
#12132 = DIRECTION('',(0.,0.,1.));
#12133 = ORIENTED_EDGE('',*,*,#12114,.F.);
#12134 = ORIENTED_EDGE('',*,*,#9485,.F.);
#12135 = PLANE('',#12136);
#12136 = AXIS2_PLACEMENT_3D('',#12137,#12138,#12139);
#12137 = CARTESIAN_POINT('',(2.385204930589,-4.225990114031,
    0.342329939054));
#12138 = DIRECTION('',(0.522489195219,-0.852645905918,-0.));
#12139 = DIRECTION('',(-0.852645905918,-0.522489195219,0.));
#12140 = ADVANCED_FACE('',(#12141),#12151,.T.);
#12141 = FACE_BOUND('',#12142,.T.);
#12142 = EDGE_LOOP('',(#12143,#12144,#12145));
#12143 = ORIENTED_EDGE('',*,*,#3532,.F.);
#12144 = ORIENTED_EDGE('',*,*,#12128,.F.);
#12145 = ORIENTED_EDGE('',*,*,#12146,.T.);
#12146 = EDGE_CURVE('',#9461,#3478,#12147,.T.);
#12147 = LINE('',#12148,#12149);
#12148 = CARTESIAN_POINT('',(2.39204454422,-4.22179889679,0.));
#12149 = VECTOR('',#12150,1.);
#12150 = DIRECTION('',(4.137957433061E-02,1.71400646093E-02,
    0.998996470971));
#12151 = PLANE('',#12152);
#12152 = AXIS2_PLACEMENT_3D('',#12153,#12154,#12155);
#12153 = CARTESIAN_POINT('',(2.399455656239,-4.218729098685,
    0.35767014164));
#12154 = DIRECTION('',(0.382685027766,-0.923878871673,-0.));
#12155 = DIRECTION('',(-0.923878871673,-0.382685027766,0.));
#12156 = ADVANCED_FACE('',(#12157),#12167,.T.);
#12157 = FACE_BOUND('',#12158,.T.);
#12158 = EDGE_LOOP('',(#12159,#12165,#12166));
#12159 = ORIENTED_EDGE('',*,*,#12160,.T.);
#12160 = EDGE_CURVE('',#9646,#3478,#12161,.T.);
#12161 = LINE('',#12162,#12163);
#12162 = CARTESIAN_POINT('',(2.42103934288,-4.209788799286,0.));
#12163 = VECTOR('',#12164,1.);
#12164 = DIRECTION('',(0.,0.,1.));
#12165 = ORIENTED_EDGE('',*,*,#12146,.F.);
#12166 = ORIENTED_EDGE('',*,*,#9670,.F.);
#12167 = PLANE('',#12168);
#12168 = AXIS2_PLACEMENT_3D('',#12169,#12170,#12171);
#12169 = CARTESIAN_POINT('',(2.413628230861,-4.21285859739,
    0.342329846439));
#12170 = DIRECTION('',(0.382685027766,-0.923878871673,-0.));
#12171 = DIRECTION('',(-0.923878871673,-0.382685027766,0.));
#12172 = ADVANCED_FACE('',(#12173),#12183,.T.);
#12173 = FACE_BOUND('',#12174,.T.);
#12174 = EDGE_LOOP('',(#12175,#12176,#12177));
#12175 = ORIENTED_EDGE('',*,*,#3477,.F.);
#12176 = ORIENTED_EDGE('',*,*,#12160,.F.);
#12177 = ORIENTED_EDGE('',*,*,#12178,.T.);
#12178 = EDGE_CURVE('',#9646,#3423,#12179,.T.);
#12179 = LINE('',#12180,#12181);
#12180 = CARTESIAN_POINT('',(2.42103934288,-4.209788799286,0.));
#12181 = VECTOR('',#12182,1.);
#12182 = DIRECTION('',(4.355108977197E-02,1.045607241449E-02,
    0.998996483042));
#12183 = PLANE('',#12184);
#12184 = AXIS2_PLACEMENT_3D('',#12185,#12186,#12187);
#12185 = CARTESIAN_POINT('',(2.42883937378,-4.20791610934,0.357670096501
    ));
#12186 = DIRECTION('',(0.233453403192,-0.972367990289,-0.));
#12187 = DIRECTION('',(-0.972367990289,-0.233453403192,0.));
#12188 = ADVANCED_FACE('',(#12189),#12199,.T.);
#12189 = FACE_BOUND('',#12190,.T.);
#12190 = EDGE_LOOP('',(#12191,#12197,#12198));
#12191 = ORIENTED_EDGE('',*,*,#12192,.T.);
#12192 = EDGE_CURVE('',#9624,#3423,#12193,.T.);
#12193 = LINE('',#12194,#12195);
#12194 = CARTESIAN_POINT('',(2.451555728912,-4.20246219635,0.));
#12195 = VECTOR('',#12196,1.);
#12196 = DIRECTION('',(0.,0.,1.));
#12197 = ORIENTED_EDGE('',*,*,#12178,.F.);
#12198 = ORIENTED_EDGE('',*,*,#9654,.F.);
#12199 = PLANE('',#12200);
#12200 = AXIS2_PLACEMENT_3D('',#12201,#12202,#12203);
#12201 = CARTESIAN_POINT('',(2.443755698012,-4.204334886295,
    0.342329891578));
#12202 = DIRECTION('',(0.233453403192,-0.972367990289,-0.));
#12203 = DIRECTION('',(-0.972367990289,-0.233453403192,0.));
#12204 = ADVANCED_FACE('',(#12205),#12215,.T.);
#12205 = FACE_BOUND('',#12206,.T.);
#12206 = EDGE_LOOP('',(#12207,#12208,#12209));
#12207 = ORIENTED_EDGE('',*,*,#4676,.F.);
#12208 = ORIENTED_EDGE('',*,*,#12192,.F.);
#12209 = ORIENTED_EDGE('',*,*,#12210,.T.);
#12210 = EDGE_CURVE('',#9624,#4668,#12211,.T.);
#12211 = LINE('',#12212,#12213);
#12212 = CARTESIAN_POINT('',(2.451555728912,-4.20246219635,0.));
#12213 = VECTOR('',#12214,1.);
#12214 = DIRECTION('',(4.465079738371E-02,3.514165799561E-03,
    0.998996474935));
#12215 = PLANE('',#12216);
#12216 = AXIS2_PLACEMENT_3D('',#12217,#12218,#12219);
#12217 = CARTESIAN_POINT('',(2.459552718995,-4.201832806716,
    0.357670126819));
#12218 = DIRECTION('',(7.846068969917E-02,-0.996917208284,-0.));
#12219 = DIRECTION('',(-0.996917208284,-7.846068969917E-02,0.));
#12220 = ADVANCED_FACE('',(#12221),#12231,.T.);
#12221 = FACE_BOUND('',#12222,.T.);
#12222 = EDGE_LOOP('',(#12223,#12229,#12230));
#12223 = ORIENTED_EDGE('',*,*,#12224,.T.);
#12224 = EDGE_CURVE('',#9708,#4668,#12225,.T.);
#12225 = LINE('',#12226,#12227);
#12226 = CARTESIAN_POINT('',(2.482842683792,-4.199999809265,0.));
#12227 = VECTOR('',#12228,1.);
#12228 = DIRECTION('',(0.,0.,1.));
#12229 = ORIENTED_EDGE('',*,*,#12210,.F.);
#12230 = ORIENTED_EDGE('',*,*,#9732,.F.);
#12231 = PLANE('',#12232);
#12232 = AXIS2_PLACEMENT_3D('',#12233,#12234,#12235);
#12233 = CARTESIAN_POINT('',(2.47484569371,-4.2006291989,0.34232986126)
  );
#12234 = DIRECTION('',(7.846068969917E-02,-0.996917208284,-0.));
#12235 = DIRECTION('',(-0.996917208284,-7.846068969917E-02,0.));
#12236 = ADVANCED_FACE('',(#12237),#12247,.T.);
#12237 = FACE_BOUND('',#12238,.T.);
#12238 = EDGE_LOOP('',(#12239,#12240,#12241));
#12239 = ORIENTED_EDGE('',*,*,#12224,.F.);
#12240 = ORIENTED_EDGE('',*,*,#9716,.F.);
#12241 = ORIENTED_EDGE('',*,*,#12242,.T.);
#12242 = EDGE_CURVE('',#9686,#4668,#12243,.T.);
#12243 = LINE('',#12244,#12245);
#12244 = CARTESIAN_POINT('',(6.400000095367,-4.199999809265,0.));
#12245 = VECTOR('',#12246,1.);
#12246 = DIRECTION('',(-0.984405492871,0.,0.175914256404));
#12247 = PLANE('',#12248);
#12248 = AXIS2_PLACEMENT_3D('',#12249,#12250,#12251);
#12249 = CARTESIAN_POINT('',(4.281934852111,-4.199999809265,
    0.190513456571));
#12250 = DIRECTION('',(-0.,-1.,-0.));
#12251 = DIRECTION('',(0.,0.,-1.));
#12252 = ADVANCED_FACE('',(#12253),#12263,.T.);
#12253 = FACE_BOUND('',#12254,.T.);
#12254 = EDGE_LOOP('',(#12255,#12256,#12257));
#12255 = ORIENTED_EDGE('',*,*,#4722,.F.);
#12256 = ORIENTED_EDGE('',*,*,#12242,.F.);
#12257 = ORIENTED_EDGE('',*,*,#12258,.T.);
#12258 = EDGE_CURVE('',#9686,#4714,#12259,.T.);
#12259 = LINE('',#12260,#12261);
#12260 = CARTESIAN_POINT('',(6.400000095367,-4.199999809265,0.));
#12261 = VECTOR('',#12262,1.);
#12262 = DIRECTION('',(0.,0.,1.));
#12263 = PLANE('',#12264);
#12264 = AXIS2_PLACEMENT_3D('',#12265,#12266,#12267);
#12265 = CARTESIAN_POINT('',(4.600907927049,-4.199999809265,
    0.509486531508));
#12266 = DIRECTION('',(-0.,-1.,-0.));
#12267 = DIRECTION('',(0.,0.,-1.));
#12268 = ADVANCED_FACE('',(#12269),#12284,.T.);
#12269 = FACE_BOUND('',#12270,.T.);
#12270 = EDGE_LOOP('',(#12271,#12272,#12278));
#12271 = ORIENTED_EDGE('',*,*,#10680,.F.);
#12272 = ORIENTED_EDGE('',*,*,#12273,.T.);
#12273 = EDGE_CURVE('',#8309,#4691,#12274,.T.);
#12274 = LINE('',#12275,#12276);
#12275 = CARTESIAN_POINT('',(7.5,-3.099999904633,0.));
#12276 = VECTOR('',#12277,1.);
#12277 = DIRECTION('',(0.,0.,1.));
#12278 = ORIENTED_EDGE('',*,*,#12279,.T.);
#12279 = EDGE_CURVE('',#4691,#10681,#12280,.T.);
#12280 = LINE('',#12281,#12282);
#12281 = CARTESIAN_POINT('',(7.5,-3.099999904633,0.699999988079));
#12282 = VECTOR('',#12283,1.);
#12283 = DIRECTION('',(-4.80752621989E-03,-0.122365097478,
    -0.992473511289));
#12284 = PLANE('',#12285);
#12285 = AXIS2_PLACEMENT_3D('',#12286,#12287,#12288);
#12286 = CARTESIAN_POINT('',(7.499100202384,-3.122902291007,
    0.32973418686));
#12287 = DIRECTION('',(0.99922910401,-3.925809087884E-02,0.));
#12288 = DIRECTION('',(3.925809087884E-02,0.99922910401,0.));
#12289 = ADVANCED_FACE('',(#12290),#12300,.T.);
#12290 = FACE_BOUND('',#12291,.T.);
#12291 = EDGE_LOOP('',(#12292,#12298,#12299));
#12292 = ORIENTED_EDGE('',*,*,#12293,.T.);
#12293 = EDGE_CURVE('',#4737,#10681,#12294,.T.);
#12294 = LINE('',#12295,#12296);
#12295 = CARTESIAN_POINT('',(7.496609210968,-3.186305046082,
    0.699999988079));
#12296 = VECTOR('',#12297,1.);
#12297 = DIRECTION('',(0.,0.,-1.));
#12298 = ORIENTED_EDGE('',*,*,#12279,.F.);
#12299 = ORIENTED_EDGE('',*,*,#4736,.F.);
#12300 = PLANE('',#12301);
#12301 = AXIS2_PLACEMENT_3D('',#12302,#12303,#12304);
#12302 = CARTESIAN_POINT('',(7.497509008584,-3.163402659708,
    0.370265801219));
#12303 = DIRECTION('',(0.99922910401,-3.925809087884E-02,0.));
#12304 = DIRECTION('',(3.925809087884E-02,0.99922910401,0.));
#12305 = ADVANCED_FACE('',(#12306),#12316,.T.);
#12306 = FACE_BOUND('',#12307,.T.);
#12307 = EDGE_LOOP('',(#12308,#12314,#12315));
#12308 = ORIENTED_EDGE('',*,*,#12309,.T.);
#12309 = EDGE_CURVE('',#4760,#10681,#12310,.T.);
#12310 = LINE('',#12311,#12312);
#12311 = CARTESIAN_POINT('',(7.48645734787,-3.272077798843,
    0.699999988079));
#12312 = VECTOR('',#12313,1.);
#12313 = DIRECTION('',(1.439350841072E-02,0.121610272553,-0.992473560618
    ));
#12314 = ORIENTED_EDGE('',*,*,#12293,.F.);
#12315 = ORIENTED_EDGE('',*,*,#4759,.F.);
#12316 = PLANE('',#12317);
#12317 = AXIS2_PLACEMENT_3D('',#12318,#12319,#12320);
#12318 = CARTESIAN_POINT('',(7.493915259682,-3.209066150658,
    0.370265738418));
#12319 = DIRECTION('',(0.993068472074,-0.117537269715,0.));
#12320 = DIRECTION('',(0.117537269715,0.993068472074,0.));
#12321 = ADVANCED_FACE('',(#12322),#12332,.T.);
#12322 = FACE_BOUND('',#12323,.T.);
#12323 = EDGE_LOOP('',(#12324,#12325,#12326));
#12324 = ORIENTED_EDGE('',*,*,#10704,.F.);
#12325 = ORIENTED_EDGE('',*,*,#12309,.F.);
#12326 = ORIENTED_EDGE('',*,*,#12327,.T.);
#12327 = EDGE_CURVE('',#4760,#9748,#12328,.T.);
#12328 = LINE('',#12329,#12330);
#12329 = CARTESIAN_POINT('',(7.48645734787,-3.272077798843,
    0.699999988079));
#12330 = VECTOR('',#12331,1.);
#12331 = DIRECTION('',(0.,0.,-1.));
#12332 = PLANE('',#12333);
#12333 = AXIS2_PLACEMENT_3D('',#12334,#12335,#12336);
#12334 = CARTESIAN_POINT('',(7.489151299156,-3.249316694267,
    0.329734249662));
#12335 = DIRECTION('',(0.993068472074,-0.117537269715,0.));
#12336 = DIRECTION('',(0.117537269715,0.993068472074,0.));
#12337 = ADVANCED_FACE('',(#12338),#12348,.T.);
#12338 = FACE_BOUND('',#12339,.T.);
#12339 = EDGE_LOOP('',(#12340,#12346,#12347));
#12340 = ORIENTED_EDGE('',*,*,#12341,.T.);
#12341 = EDGE_CURVE('',#4783,#9748,#12342,.T.);
#12342 = LINE('',#12343,#12344);
#12343 = CARTESIAN_POINT('',(7.469606876373,-3.356789827347,
    0.699999988079));
#12344 = VECTOR('',#12345,1.);
#12345 = DIRECTION('',(2.389092434943E-02,0.120106352209,-0.992473519996
    ));
#12346 = ORIENTED_EDGE('',*,*,#12327,.F.);
#12347 = ORIENTED_EDGE('',*,*,#4782,.F.);
#12348 = PLANE('',#12349);
#12349 = AXIS2_PLACEMENT_3D('',#12350,#12351,#12352);
#12350 = CARTESIAN_POINT('',(7.481985818256,-3.294557427629,
    0.370265790135));
#12351 = DIRECTION('',(0.980784834319,-0.195092564621,0.));
#12352 = DIRECTION('',(0.195092564621,0.980784834319,0.));
#12353 = ADVANCED_FACE('',(#12354),#12364,.T.);
#12354 = FACE_BOUND('',#12355,.T.);
#12355 = EDGE_LOOP('',(#12356,#12357,#12358));
#12356 = ORIENTED_EDGE('',*,*,#9778,.F.);
#12357 = ORIENTED_EDGE('',*,*,#12341,.F.);
#12358 = ORIENTED_EDGE('',*,*,#12359,.T.);
#12359 = EDGE_CURVE('',#4783,#9770,#12360,.T.);
#12360 = LINE('',#12361,#12362);
#12361 = CARTESIAN_POINT('',(7.469606876373,-3.356789827347,
    0.699999988079));
#12362 = VECTOR('',#12363,1.);
#12363 = DIRECTION('',(0.,0.,-1.));
#12364 = PLANE('',#12365);
#12365 = AXIS2_PLACEMENT_3D('',#12366,#12367,#12368);
#12366 = CARTESIAN_POINT('',(7.474078405987,-3.334310198561,
    0.329734197944));
#12367 = DIRECTION('',(0.980784834319,-0.195092564621,0.));
#12368 = DIRECTION('',(0.195092564621,0.980784834319,0.));
#12369 = ADVANCED_FACE('',(#12370),#12380,.T.);
#12370 = FACE_BOUND('',#12371,.T.);
#12371 = EDGE_LOOP('',(#12372,#12378,#12379));
#12372 = ORIENTED_EDGE('',*,*,#12373,.T.);
#12373 = EDGE_CURVE('',#4806,#9770,#12374,.T.);
#12374 = LINE('',#12375,#12376);
#12375 = CARTESIAN_POINT('',(7.446162223816,-3.439918756485,
    0.699999988079));
#12376 = VECTOR('',#12377,1.);
#12377 = DIRECTION('',(3.324028163048E-02,0.11786180279,-0.992473515576)
  );
#12378 = ORIENTED_EDGE('',*,*,#12359,.F.);
#12379 = ORIENTED_EDGE('',*,*,#4805,.F.);
#12380 = PLANE('',#12381);
#12381 = AXIS2_PLACEMENT_3D('',#12382,#12383,#12384);
#12382 = CARTESIAN_POINT('',(7.463385480135,-3.378849356947,
    0.370265795762));
#12383 = DIRECTION('',(0.962455630237,-0.271439053609,0.));
#12384 = DIRECTION('',(0.271439053609,0.962455630237,0.));
#12385 = ADVANCED_FACE('',(#12386),#12396,.T.);
#12386 = FACE_BOUND('',#12387,.T.);
#12387 = EDGE_LOOP('',(#12388,#12389,#12390));
#12388 = ORIENTED_EDGE('',*,*,#9801,.F.);
#12389 = ORIENTED_EDGE('',*,*,#12373,.F.);
#12390 = ORIENTED_EDGE('',*,*,#12391,.T.);
#12391 = EDGE_CURVE('',#4806,#9793,#12392,.T.);
#12392 = LINE('',#12393,#12394);
#12393 = CARTESIAN_POINT('',(7.446162223816,-3.439918756485,
    0.699999988079));
#12394 = VECTOR('',#12395,1.);
#12395 = DIRECTION('',(0.,0.,-1.));
#12396 = PLANE('',#12397);
#12397 = AXIS2_PLACEMENT_3D('',#12398,#12399,#12400);
#12398 = CARTESIAN_POINT('',(7.452383620055,-3.417859226885,
    0.329734192318));
#12399 = DIRECTION('',(0.962455630237,-0.271439053609,0.));
#12400 = DIRECTION('',(0.271439053609,0.962455630237,0.));
#12401 = ADVANCED_FACE('',(#12402),#12412,.T.);
#12402 = FACE_BOUND('',#12403,.T.);
#12403 = EDGE_LOOP('',(#12404,#12410,#12411));
#12404 = ORIENTED_EDGE('',*,*,#12405,.T.);
#12405 = EDGE_CURVE('',#4829,#9793,#12406,.T.);
#12406 = LINE('',#12407,#12408);
#12407 = CARTESIAN_POINT('',(7.41626739502,-3.520951747894,
    0.699999988079));
#12408 = VECTOR('',#12409,1.);
#12409 = DIRECTION('',(4.238546722471E-02,0.114890144543,-0.992473539625
    ));
#12410 = ORIENTED_EDGE('',*,*,#12391,.F.);
#12411 = ORIENTED_EDGE('',*,*,#4828,.F.);
#12412 = PLANE('',#12413);
#12413 = AXIS2_PLACEMENT_3D('',#12414,#12415,#12416);
#12414 = CARTESIAN_POINT('',(7.438229175642,-3.461422095036,
    0.370265765145));
#12415 = DIRECTION('',(0.938190659276,-0.346118891203,0.));
#12416 = DIRECTION('',(0.346118891203,0.938190659276,0.));
#12417 = ADVANCED_FACE('',(#12418),#12428,.T.);
#12418 = FACE_BOUND('',#12419,.T.);
#12419 = EDGE_LOOP('',(#12420,#12421,#12422));
#12420 = ORIENTED_EDGE('',*,*,#10719,.F.);
#12421 = ORIENTED_EDGE('',*,*,#12405,.F.);
#12422 = ORIENTED_EDGE('',*,*,#12423,.T.);
#12423 = EDGE_CURVE('',#4829,#10720,#12424,.T.);
#12424 = LINE('',#12425,#12426);
#12425 = CARTESIAN_POINT('',(7.41626739502,-3.520951747894,
    0.699999988079));
#12426 = VECTOR('',#12427,1.);
#12427 = DIRECTION('',(0.,0.,-1.));
#12428 = PLANE('',#12429);
#12429 = AXIS2_PLACEMENT_3D('',#12430,#12431,#12432);
#12430 = CARTESIAN_POINT('',(7.424200443193,-3.499448409343,
    0.329734222934));
#12431 = DIRECTION('',(0.938190659276,-0.346118891203,0.));
#12432 = DIRECTION('',(0.346118891203,0.938190659276,0.));
#12433 = ADVANCED_FACE('',(#12434),#12444,.T.);
#12434 = FACE_BOUND('',#12435,.T.);
#12435 = EDGE_LOOP('',(#12436,#12442,#12443));
#12436 = ORIENTED_EDGE('',*,*,#12437,.T.);
#12437 = EDGE_CURVE('',#4852,#10720,#12438,.T.);
#12438 = LINE('',#12439,#12440);
#12439 = CARTESIAN_POINT('',(7.380107402802,-3.59938955307,
    0.699999988079));
#12440 = VECTOR('',#12441,1.);
#12441 = DIRECTION('',(5.126833788497E-02,0.111210640601,-0.992473551762
    ));
#12442 = ORIENTED_EDGE('',*,*,#12423,.F.);
#12443 = ORIENTED_EDGE('',*,*,#4851,.F.);
#12444 = PLANE('',#12445);
#12445 = AXIS2_PLACEMENT_3D('',#12446,#12447,#12448);
#12446 = CARTESIAN_POINT('',(7.406671790751,-3.541766413273,
    0.370265749692));
#12447 = DIRECTION('',(0.908144632,-0.418656574497,0.));
#12448 = DIRECTION('',(0.418656574497,0.908144632,0.));
#12449 = ADVANCED_FACE('',(#12450),#12460,.T.);
#12450 = FACE_BOUND('',#12451,.T.);
#12451 = EDGE_LOOP('',(#12452,#12453,#12454));
#12452 = ORIENTED_EDGE('',*,*,#10750,.F.);
#12453 = ORIENTED_EDGE('',*,*,#12437,.F.);
#12454 = ORIENTED_EDGE('',*,*,#12455,.T.);
#12455 = EDGE_CURVE('',#4852,#10742,#12456,.T.);
#12456 = LINE('',#12457,#12458);
#12457 = CARTESIAN_POINT('',(7.380107402802,-3.59938955307,
    0.699999988079));
#12458 = VECTOR('',#12459,1.);
#12459 = DIRECTION('',(0.,0.,-1.));
#12460 = PLANE('',#12461);
#12461 = AXIS2_PLACEMENT_3D('',#12462,#12463,#12464);
#12462 = CARTESIAN_POINT('',(7.38970300707,-3.578574887691,
    0.329734238387));
#12463 = DIRECTION('',(0.908144632,-0.418656574497,0.));
#12464 = DIRECTION('',(0.418656574497,0.908144632,0.));
#12465 = ADVANCED_FACE('',(#12466),#12476,.T.);
#12466 = FACE_BOUND('',#12467,.T.);
#12467 = EDGE_LOOP('',(#12468,#12474,#12475));
#12468 = ORIENTED_EDGE('',*,*,#12469,.T.);
#12469 = EDGE_CURVE('',#4875,#10742,#12470,.T.);
#12470 = LINE('',#12471,#12472);
#12471 = CARTESIAN_POINT('',(7.33790397644,-3.674748420715,
    0.699999988079));
#12472 = VECTOR('',#12473,1.);
#12473 = DIRECTION('',(5.983683272142E-02,0.10684525751,-0.992473498083)
  );
#12474 = ORIENTED_EDGE('',*,*,#12455,.F.);
#12475 = ORIENTED_EDGE('',*,*,#4874,.F.);
#12476 = PLANE('',#12477);
#12477 = AXIS2_PLACEMENT_3D('',#12478,#12479,#12480);
#12478 = CARTESIAN_POINT('',(7.368908078985,-3.61938717966,
    0.370265818033));
#12479 = DIRECTION('',(0.872493871374,-0.488625055042,0.));
#12480 = DIRECTION('',(0.488625055042,0.872493871374,0.));
#12481 = ADVANCED_FACE('',(#12482),#12492,.T.);
#12482 = FACE_BOUND('',#12483,.T.);
#12483 = EDGE_LOOP('',(#12484,#12485,#12486));
#12484 = ORIENTED_EDGE('',*,*,#10773,.F.);
#12485 = ORIENTED_EDGE('',*,*,#12469,.F.);
#12486 = ORIENTED_EDGE('',*,*,#12487,.T.);
#12487 = EDGE_CURVE('',#4875,#10765,#12488,.T.);
#12488 = LINE('',#12489,#12490);
#12489 = CARTESIAN_POINT('',(7.33790397644,-3.674748420715,
    0.699999988079));
#12490 = VECTOR('',#12491,1.);
#12491 = DIRECTION('',(0.,0.,-1.));
#12492 = PLANE('',#12493);
#12493 = AXIS2_PLACEMENT_3D('',#12494,#12495,#12496);
#12494 = CARTESIAN_POINT('',(7.349103300257,-3.654750794125,
    0.329734170046));
#12495 = DIRECTION('',(0.872493871374,-0.488625055042,0.));
#12496 = DIRECTION('',(0.488625055042,0.872493871374,0.));
#12497 = ADVANCED_FACE('',(#12498),#12508,.T.);
#12498 = FACE_BOUND('',#12499,.T.);
#12499 = EDGE_LOOP('',(#12500,#12506,#12507));
#12500 = ORIENTED_EDGE('',*,*,#12501,.T.);
#12501 = EDGE_CURVE('',#4898,#10765,#12502,.T.);
#12502 = LINE('',#12503,#12504);
#12503 = CARTESIAN_POINT('',(7.289918899536,-3.746563673019,
    0.699999988079));
#12504 = VECTOR('',#12505,1.);
#12505 = DIRECTION('',(6.803417464708E-02,0.101821060479,-0.992473587922
    ));
#12506 = ORIENTED_EDGE('',*,*,#12487,.F.);
#12507 = ORIENTED_EDGE('',*,*,#4897,.F.);
#12508 = PLANE('',#12509);
#12509 = AXIS2_PLACEMENT_3D('',#12510,#12511,#12512);
#12510 = CARTESIAN_POINT('',(7.325170407758,-3.693805688238,
    0.370265703655));
#12511 = DIRECTION('',(0.831471433727,-0.555567507055,0.));
#12512 = DIRECTION('',(0.555567507055,0.831471433727,0.));
#12513 = ADVANCED_FACE('',(#12514),#12524,.T.);
#12514 = FACE_BOUND('',#12515,.T.);
#12515 = EDGE_LOOP('',(#12516,#12517,#12518));
#12516 = ORIENTED_EDGE('',*,*,#10788,.F.);
#12517 = ORIENTED_EDGE('',*,*,#12501,.F.);
#12518 = ORIENTED_EDGE('',*,*,#12519,.T.);
#12519 = EDGE_CURVE('',#4898,#10789,#12520,.T.);
#12520 = LINE('',#12521,#12522);
#12521 = CARTESIAN_POINT('',(7.289918899536,-3.746563673019,
    0.699999988079));
#12522 = VECTOR('',#12523,1.);
#12523 = DIRECTION('',(0.,0.,-1.));
#12524 = PLANE('',#12525);
#12525 = AXIS2_PLACEMENT_3D('',#12526,#12527,#12528);
#12526 = CARTESIAN_POINT('',(7.302652468218,-3.727506405497,
    0.329734284424));
#12527 = DIRECTION('',(0.831471433727,-0.555567507055,0.));
#12528 = DIRECTION('',(0.555567507055,0.831471433727,0.));
#12529 = ADVANCED_FACE('',(#12530),#12540,.T.);
#12530 = FACE_BOUND('',#12531,.T.);
#12531 = EDGE_LOOP('',(#12532,#12538,#12539));
#12532 = ORIENTED_EDGE('',*,*,#12533,.T.);
#12533 = EDGE_CURVE('',#4921,#10789,#12534,.T.);
#12534 = LINE('',#12535,#12536);
#12535 = CARTESIAN_POINT('',(7.236446380615,-3.814392805099,
    0.699999988079));
#12536 = VECTOR('',#12537,1.);
#12537 = DIRECTION('',(7.581436871229E-02,9.616945176195E-02,
    -0.992473484807));
#12538 = ORIENTED_EDGE('',*,*,#12519,.F.);
#12539 = ORIENTED_EDGE('',*,*,#4920,.F.);
#12540 = PLANE('',#12541);
#12541 = AXIS2_PLACEMENT_3D('',#12542,#12543,#12544);
#12542 = CARTESIAN_POINT('',(7.275729149153,-3.764563170188,
    0.370265834935));
#12543 = DIRECTION('',(0.785315001401,-0.619096396836,0.));
#12544 = DIRECTION('',(0.619096396836,0.785315001401,0.));
#12545 = ADVANCED_FACE('',(#12546),#12556,.T.);
#12546 = FACE_BOUND('',#12547,.T.);
#12547 = EDGE_LOOP('',(#12548,#12549,#12550));
#12548 = ORIENTED_EDGE('',*,*,#10819,.F.);
#12549 = ORIENTED_EDGE('',*,*,#12533,.F.);
#12550 = ORIENTED_EDGE('',*,*,#12551,.T.);
#12551 = EDGE_CURVE('',#4921,#10811,#12552,.T.);
#12552 = LINE('',#12553,#12554);
#12553 = CARTESIAN_POINT('',(7.236446380615,-3.814392805099,
    0.699999988079));
#12554 = VECTOR('',#12555,1.);
#12555 = DIRECTION('',(0.,0.,-1.));
#12556 = PLANE('',#12557);
#12557 = AXIS2_PLACEMENT_3D('',#12558,#12559,#12560);
#12558 = CARTESIAN_POINT('',(7.250636130998,-3.796393307931,
    0.329734153144));
#12559 = DIRECTION('',(0.785315001401,-0.619096396836,0.));
#12560 = DIRECTION('',(0.619096396836,0.785315001401,0.));
#12561 = ADVANCED_FACE('',(#12562),#12572,.T.);
#12562 = FACE_BOUND('',#12563,.T.);
#12563 = EDGE_LOOP('',(#12564,#12570,#12571));
#12564 = ORIENTED_EDGE('',*,*,#12565,.T.);
#12565 = EDGE_CURVE('',#4944,#10811,#12566,.T.);
#12566 = LINE('',#12567,#12568);
#12567 = CARTESIAN_POINT('',(7.177817344666,-3.877817392349,
    0.699999988079));
#12568 = VECTOR('',#12569,1.);
#12569 = DIRECTION('',(8.312538297113E-02,8.992460850702E-02,
    -0.992473543975));
#12570 = ORIENTED_EDGE('',*,*,#12551,.F.);
#12571 = ORIENTED_EDGE('',*,*,#4943,.F.);
#12572 = PLANE('',#12573);
#12573 = AXIS2_PLACEMENT_3D('',#12574,#12575,#12576);
#12574 = CARTESIAN_POINT('',(7.22088827316,-3.831223485116,
    0.370265759606));
#12575 = DIRECTION('',(0.734322794766,-0.678800436864,0.));
#12576 = DIRECTION('',(0.678800436864,0.734322794766,0.));
#12577 = ADVANCED_FACE('',(#12578),#12588,.T.);
#12578 = FACE_BOUND('',#12579,.T.);
#12579 = EDGE_LOOP('',(#12580,#12581,#12582));
#12580 = ORIENTED_EDGE('',*,*,#10842,.F.);
#12581 = ORIENTED_EDGE('',*,*,#12565,.F.);
#12582 = ORIENTED_EDGE('',*,*,#12583,.T.);
#12583 = EDGE_CURVE('',#4944,#10834,#12584,.T.);
#12584 = LINE('',#12585,#12586);
#12585 = CARTESIAN_POINT('',(7.177817344666,-3.877817392349,
    0.699999988079));
#12586 = VECTOR('',#12587,1.);
#12587 = DIRECTION('',(0.,0.,-1.));
#12588 = PLANE('',#12589);
#12589 = AXIS2_PLACEMENT_3D('',#12590,#12591,#12592);
#12590 = CARTESIAN_POINT('',(7.193375452121,-3.860986712333,
    0.329734228473));
#12591 = DIRECTION('',(0.734322794766,-0.678800436864,0.));
#12592 = DIRECTION('',(0.678800436864,0.734322794766,0.));
#12593 = ADVANCED_FACE('',(#12594),#12604,.T.);
#12594 = FACE_BOUND('',#12595,.T.);
#12595 = EDGE_LOOP('',(#12596,#12602,#12603));
#12596 = ORIENTED_EDGE('',*,*,#12597,.T.);
#12597 = EDGE_CURVE('',#4967,#10834,#12598,.T.);
#12598 = LINE('',#12599,#12600);
#12599 = CARTESIAN_POINT('',(7.114392757416,-3.936446666718,
    0.699999988079));
#12600 = VECTOR('',#12601,1.);
#12601 = DIRECTION('',(8.99246059802E-02,8.312571866983E-02,
    -0.992473516087));
#12602 = ORIENTED_EDGE('',*,*,#12583,.F.);
#12603 = ORIENTED_EDGE('',*,*,#4966,.F.);
#12604 = PLANE('',#12605);
#12605 = AXIS2_PLACEMENT_3D('',#12606,#12607,#12608);
#12606 = CARTESIAN_POINT('',(7.160986662837,-3.893375564748,
    0.370265795111));
#12607 = DIRECTION('',(0.678801925341,-0.73432141883,-0.));
#12608 = DIRECTION('',(-0.73432141883,-0.678801925341,0.));
#12609 = ADVANCED_FACE('',(#12610),#12620,.T.);
#12610 = FACE_BOUND('',#12611,.T.);
#12611 = EDGE_LOOP('',(#12612,#12613,#12614));
#12612 = ORIENTED_EDGE('',*,*,#10857,.F.);
#12613 = ORIENTED_EDGE('',*,*,#12597,.F.);
#12614 = ORIENTED_EDGE('',*,*,#12615,.T.);
#12615 = EDGE_CURVE('',#4967,#10858,#12616,.T.);
#12616 = LINE('',#12617,#12618);
#12617 = CARTESIAN_POINT('',(7.114392757416,-3.936446666718,
    0.699999988079));
#12618 = VECTOR('',#12619,1.);
#12619 = DIRECTION('',(0.,0.,-1.));
#12620 = PLANE('',#12621);
#12621 = AXIS2_PLACEMENT_3D('',#12622,#12623,#12624);
#12622 = CARTESIAN_POINT('',(7.131223439244,-3.920888494319,
    0.329734192968));
#12623 = DIRECTION('',(0.678801925341,-0.73432141883,-0.));
#12624 = DIRECTION('',(-0.73432141883,-0.678801925341,0.));
#12625 = ADVANCED_FACE('',(#12626),#12636,.T.);
#12626 = FACE_BOUND('',#12627,.T.);
#12627 = EDGE_LOOP('',(#12628,#12634,#12635));
#12628 = ORIENTED_EDGE('',*,*,#12629,.T.);
#12629 = EDGE_CURVE('',#4990,#10858,#12630,.T.);
#12630 = LINE('',#12631,#12632);
#12631 = CARTESIAN_POINT('',(7.046563625336,-3.989918708801,
    0.699999988079));
#12632 = VECTOR('',#12633,1.);
#12633 = DIRECTION('',(9.616945669117E-02,7.581369652923E-02,
    -0.992473535677));
#12634 = ORIENTED_EDGE('',*,*,#12615,.F.);
#12635 = ORIENTED_EDGE('',*,*,#4989,.F.);
#12636 = PLANE('',#12637);
#12637 = AXIS2_PLACEMENT_3D('',#12638,#12639,#12640);
#12638 = CARTESIAN_POINT('',(7.096393263782,-3.950636287778,
    0.370265770171));
#12639 = DIRECTION('',(0.619092992066,-0.78531768551,-0.));
#12640 = DIRECTION('',(-0.78531768551,-0.619092992066,0.));
#12641 = ADVANCED_FACE('',(#12642),#12652,.T.);
#12642 = FACE_BOUND('',#12643,.T.);
#12643 = EDGE_LOOP('',(#12644,#12645,#12646));
#12644 = ORIENTED_EDGE('',*,*,#10888,.F.);
#12645 = ORIENTED_EDGE('',*,*,#12629,.F.);
#12646 = ORIENTED_EDGE('',*,*,#12647,.T.);
#12647 = EDGE_CURVE('',#4990,#10880,#12648,.T.);
#12648 = LINE('',#12649,#12650);
#12649 = CARTESIAN_POINT('',(7.046563625336,-3.989918708801,
    0.699999988079));
#12650 = VECTOR('',#12651,1.);
#12651 = DIRECTION('',(0.,0.,-1.));
#12652 = PLANE('',#12653);
#12653 = AXIS2_PLACEMENT_3D('',#12654,#12655,#12656);
#12654 = CARTESIAN_POINT('',(7.064563118969,-3.975729087741,
    0.329734217908));
#12655 = DIRECTION('',(0.619092992066,-0.78531768551,-0.));
#12656 = DIRECTION('',(-0.78531768551,-0.619092992066,0.));
#12657 = ADVANCED_FACE('',(#12658),#12668,.T.);
#12658 = FACE_BOUND('',#12659,.T.);
#12659 = EDGE_LOOP('',(#12660,#12666,#12667));
#12660 = ORIENTED_EDGE('',*,*,#12661,.T.);
#12661 = EDGE_CURVE('',#5013,#10880,#12662,.T.);
#12662 = LINE('',#12663,#12664);
#12663 = CARTESIAN_POINT('',(6.97474861145,-4.037904262543,
    0.699999988079));
#12664 = VECTOR('',#12665,1.);
#12665 = DIRECTION('',(0.101820721266,6.803484992843E-02,-0.992473576432
    ));
#12666 = ORIENTED_EDGE('',*,*,#12647,.F.);
#12667 = ORIENTED_EDGE('',*,*,#5012,.F.);
#12668 = PLANE('',#12669);
#12669 = AXIS2_PLACEMENT_3D('',#12670,#12671,#12672);
#12670 = CARTESIAN_POINT('',(7.027506420236,-4.002652404584,
    0.370265718283));
#12671 = DIRECTION('',(0.555572598937,-0.831468031442,-0.));
#12672 = DIRECTION('',(-0.831468031442,-0.555572598937,0.));
#12673 = ADVANCED_FACE('',(#12674),#12684,.T.);
#12674 = FACE_BOUND('',#12675,.T.);
#12675 = EDGE_LOOP('',(#12676,#12677,#12678));
#12676 = ORIENTED_EDGE('',*,*,#10911,.F.);
#12677 = ORIENTED_EDGE('',*,*,#12661,.F.);
#12678 = ORIENTED_EDGE('',*,*,#12679,.T.);
#12679 = EDGE_CURVE('',#5013,#10903,#12680,.T.);
#12680 = LINE('',#12681,#12682);
#12681 = CARTESIAN_POINT('',(6.97474861145,-4.037904262543,
    0.699999988079));
#12682 = VECTOR('',#12683,1.);
#12683 = DIRECTION('',(0.,0.,-1.));
#12684 = PLANE('',#12685);
#12685 = AXIS2_PLACEMENT_3D('',#12686,#12687,#12688);
#12686 = CARTESIAN_POINT('',(6.99380581655,-4.02517056676,0.329734269796
    ));
#12687 = DIRECTION('',(0.555572598937,-0.831468031442,-0.));
#12688 = DIRECTION('',(-0.831468031442,-0.555572598937,0.));
#12689 = ADVANCED_FACE('',(#12690),#12700,.T.);
#12690 = FACE_BOUND('',#12691,.T.);
#12691 = EDGE_LOOP('',(#12692,#12698,#12699));
#12692 = ORIENTED_EDGE('',*,*,#12693,.T.);
#12693 = EDGE_CURVE('',#5036,#10903,#12694,.T.);
#12694 = LINE('',#12695,#12696);
#12695 = CARTESIAN_POINT('',(6.899389743805,-4.080107212067,
    0.699999988079));
#12696 = VECTOR('',#12697,1.);
#12697 = DIRECTION('',(0.106845261833,5.983615907307E-02,-0.992473538232
    ));
#12698 = ORIENTED_EDGE('',*,*,#12679,.F.);
#12699 = ORIENTED_EDGE('',*,*,#5035,.F.);
#12700 = PLANE('',#12701);
#12701 = AXIS2_PLACEMENT_3D('',#12702,#12703,#12704);
#12702 = CARTESIAN_POINT('',(6.95475098796,-4.049103458087,
    0.370265766917));
#12703 = DIRECTION('',(0.488620852378,-0.87249622499,-0.));
#12704 = DIRECTION('',(-0.87249622499,-0.488620852378,0.));
#12705 = ADVANCED_FACE('',(#12706),#12716,.T.);
#12706 = FACE_BOUND('',#12707,.T.);
#12707 = EDGE_LOOP('',(#12708,#12709,#12710));
#12708 = ORIENTED_EDGE('',*,*,#10926,.F.);
#12709 = ORIENTED_EDGE('',*,*,#12693,.F.);
#12710 = ORIENTED_EDGE('',*,*,#12711,.T.);
#12711 = EDGE_CURVE('',#5036,#10927,#12712,.T.);
#12712 = LINE('',#12713,#12714);
#12713 = CARTESIAN_POINT('',(6.899389743805,-4.080107212067,
    0.699999988079));
#12714 = VECTOR('',#12715,1.);
#12715 = DIRECTION('',(0.,0.,-1.));
#12716 = PLANE('',#12717);
#12717 = AXIS2_PLACEMENT_3D('',#12718,#12719,#12720);
#12718 = CARTESIAN_POINT('',(6.919387367295,-4.068908016522,
    0.329734221162));
#12719 = DIRECTION('',(0.488620852378,-0.87249622499,-0.));
#12720 = DIRECTION('',(-0.87249622499,-0.488620852378,0.));
#12721 = ADVANCED_FACE('',(#12722),#12732,.T.);
#12722 = FACE_BOUND('',#12723,.T.);
#12723 = EDGE_LOOP('',(#12724,#12730,#12731));
#12724 = ORIENTED_EDGE('',*,*,#12725,.T.);
#12725 = EDGE_CURVE('',#5059,#10927,#12726,.T.);
#12726 = LINE('',#12727,#12728);
#12727 = CARTESIAN_POINT('',(6.820951938629,-4.116267681122,
    0.699999988079));
#12728 = VECTOR('',#12729,1.);
#12729 = DIRECTION('',(0.111210636747,5.126901217689E-02,-0.992473517362
    ));
#12730 = ORIENTED_EDGE('',*,*,#12711,.F.);
#12731 = ORIENTED_EDGE('',*,*,#5058,.F.);
#12732 = PLANE('',#12733);
#12733 = AXIS2_PLACEMENT_3D('',#12734,#12735,#12736);
#12734 = CARTESIAN_POINT('',(6.878575075661,-4.089702944145,
    0.370265793488));
#12735 = DIRECTION('',(0.418661127608,-0.908142532993,-0.));
#12736 = DIRECTION('',(-0.908142532993,-0.418661127608,0.));
#12737 = ADVANCED_FACE('',(#12738),#12748,.T.);
#12738 = FACE_BOUND('',#12739,.T.);
#12739 = EDGE_LOOP('',(#12740,#12741,#12742));
#12740 = ORIENTED_EDGE('',*,*,#10957,.F.);
#12741 = ORIENTED_EDGE('',*,*,#12725,.F.);
#12742 = ORIENTED_EDGE('',*,*,#12743,.T.);
#12743 = EDGE_CURVE('',#5059,#10949,#12744,.T.);
#12744 = LINE('',#12745,#12746);
#12745 = CARTESIAN_POINT('',(6.820951938629,-4.116267681122,
    0.699999988079));
#12746 = VECTOR('',#12747,1.);
#12747 = DIRECTION('',(0.,0.,-1.));
#12748 = PLANE('',#12749);
#12749 = AXIS2_PLACEMENT_3D('',#12750,#12751,#12752);
#12750 = CARTESIAN_POINT('',(6.841766606773,-4.106671949043,
    0.329734194591));
#12751 = DIRECTION('',(0.418661127608,-0.908142532993,-0.));
#12752 = DIRECTION('',(-0.908142532993,-0.418661127608,0.));
#12753 = ADVANCED_FACE('',(#12754),#12764,.T.);
#12754 = FACE_BOUND('',#12755,.T.);
#12755 = EDGE_LOOP('',(#12756,#12762,#12763));
#12756 = ORIENTED_EDGE('',*,*,#12757,.T.);
#12757 = EDGE_CURVE('',#5082,#10949,#12758,.T.);
#12758 = LINE('',#12759,#12760);
#12759 = CARTESIAN_POINT('',(6.739918708801,-4.146162033081,
    0.699999988079));
#12760 = VECTOR('',#12761,1.);
#12761 = DIRECTION('',(0.114890481408,4.238479072421E-02,-0.99247352952)
  );
#12762 = ORIENTED_EDGE('',*,*,#12743,.F.);
#12763 = ORIENTED_EDGE('',*,*,#5081,.F.);
#12764 = PLANE('',#12765);
#12765 = AXIS2_PLACEMENT_3D('',#12766,#12767,#12768);
#12766 = CARTESIAN_POINT('',(6.799448535971,-4.124200603069,
    0.37026577801));
#12767 = DIRECTION('',(0.346113135446,-0.938192782679,-0.));
#12768 = DIRECTION('',(-0.938192782679,-0.346113135446,0.));
#12769 = ADVANCED_FACE('',(#12770),#12780,.T.);
#12770 = FACE_BOUND('',#12771,.T.);
#12771 = EDGE_LOOP('',(#12772,#12773,#12774));
#12772 = ORIENTED_EDGE('',*,*,#10980,.F.);
#12773 = ORIENTED_EDGE('',*,*,#12757,.F.);
#12774 = ORIENTED_EDGE('',*,*,#12775,.T.);
#12775 = EDGE_CURVE('',#5082,#10972,#12776,.T.);
#12776 = LINE('',#12777,#12778);
#12777 = CARTESIAN_POINT('',(6.739918708801,-4.146162033081,
    0.699999988079));
#12778 = VECTOR('',#12779,1.);
#12779 = DIRECTION('',(0.,0.,-1.));
#12780 = PLANE('',#12781);
#12781 = AXIS2_PLACEMENT_3D('',#12782,#12783,#12784);
#12782 = CARTESIAN_POINT('',(6.761422111459,-4.138229111134,
    0.329734210069));
#12783 = DIRECTION('',(0.346113135446,-0.938192782679,-0.));
#12784 = DIRECTION('',(-0.938192782679,-0.346113135446,0.));
#12785 = ADVANCED_FACE('',(#12786),#12796,.T.);
#12786 = FACE_BOUND('',#12787,.T.);
#12787 = EDGE_LOOP('',(#12788,#12794,#12795));
#12788 = ORIENTED_EDGE('',*,*,#12789,.T.);
#12789 = EDGE_CURVE('',#5105,#10972,#12790,.T.);
#12790 = LINE('',#12791,#12792);
#12791 = CARTESIAN_POINT('',(6.656789779663,-4.169606685638,
    0.699999988079));
#12792 = VECTOR('',#12793,1.);
#12793 = DIRECTION('',(0.11786180279,3.324028163048E-02,-0.992473515576)
  );
#12794 = ORIENTED_EDGE('',*,*,#12775,.F.);
#12795 = ORIENTED_EDGE('',*,*,#5104,.F.);
#12796 = PLANE('',#12797);
#12797 = AXIS2_PLACEMENT_3D('',#12798,#12799,#12800);
#12798 = CARTESIAN_POINT('',(6.717859179201,-4.15238342932,
    0.370265795762));
#12799 = DIRECTION('',(0.271439053609,-0.962455630237,-0.));
#12800 = DIRECTION('',(-0.962455630237,-0.271439053609,0.));
#12801 = ADVANCED_FACE('',(#12802),#12812,.T.);
#12802 = FACE_BOUND('',#12803,.T.);
#12803 = EDGE_LOOP('',(#12804,#12805,#12806));
#12804 = ORIENTED_EDGE('',*,*,#10995,.F.);
#12805 = ORIENTED_EDGE('',*,*,#12789,.F.);
#12806 = ORIENTED_EDGE('',*,*,#12807,.T.);
#12807 = EDGE_CURVE('',#5105,#10996,#12808,.T.);
#12808 = LINE('',#12809,#12810);
#12809 = CARTESIAN_POINT('',(6.656789779663,-4.169606685638,
    0.699999988079));
#12810 = VECTOR('',#12811,1.);
#12811 = DIRECTION('',(0.,0.,-1.));
#12812 = PLANE('',#12813);
#12813 = AXIS2_PLACEMENT_3D('',#12814,#12815,#12816);
#12814 = CARTESIAN_POINT('',(6.678849309264,-4.1633852894,0.329734192318
    ));
#12815 = DIRECTION('',(0.271439053609,-0.962455630237,-0.));
#12816 = DIRECTION('',(-0.962455630237,-0.271439053609,0.));
#12817 = ADVANCED_FACE('',(#12818),#12828,.T.);
#12818 = FACE_BOUND('',#12819,.T.);
#12819 = EDGE_LOOP('',(#12820,#12826,#12827));
#12820 = ORIENTED_EDGE('',*,*,#12821,.T.);
#12821 = EDGE_CURVE('',#5128,#10996,#12822,.T.);
#12822 = LINE('',#12823,#12824);
#12823 = CARTESIAN_POINT('',(6.57207775116,-4.186457157135,
    0.699999988079));
#12824 = VECTOR('',#12825,1.);
#12825 = DIRECTION('',(0.120106352209,2.389092434943E-02,-0.992473519996
    ));
#12826 = ORIENTED_EDGE('',*,*,#12807,.F.);
#12827 = ORIENTED_EDGE('',*,*,#5127,.F.);
#12828 = PLANE('',#12829);
#12829 = AXIS2_PLACEMENT_3D('',#12830,#12831,#12832);
#12830 = CARTESIAN_POINT('',(6.634310150877,-4.174078215252,
    0.370265790135));
#12831 = DIRECTION('',(0.195092564621,-0.980784834319,-0.));
#12832 = DIRECTION('',(-0.980784834319,-0.195092564621,0.));
#12833 = ADVANCED_FACE('',(#12834),#12844,.T.);
#12834 = FACE_BOUND('',#12835,.T.);
#12835 = EDGE_LOOP('',(#12836,#12837,#12838));
#12836 = ORIENTED_EDGE('',*,*,#11026,.F.);
#12837 = ORIENTED_EDGE('',*,*,#12821,.F.);
#12838 = ORIENTED_EDGE('',*,*,#12839,.T.);
#12839 = EDGE_CURVE('',#5128,#11018,#12840,.T.);
#12840 = LINE('',#12841,#12842);
#12841 = CARTESIAN_POINT('',(6.57207775116,-4.186457157135,
    0.699999988079));
#12842 = VECTOR('',#12843,1.);
#12843 = DIRECTION('',(0.,0.,-1.));
#12844 = PLANE('',#12845);
#12845 = AXIS2_PLACEMENT_3D('',#12846,#12847,#12848);
#12846 = CARTESIAN_POINT('',(6.594557379946,-4.181985627521,
    0.329734197944));
#12847 = DIRECTION('',(0.195092564621,-0.980784834319,-0.));
#12848 = DIRECTION('',(-0.980784834319,-0.195092564621,0.));
#12849 = ADVANCED_FACE('',(#12850),#12860,.T.);
#12850 = FACE_BOUND('',#12851,.T.);
#12851 = EDGE_LOOP('',(#12852,#12858,#12859));
#12852 = ORIENTED_EDGE('',*,*,#12853,.T.);
#12853 = EDGE_CURVE('',#5151,#11018,#12854,.T.);
#12854 = LINE('',#12855,#12856);
#12855 = CARTESIAN_POINT('',(6.486305236816,-4.196609020233,
    0.699999988079));
#12856 = VECTOR('',#12857,1.);
#12857 = DIRECTION('',(0.121609939518,1.439350900241E-02,-0.992473601417
    ));
#12858 = ORIENTED_EDGE('',*,*,#12839,.F.);
#12859 = ORIENTED_EDGE('',*,*,#5150,.F.);
#12860 = PLANE('',#12861);
#12861 = AXIS2_PLACEMENT_3D('',#12862,#12863,#12864);
#12862 = CARTESIAN_POINT('',(6.549316713437,-4.189151107997,
    0.370265686475));
#12863 = DIRECTION('',(0.117537591915,-0.993068433939,-0.));
#12864 = DIRECTION('',(-0.993068433939,-0.117537591915,0.));
#12865 = ADVANCED_FACE('',(#12866),#12876,.T.);
#12866 = FACE_BOUND('',#12867,.T.);
#12867 = EDGE_LOOP('',(#12868,#12869,#12870));
#12868 = ORIENTED_EDGE('',*,*,#11049,.F.);
#12869 = ORIENTED_EDGE('',*,*,#12853,.F.);
#12870 = ORIENTED_EDGE('',*,*,#12871,.T.);
#12871 = EDGE_CURVE('',#5151,#11041,#12872,.T.);
#12872 = LINE('',#12873,#12874);
#12873 = CARTESIAN_POINT('',(6.486305236816,-4.196609020233,
    0.699999988079));
#12874 = VECTOR('',#12875,1.);
#12875 = DIRECTION('',(0.,0.,-1.));
#12876 = PLANE('',#12877);
#12877 = AXIS2_PLACEMENT_3D('',#12878,#12879,#12880);
#12878 = CARTESIAN_POINT('',(6.509066274539,-4.193915069371,
    0.329734301605));
#12879 = DIRECTION('',(0.117537591915,-0.993068433939,-0.));
#12880 = DIRECTION('',(-0.993068433939,-0.117537591915,0.));
#12881 = ADVANCED_FACE('',(#12882),#12892,.T.);
#12882 = FACE_BOUND('',#12883,.T.);
#12883 = EDGE_LOOP('',(#12884,#12885,#12886));
#12884 = ORIENTED_EDGE('',*,*,#11064,.F.);
#12885 = ORIENTED_EDGE('',*,*,#12871,.F.);
#12886 = ORIENTED_EDGE('',*,*,#12887,.T.);
#12887 = EDGE_CURVE('',#5151,#9686,#12888,.T.);
#12888 = LINE('',#12889,#12890);
#12889 = CARTESIAN_POINT('',(6.486305236816,-4.196609020233,
    0.699999988079));
#12890 = VECTOR('',#12891,1.);
#12891 = DIRECTION('',(-0.122365097478,-4.80752621989E-03,
    -0.992473511289));
#12892 = PLANE('',#12893);
#12893 = AXIS2_PLACEMENT_3D('',#12894,#12895,#12896);
#12894 = CARTESIAN_POINT('',(6.463402850442,-4.197508817849,
    0.32973418686));
#12895 = DIRECTION('',(3.925809087884E-02,-0.99922910401,-0.));
#12896 = DIRECTION('',(-0.99922910401,-3.925809087884E-02,0.));
#12897 = ADVANCED_FACE('',(#12898),#12903,.T.);
#12898 = FACE_BOUND('',#12899,.T.);
#12899 = EDGE_LOOP('',(#12900,#12901,#12902));
#12900 = ORIENTED_EDGE('',*,*,#12258,.F.);
#12901 = ORIENTED_EDGE('',*,*,#12887,.F.);
#12902 = ORIENTED_EDGE('',*,*,#5159,.F.);
#12903 = PLANE('',#12904);
#12904 = AXIS2_PLACEMENT_3D('',#12905,#12906,#12907);
#12905 = CARTESIAN_POINT('',(6.422902481741,-4.199100011649,
    0.370265801219));
#12906 = DIRECTION('',(3.925809087884E-02,-0.99922910401,-0.));
#12907 = DIRECTION('',(-0.99922910401,-3.925809087884E-02,0.));
#12908 = ADVANCED_FACE('',(#12909),#12919,.T.);
#12909 = FACE_BOUND('',#12910,.T.);
#12910 = EDGE_LOOP('',(#12911,#12912,#12913));
#12911 = ORIENTED_EDGE('',*,*,#12273,.F.);
#12912 = ORIENTED_EDGE('',*,*,#8752,.F.);
#12913 = ORIENTED_EDGE('',*,*,#12914,.T.);
#12914 = EDGE_CURVE('',#8691,#4691,#12915,.T.);
#12915 = LINE('',#12916,#12917);
#12916 = CARTESIAN_POINT('',(7.5,4.400000095367,0.));
#12917 = VECTOR('',#12918,1.);
#12918 = DIRECTION('',(0.,-0.995672695878,9.292945003268E-02));
#12919 = PLANE('',#12920);
#12920 = AXIS2_PLACEMENT_3D('',#12921,#12922,#12923);
#12921 = CARTESIAN_POINT('',(7.5,0.483149056597,0.183148955269));
#12922 = DIRECTION('',(1.,0.,0.));
#12923 = DIRECTION('',(-0.,0.,1.));
#12924 = ADVANCED_FACE('',(#12925),#12935,.T.);
#12925 = FACE_BOUND('',#12926,.T.);
#12926 = EDGE_LOOP('',(#12927,#12928,#12929));
#12927 = ORIENTED_EDGE('',*,*,#4690,.F.);
#12928 = ORIENTED_EDGE('',*,*,#12914,.F.);
#12929 = ORIENTED_EDGE('',*,*,#12930,.T.);
#12930 = EDGE_CURVE('',#8691,#4645,#12931,.T.);
#12931 = LINE('',#12932,#12933);
#12932 = CARTESIAN_POINT('',(7.5,4.400000095367,0.));
#12933 = VECTOR('',#12934,1.);
#12934 = DIRECTION('',(0.,0.,1.));
#12935 = PLANE('',#12936);
#12936 = AXIS2_PLACEMENT_3D('',#12937,#12938,#12939);
#12937 = CARTESIAN_POINT('',(7.5,0.816851134138,0.51685103281));
#12938 = DIRECTION('',(1.,0.,0.));
#12939 = DIRECTION('',(-0.,0.,1.));
#12940 = ADVANCED_FACE('',(#12941),#12956,.T.);
#12941 = FACE_BOUND('',#12942,.T.);
#12942 = EDGE_LOOP('',(#12943,#12944,#12950));
#12943 = ORIENTED_EDGE('',*,*,#9256,.F.);
#12944 = ORIENTED_EDGE('',*,*,#12945,.T.);
#12945 = EDGE_CURVE('',#9257,#3272,#12946,.T.);
#12946 = LINE('',#12947,#12948);
#12947 = CARTESIAN_POINT('',(6.400000095367,5.5,0.));
#12948 = VECTOR('',#12949,1.);
#12949 = DIRECTION('',(0.,0.,1.));
#12950 = ORIENTED_EDGE('',*,*,#12951,.T.);
#12951 = EDGE_CURVE('',#3272,#9234,#12952,.T.);
#12952 = LINE('',#12953,#12954);
#12953 = CARTESIAN_POINT('',(6.400000095367,5.5,0.699999988079));
#12954 = VECTOR('',#12955,1.);
#12955 = DIRECTION('',(0.122365097478,-4.80752621989E-03,-0.992473511289
    ));
#12956 = PLANE('',#12957);
#12957 = AXIS2_PLACEMENT_3D('',#12958,#12959,#12960);
#12958 = CARTESIAN_POINT('',(6.422902481741,5.499100202384,0.32973418686
    ));
#12959 = DIRECTION('',(3.925809087884E-02,0.99922910401,0.));
#12960 = DIRECTION('',(0.99922910401,-3.925809087884E-02,0.));
#12961 = ADVANCED_FACE('',(#12962),#12972,.T.);
#12962 = FACE_BOUND('',#12963,.T.);
#12963 = EDGE_LOOP('',(#12964,#12970,#12971));
#12964 = ORIENTED_EDGE('',*,*,#12965,.T.);
#12965 = EDGE_CURVE('',#5589,#9234,#12966,.T.);
#12966 = LINE('',#12967,#12968);
#12967 = CARTESIAN_POINT('',(6.486305236816,5.496609210968,
    0.699999988079));
#12968 = VECTOR('',#12969,1.);
#12969 = DIRECTION('',(0.,0.,-1.));
#12970 = ORIENTED_EDGE('',*,*,#12951,.F.);
#12971 = ORIENTED_EDGE('',*,*,#5596,.F.);
#12972 = PLANE('',#12973);
#12973 = AXIS2_PLACEMENT_3D('',#12974,#12975,#12976);
#12974 = CARTESIAN_POINT('',(6.463402850442,5.497509008584,
    0.370265801219));
#12975 = DIRECTION('',(3.925809087884E-02,0.99922910401,0.));
#12976 = DIRECTION('',(0.99922910401,-3.925809087884E-02,0.));
#12977 = ADVANCED_FACE('',(#12978),#12988,.T.);
#12978 = FACE_BOUND('',#12979,.T.);
#12979 = EDGE_LOOP('',(#12980,#12986,#12987));
#12980 = ORIENTED_EDGE('',*,*,#12981,.T.);
#12981 = EDGE_CURVE('',#5565,#9234,#12982,.T.);
#12982 = LINE('',#12983,#12984);
#12983 = CARTESIAN_POINT('',(6.57207775116,5.48645734787,0.699999988079)
  );
#12984 = VECTOR('',#12985,1.);
#12985 = DIRECTION('',(-0.121609939518,1.439350900241E-02,
    -0.992473601417));
#12986 = ORIENTED_EDGE('',*,*,#12965,.F.);
#12987 = ORIENTED_EDGE('',*,*,#5588,.F.);
#12988 = PLANE('',#12989);
#12989 = AXIS2_PLACEMENT_3D('',#12990,#12991,#12992);
#12990 = CARTESIAN_POINT('',(6.509066274539,5.493915260106,
    0.370265686475));
#12991 = DIRECTION('',(0.117537591915,0.993068433939,0.));
#12992 = DIRECTION('',(0.993068433939,-0.117537591915,0.));
#12993 = ADVANCED_FACE('',(#12994),#13004,.T.);
#12994 = FACE_BOUND('',#12995,.T.);
#12995 = EDGE_LOOP('',(#12996,#12997,#12998));
#12996 = ORIENTED_EDGE('',*,*,#9233,.F.);
#12997 = ORIENTED_EDGE('',*,*,#12981,.F.);
#12998 = ORIENTED_EDGE('',*,*,#12999,.T.);
#12999 = EDGE_CURVE('',#5565,#9211,#13000,.T.);
#13000 = LINE('',#13001,#13002);
#13001 = CARTESIAN_POINT('',(6.57207775116,5.48645734787,0.699999988079)
  );
#13002 = VECTOR('',#13003,1.);
#13003 = DIRECTION('',(0.,0.,-1.));
#13004 = PLANE('',#13005);
#13005 = AXIS2_PLACEMENT_3D('',#13006,#13007,#13008);
#13006 = CARTESIAN_POINT('',(6.549316713437,5.489151298732,
    0.329734301605));
#13007 = DIRECTION('',(0.117537591915,0.993068433939,0.));
#13008 = DIRECTION('',(0.993068433939,-0.117537591915,0.));
#13009 = ADVANCED_FACE('',(#13010),#13020,.T.);
#13010 = FACE_BOUND('',#13011,.T.);
#13011 = EDGE_LOOP('',(#13012,#13018,#13019));
#13012 = ORIENTED_EDGE('',*,*,#13013,.T.);
#13013 = EDGE_CURVE('',#5542,#9211,#13014,.T.);
#13014 = LINE('',#13015,#13016);
#13015 = CARTESIAN_POINT('',(6.656789779663,5.469606876373,
    0.699999988079));
#13016 = VECTOR('',#13017,1.);
#13017 = DIRECTION('',(-0.120106352209,2.389092434943E-02,
    -0.992473519996));
#13018 = ORIENTED_EDGE('',*,*,#12999,.F.);
#13019 = ORIENTED_EDGE('',*,*,#5573,.F.);
#13020 = PLANE('',#13021);
#13021 = AXIS2_PLACEMENT_3D('',#13022,#13023,#13024);
#13022 = CARTESIAN_POINT('',(6.594557379946,5.481985818256,
    0.370265790135));
#13023 = DIRECTION('',(0.195092564621,0.980784834319,0.));
#13024 = DIRECTION('',(0.980784834319,-0.195092564621,0.));
#13025 = ADVANCED_FACE('',(#13026),#13036,.T.);
#13026 = FACE_BOUND('',#13027,.T.);
#13027 = EDGE_LOOP('',(#13028,#13029,#13030));
#13028 = ORIENTED_EDGE('',*,*,#9210,.F.);
#13029 = ORIENTED_EDGE('',*,*,#13013,.F.);
#13030 = ORIENTED_EDGE('',*,*,#13031,.T.);
#13031 = EDGE_CURVE('',#5542,#9188,#13032,.T.);
#13032 = LINE('',#13033,#13034);
#13033 = CARTESIAN_POINT('',(6.656789779663,5.469606876373,
    0.699999988079));
#13034 = VECTOR('',#13035,1.);
#13035 = DIRECTION('',(0.,0.,-1.));
#13036 = PLANE('',#13037);
#13037 = AXIS2_PLACEMENT_3D('',#13038,#13039,#13040);
#13038 = CARTESIAN_POINT('',(6.634310150877,5.474078405987,
    0.329734197944));
#13039 = DIRECTION('',(0.195092564621,0.980784834319,0.));
#13040 = DIRECTION('',(0.980784834319,-0.195092564621,0.));
#13041 = ADVANCED_FACE('',(#13042),#13052,.T.);
#13042 = FACE_BOUND('',#13043,.T.);
#13043 = EDGE_LOOP('',(#13044,#13050,#13051));
#13044 = ORIENTED_EDGE('',*,*,#13045,.T.);
#13045 = EDGE_CURVE('',#5520,#9188,#13046,.T.);
#13046 = LINE('',#13047,#13048);
#13047 = CARTESIAN_POINT('',(6.739918708801,5.446162223816,
    0.699999988079));
#13048 = VECTOR('',#13049,1.);
#13049 = DIRECTION('',(-0.11786180279,3.324028163048E-02,-0.992473515576
    ));
#13050 = ORIENTED_EDGE('',*,*,#13031,.F.);
#13051 = ORIENTED_EDGE('',*,*,#5550,.F.);
#13052 = PLANE('',#13053);
#13053 = AXIS2_PLACEMENT_3D('',#13054,#13055,#13056);
#13054 = CARTESIAN_POINT('',(6.678849309264,5.463385480135,
    0.370265795762));
#13055 = DIRECTION('',(0.271439053609,0.962455630237,0.));
#13056 = DIRECTION('',(0.962455630237,-0.271439053609,0.));
#13057 = ADVANCED_FACE('',(#13058),#13068,.T.);
#13058 = FACE_BOUND('',#13059,.T.);
#13059 = EDGE_LOOP('',(#13060,#13061,#13062));
#13060 = ORIENTED_EDGE('',*,*,#9187,.F.);
#13061 = ORIENTED_EDGE('',*,*,#13045,.F.);
#13062 = ORIENTED_EDGE('',*,*,#13063,.T.);
#13063 = EDGE_CURVE('',#5520,#9165,#13064,.T.);
#13064 = LINE('',#13065,#13066);
#13065 = CARTESIAN_POINT('',(6.739918708801,5.446162223816,
    0.699999988079));
#13066 = VECTOR('',#13067,1.);
#13067 = DIRECTION('',(0.,0.,-1.));
#13068 = PLANE('',#13069);
#13069 = AXIS2_PLACEMENT_3D('',#13070,#13071,#13072);
#13070 = CARTESIAN_POINT('',(6.717859179201,5.452383620055,
    0.329734192318));
#13071 = DIRECTION('',(0.271439053609,0.962455630237,0.));
#13072 = DIRECTION('',(0.962455630237,-0.271439053609,0.));
#13073 = ADVANCED_FACE('',(#13074),#13084,.T.);
#13074 = FACE_BOUND('',#13075,.T.);
#13075 = EDGE_LOOP('',(#13076,#13082,#13083));
#13076 = ORIENTED_EDGE('',*,*,#13077,.T.);
#13077 = EDGE_CURVE('',#5496,#9165,#13078,.T.);
#13078 = LINE('',#13079,#13080);
#13079 = CARTESIAN_POINT('',(6.820951938629,5.41626739502,0.699999988079
    ));
#13080 = VECTOR('',#13081,1.);
#13081 = DIRECTION('',(-0.114890478115,4.238546557859E-02,-0.99247350108
    ));
#13082 = ORIENTED_EDGE('',*,*,#13063,.F.);
#13083 = ORIENTED_EDGE('',*,*,#5519,.F.);
#13084 = PLANE('',#13085);
#13085 = AXIS2_PLACEMENT_3D('',#13086,#13087,#13088);
#13086 = CARTESIAN_POINT('',(6.76142211382,5.438229174461,0.370265814217
    ));
#13087 = DIRECTION('',(0.346117994838,0.938190989964,0.));
#13088 = DIRECTION('',(0.938190989964,-0.346117994838,0.));
#13089 = ADVANCED_FACE('',(#13090),#13100,.T.);
#13090 = FACE_BOUND('',#13091,.T.);
#13091 = EDGE_LOOP('',(#13092,#13093,#13094));
#13092 = ORIENTED_EDGE('',*,*,#9164,.F.);
#13093 = ORIENTED_EDGE('',*,*,#13077,.F.);
#13094 = ORIENTED_EDGE('',*,*,#13095,.T.);
#13095 = EDGE_CURVE('',#5496,#9142,#13096,.T.);
#13096 = LINE('',#13097,#13098);
#13097 = CARTESIAN_POINT('',(6.820951938629,5.41626739502,0.699999988079
    ));
#13098 = VECTOR('',#13099,1.);
#13099 = DIRECTION('',(0.,0.,-1.));
#13100 = PLANE('',#13101);
#13101 = AXIS2_PLACEMENT_3D('',#13102,#13103,#13104);
#13102 = CARTESIAN_POINT('',(6.79944853361,5.424200444374,0.329734173862
    ));
#13103 = DIRECTION('',(0.346117994838,0.938190989964,0.));
#13104 = DIRECTION('',(0.938190989964,-0.346117994838,0.));
#13105 = ADVANCED_FACE('',(#13106),#13116,.T.);
#13106 = FACE_BOUND('',#13107,.T.);
#13107 = EDGE_LOOP('',(#13108,#13114,#13115));
#13108 = ORIENTED_EDGE('',*,*,#13109,.T.);
#13109 = EDGE_CURVE('',#5473,#9142,#13110,.T.);
#13110 = LINE('',#13111,#13112);
#13111 = CARTESIAN_POINT('',(6.899389743805,5.380107402802,
    0.699999988079));
#13112 = VECTOR('',#13113,1.);
#13113 = DIRECTION('',(-0.111210640601,5.126833788497E-02,
    -0.992473551762));
#13114 = ORIENTED_EDGE('',*,*,#13095,.F.);
#13115 = ORIENTED_EDGE('',*,*,#5504,.F.);
#13116 = PLANE('',#13117);
#13117 = AXIS2_PLACEMENT_3D('',#13118,#13119,#13120);
#13118 = CARTESIAN_POINT('',(6.841766604008,5.406671790751,
    0.370265749692));
#13119 = DIRECTION('',(0.418656574497,0.908144632,0.));
#13120 = DIRECTION('',(0.908144632,-0.418656574497,0.));
#13121 = ADVANCED_FACE('',(#13122),#13132,.T.);
#13122 = FACE_BOUND('',#13123,.T.);
#13123 = EDGE_LOOP('',(#13124,#13125,#13126));
#13124 = ORIENTED_EDGE('',*,*,#9141,.F.);
#13125 = ORIENTED_EDGE('',*,*,#13109,.F.);
#13126 = ORIENTED_EDGE('',*,*,#13127,.T.);
#13127 = EDGE_CURVE('',#5473,#9119,#13128,.T.);
#13128 = LINE('',#13129,#13130);
#13129 = CARTESIAN_POINT('',(6.899389743805,5.380107402802,
    0.699999988079));
#13130 = VECTOR('',#13131,1.);
#13131 = DIRECTION('',(0.,0.,-1.));
#13132 = PLANE('',#13133);
#13133 = AXIS2_PLACEMENT_3D('',#13134,#13135,#13136);
#13134 = CARTESIAN_POINT('',(6.878575078426,5.38970300707,0.329734238387
    ));
#13135 = DIRECTION('',(0.418656574497,0.908144632,0.));
#13136 = DIRECTION('',(0.908144632,-0.418656574497,0.));
#13137 = ADVANCED_FACE('',(#13138),#13148,.T.);
#13138 = FACE_BOUND('',#13139,.T.);
#13139 = EDGE_LOOP('',(#13140,#13146,#13147));
#13140 = ORIENTED_EDGE('',*,*,#13141,.T.);
#13141 = EDGE_CURVE('',#5451,#9119,#13142,.T.);
#13142 = LINE('',#13143,#13144);
#13143 = CARTESIAN_POINT('',(6.97474861145,5.33790397644,0.699999988079)
  );
#13144 = VECTOR('',#13145,1.);
#13145 = DIRECTION('',(-0.10684525751,5.983683272142E-02,-0.992473498083
    ));
#13146 = ORIENTED_EDGE('',*,*,#13127,.F.);
#13147 = ORIENTED_EDGE('',*,*,#5481,.F.);
#13148 = PLANE('',#13149);
#13149 = AXIS2_PLACEMENT_3D('',#13150,#13151,#13152);
#13150 = CARTESIAN_POINT('',(6.919387370395,5.368908078985,
    0.370265818033));
#13151 = DIRECTION('',(0.488625055042,0.872493871374,0.));
#13152 = DIRECTION('',(0.872493871374,-0.488625055042,0.));
#13153 = ADVANCED_FACE('',(#13154),#13164,.T.);
#13154 = FACE_BOUND('',#13155,.T.);
#13155 = EDGE_LOOP('',(#13156,#13157,#13158));
#13156 = ORIENTED_EDGE('',*,*,#9118,.F.);
#13157 = ORIENTED_EDGE('',*,*,#13141,.F.);
#13158 = ORIENTED_EDGE('',*,*,#13159,.T.);
#13159 = EDGE_CURVE('',#5451,#9096,#13160,.T.);
#13160 = LINE('',#13161,#13162);
#13161 = CARTESIAN_POINT('',(6.97474861145,5.33790397644,0.699999988079)
  );
#13162 = VECTOR('',#13163,1.);
#13163 = DIRECTION('',(0.,0.,-1.));
#13164 = PLANE('',#13165);
#13165 = AXIS2_PLACEMENT_3D('',#13166,#13167,#13168);
#13166 = CARTESIAN_POINT('',(6.95475098486,5.349103300257,0.329734170046
    ));
#13167 = DIRECTION('',(0.488625055042,0.872493871374,0.));
#13168 = DIRECTION('',(0.872493871374,-0.488625055042,0.));
#13169 = ADVANCED_FACE('',(#13170),#13180,.T.);
#13170 = FACE_BOUND('',#13171,.T.);
#13171 = EDGE_LOOP('',(#13172,#13178,#13179));
#13172 = ORIENTED_EDGE('',*,*,#13173,.T.);
#13173 = EDGE_CURVE('',#5427,#9096,#13174,.T.);
#13174 = LINE('',#13175,#13176);
#13175 = CARTESIAN_POINT('',(7.046563625336,5.289918899536,
    0.699999988079));
#13176 = VECTOR('',#13177,1.);
#13177 = DIRECTION('',(-0.101820725949,6.803417698875E-02,
    -0.992473622082));
#13178 = ORIENTED_EDGE('',*,*,#13159,.F.);
#13179 = ORIENTED_EDGE('',*,*,#5450,.F.);
#13180 = PLANE('',#13181);
#13181 = AXIS2_PLACEMENT_3D('',#13182,#13183,#13184);
#13182 = CARTESIAN_POINT('',(6.993805813191,5.325170409438,
    0.370265660165));
#13183 = DIRECTION('',(0.555568782189,0.831470581715,0.));
#13184 = DIRECTION('',(0.831470581715,-0.555568782189,0.));
#13185 = ADVANCED_FACE('',(#13186),#13196,.T.);
#13186 = FACE_BOUND('',#13187,.T.);
#13187 = EDGE_LOOP('',(#13188,#13189,#13190));
#13188 = ORIENTED_EDGE('',*,*,#9095,.F.);
#13189 = ORIENTED_EDGE('',*,*,#13173,.F.);
#13190 = ORIENTED_EDGE('',*,*,#13191,.T.);
#13191 = EDGE_CURVE('',#5427,#9073,#13192,.T.);
#13192 = LINE('',#13193,#13194);
#13193 = CARTESIAN_POINT('',(7.046563625336,5.289918899536,
    0.699999988079));
#13194 = VECTOR('',#13195,1.);
#13195 = DIRECTION('',(0.,0.,-1.));
#13196 = PLANE('',#13197);
#13197 = AXIS2_PLACEMENT_3D('',#13198,#13199,#13200);
#13198 = CARTESIAN_POINT('',(7.027506423595,5.302652466539,
    0.329734327914));
#13199 = DIRECTION('',(0.555568782189,0.831470581715,0.));
#13200 = DIRECTION('',(0.831470581715,-0.555568782189,0.));
#13201 = ADVANCED_FACE('',(#13202),#13212,.T.);
#13202 = FACE_BOUND('',#13203,.T.);
#13203 = EDGE_LOOP('',(#13204,#13210,#13211));
#13204 = ORIENTED_EDGE('',*,*,#13205,.T.);
#13205 = EDGE_CURVE('',#5404,#9073,#13206,.T.);
#13206 = LINE('',#13207,#13208);
#13207 = CARTESIAN_POINT('',(7.114392757416,5.236446380615,
    0.699999988079));
#13208 = VECTOR('',#13209,1.);
#13209 = DIRECTION('',(-9.616945176195E-02,7.581436871229E-02,
    -0.992473484807));
#13210 = ORIENTED_EDGE('',*,*,#13191,.F.);
#13211 = ORIENTED_EDGE('',*,*,#5435,.F.);
#13212 = PLANE('',#13213);
#13213 = AXIS2_PLACEMENT_3D('',#13214,#13215,#13216);
#13214 = CARTESIAN_POINT('',(7.064563122504,5.275729149153,
    0.370265834935));
#13215 = DIRECTION('',(0.619096396836,0.785315001401,0.));
#13216 = DIRECTION('',(0.785315001401,-0.619096396836,0.));
#13217 = ADVANCED_FACE('',(#13218),#13228,.T.);
#13218 = FACE_BOUND('',#13219,.T.);
#13219 = EDGE_LOOP('',(#13220,#13221,#13222));
#13220 = ORIENTED_EDGE('',*,*,#9072,.F.);
#13221 = ORIENTED_EDGE('',*,*,#13205,.F.);
#13222 = ORIENTED_EDGE('',*,*,#13223,.T.);
#13223 = EDGE_CURVE('',#5404,#9050,#13224,.T.);
#13224 = LINE('',#13225,#13226);
#13225 = CARTESIAN_POINT('',(7.114392757416,5.236446380615,
    0.699999988079));
#13226 = VECTOR('',#13227,1.);
#13227 = DIRECTION('',(0.,0.,-1.));
#13228 = PLANE('',#13229);
#13229 = AXIS2_PLACEMENT_3D('',#13230,#13231,#13232);
#13230 = CARTESIAN_POINT('',(7.096393260247,5.250636130998,
    0.329734153144));
#13231 = DIRECTION('',(0.619096396836,0.785315001401,0.));
#13232 = DIRECTION('',(0.785315001401,-0.619096396836,0.));
#13233 = ADVANCED_FACE('',(#13234),#13244,.T.);
#13234 = FACE_BOUND('',#13235,.T.);
#13235 = EDGE_LOOP('',(#13236,#13242,#13243));
#13236 = ORIENTED_EDGE('',*,*,#13237,.T.);
#13237 = EDGE_CURVE('',#5382,#9050,#13238,.T.);
#13238 = LINE('',#13239,#13240);
#13239 = CARTESIAN_POINT('',(7.177817344666,5.177817344666,
    0.699999988079));
#13240 = VECTOR('',#13241,1.);
#13241 = DIRECTION('',(-8.992460850702E-02,8.312538297113E-02,
    -0.992473543975));
#13242 = ORIENTED_EDGE('',*,*,#13223,.F.);
#13243 = ORIENTED_EDGE('',*,*,#5412,.F.);
#13244 = PLANE('',#13245);
#13245 = AXIS2_PLACEMENT_3D('',#13246,#13247,#13248);
#13246 = CARTESIAN_POINT('',(7.131223437432,5.22088827316,0.370265759606
    ));
#13247 = DIRECTION('',(0.678800436864,0.734322794766,0.));
#13248 = DIRECTION('',(0.734322794766,-0.678800436864,0.));
#13249 = ADVANCED_FACE('',(#13250),#13260,.T.);
#13250 = FACE_BOUND('',#13251,.T.);
#13251 = EDGE_LOOP('',(#13252,#13253,#13254));
#13252 = ORIENTED_EDGE('',*,*,#9049,.F.);
#13253 = ORIENTED_EDGE('',*,*,#13237,.F.);
#13254 = ORIENTED_EDGE('',*,*,#13255,.T.);
#13255 = EDGE_CURVE('',#5382,#9027,#13256,.T.);
#13256 = LINE('',#13257,#13258);
#13257 = CARTESIAN_POINT('',(7.177817344666,5.177817344666,
    0.699999988079));
#13258 = VECTOR('',#13259,1.);
#13259 = DIRECTION('',(0.,0.,-1.));
#13260 = PLANE('',#13261);
#13261 = AXIS2_PLACEMENT_3D('',#13262,#13263,#13264);
#13262 = CARTESIAN_POINT('',(7.160986664649,5.193375452121,
    0.329734228473));
#13263 = DIRECTION('',(0.678800436864,0.734322794766,0.));
#13264 = DIRECTION('',(0.734322794766,-0.678800436864,0.));
#13265 = ADVANCED_FACE('',(#13266),#13276,.T.);
#13266 = FACE_BOUND('',#13267,.T.);
#13267 = EDGE_LOOP('',(#13268,#13274,#13275));
#13268 = ORIENTED_EDGE('',*,*,#13269,.T.);
#13269 = EDGE_CURVE('',#5358,#9027,#13270,.T.);
#13270 = LINE('',#13271,#13272);
#13271 = CARTESIAN_POINT('',(7.236446380615,5.114392757416,
    0.699999988079));
#13272 = VECTOR('',#13273,1.);
#13273 = DIRECTION('',(-8.312538297113E-02,8.992460850702E-02,
    -0.992473543975));
#13274 = ORIENTED_EDGE('',*,*,#13255,.F.);
#13275 = ORIENTED_EDGE('',*,*,#5381,.F.);
#13276 = PLANE('',#13277);
#13277 = AXIS2_PLACEMENT_3D('',#13278,#13279,#13280);
#13278 = CARTESIAN_POINT('',(7.193375452121,5.160986664649,
    0.370265759606));
#13279 = DIRECTION('',(0.734322794766,0.678800436864,0.));
#13280 = DIRECTION('',(-0.678800436864,0.734322794766,0.));
#13281 = ADVANCED_FACE('',(#13282),#13292,.T.);
#13282 = FACE_BOUND('',#13283,.T.);
#13283 = EDGE_LOOP('',(#13284,#13285,#13286));
#13284 = ORIENTED_EDGE('',*,*,#9026,.F.);
#13285 = ORIENTED_EDGE('',*,*,#13269,.F.);
#13286 = ORIENTED_EDGE('',*,*,#13287,.T.);
#13287 = EDGE_CURVE('',#5358,#9004,#13288,.T.);
#13288 = LINE('',#13289,#13290);
#13289 = CARTESIAN_POINT('',(7.236446380615,5.114392757416,
    0.699999988079));
#13290 = VECTOR('',#13291,1.);
#13291 = DIRECTION('',(0.,0.,-1.));
#13292 = PLANE('',#13293);
#13293 = AXIS2_PLACEMENT_3D('',#13294,#13295,#13296);
#13294 = CARTESIAN_POINT('',(7.22088827316,5.131223437432,0.329734228473
    ));
#13295 = DIRECTION('',(0.734322794766,0.678800436864,0.));
#13296 = DIRECTION('',(-0.678800436864,0.734322794766,0.));
#13297 = ADVANCED_FACE('',(#13298),#13308,.T.);
#13298 = FACE_BOUND('',#13299,.T.);
#13299 = EDGE_LOOP('',(#13300,#13306,#13307));
#13300 = ORIENTED_EDGE('',*,*,#13301,.T.);
#13301 = EDGE_CURVE('',#5335,#9004,#13302,.T.);
#13302 = LINE('',#13303,#13304);
#13303 = CARTESIAN_POINT('',(7.289918899536,5.046563625336,
    0.699999988079));
#13304 = VECTOR('',#13305,1.);
#13305 = DIRECTION('',(-7.581436871229E-02,9.616945176195E-02,
    -0.992473484807));
#13306 = ORIENTED_EDGE('',*,*,#13287,.F.);
#13307 = ORIENTED_EDGE('',*,*,#5366,.F.);
#13308 = PLANE('',#13309);
#13309 = AXIS2_PLACEMENT_3D('',#13310,#13311,#13312);
#13310 = CARTESIAN_POINT('',(7.250636130998,5.096393260247,
    0.370265834935));
#13311 = DIRECTION('',(0.785315001401,0.619096396836,0.));
#13312 = DIRECTION('',(-0.619096396836,0.785315001401,0.));
#13313 = ADVANCED_FACE('',(#13314),#13324,.T.);
#13314 = FACE_BOUND('',#13315,.T.);
#13315 = EDGE_LOOP('',(#13316,#13317,#13318));
#13316 = ORIENTED_EDGE('',*,*,#9003,.F.);
#13317 = ORIENTED_EDGE('',*,*,#13301,.F.);
#13318 = ORIENTED_EDGE('',*,*,#13319,.T.);
#13319 = EDGE_CURVE('',#5335,#8981,#13320,.T.);
#13320 = LINE('',#13321,#13322);
#13321 = CARTESIAN_POINT('',(7.289918899536,5.046563625336,
    0.699999988079));
#13322 = VECTOR('',#13323,1.);
#13323 = DIRECTION('',(0.,0.,-1.));
#13324 = PLANE('',#13325);
#13325 = AXIS2_PLACEMENT_3D('',#13326,#13327,#13328);
#13326 = CARTESIAN_POINT('',(7.275729149153,5.064563122504,
    0.329734153144));
#13327 = DIRECTION('',(0.785315001401,0.619096396836,0.));
#13328 = DIRECTION('',(-0.619096396836,0.785315001401,0.));
#13329 = ADVANCED_FACE('',(#13330),#13340,.T.);
#13330 = FACE_BOUND('',#13331,.T.);
#13331 = EDGE_LOOP('',(#13332,#13338,#13339));
#13332 = ORIENTED_EDGE('',*,*,#13333,.T.);
#13333 = EDGE_CURVE('',#5313,#8981,#13334,.T.);
#13334 = LINE('',#13335,#13336);
#13335 = CARTESIAN_POINT('',(7.33790397644,4.97474861145,0.699999988079)
  );
#13336 = VECTOR('',#13337,1.);
#13337 = DIRECTION('',(-6.803417698875E-02,0.101820725949,
    -0.992473622082));
#13338 = ORIENTED_EDGE('',*,*,#13319,.F.);
#13339 = ORIENTED_EDGE('',*,*,#5343,.F.);
#13340 = PLANE('',#13341);
#13341 = AXIS2_PLACEMENT_3D('',#13342,#13343,#13344);
#13342 = CARTESIAN_POINT('',(7.302652466539,5.027506423595,
    0.370265660165));
#13343 = DIRECTION('',(0.831470581715,0.555568782189,0.));
#13344 = DIRECTION('',(-0.555568782189,0.831470581715,0.));
#13345 = ADVANCED_FACE('',(#13346),#13356,.T.);
#13346 = FACE_BOUND('',#13347,.T.);
#13347 = EDGE_LOOP('',(#13348,#13349,#13350));
#13348 = ORIENTED_EDGE('',*,*,#8980,.F.);
#13349 = ORIENTED_EDGE('',*,*,#13333,.F.);
#13350 = ORIENTED_EDGE('',*,*,#13351,.T.);
#13351 = EDGE_CURVE('',#5313,#8958,#13352,.T.);
#13352 = LINE('',#13353,#13354);
#13353 = CARTESIAN_POINT('',(7.33790397644,4.97474861145,0.699999988079)
  );
#13354 = VECTOR('',#13355,1.);
#13355 = DIRECTION('',(0.,0.,-1.));
#13356 = PLANE('',#13357);
#13357 = AXIS2_PLACEMENT_3D('',#13358,#13359,#13360);
#13358 = CARTESIAN_POINT('',(7.325170409438,4.993805813191,
    0.329734327914));
#13359 = DIRECTION('',(0.831470581715,0.555568782189,0.));
#13360 = DIRECTION('',(-0.555568782189,0.831470581715,0.));
#13361 = ADVANCED_FACE('',(#13362),#13372,.T.);
#13362 = FACE_BOUND('',#13363,.T.);
#13363 = EDGE_LOOP('',(#13364,#13370,#13371));
#13364 = ORIENTED_EDGE('',*,*,#13365,.T.);
#13365 = EDGE_CURVE('',#5289,#8958,#13366,.T.);
#13366 = LINE('',#13367,#13368);
#13367 = CARTESIAN_POINT('',(7.380107402802,4.899389743805,
    0.699999988079));
#13368 = VECTOR('',#13369,1.);
#13369 = DIRECTION('',(-5.983683272142E-02,0.10684525751,-0.992473498083
    ));
#13370 = ORIENTED_EDGE('',*,*,#13351,.F.);
#13371 = ORIENTED_EDGE('',*,*,#5312,.F.);
#13372 = PLANE('',#13373);
#13373 = AXIS2_PLACEMENT_3D('',#13374,#13375,#13376);
#13374 = CARTESIAN_POINT('',(7.349103300257,4.95475098486,0.370265818033
    ));
#13375 = DIRECTION('',(0.872493871374,0.488625055042,0.));
#13376 = DIRECTION('',(-0.488625055042,0.872493871374,0.));
#13377 = ADVANCED_FACE('',(#13378),#13388,.T.);
#13378 = FACE_BOUND('',#13379,.T.);
#13379 = EDGE_LOOP('',(#13380,#13381,#13382));
#13380 = ORIENTED_EDGE('',*,*,#8957,.F.);
#13381 = ORIENTED_EDGE('',*,*,#13365,.F.);
#13382 = ORIENTED_EDGE('',*,*,#13383,.T.);
#13383 = EDGE_CURVE('',#5289,#8935,#13384,.T.);
#13384 = LINE('',#13385,#13386);
#13385 = CARTESIAN_POINT('',(7.380107402802,4.899389743805,
    0.699999988079));
#13386 = VECTOR('',#13387,1.);
#13387 = DIRECTION('',(0.,0.,-1.));
#13388 = PLANE('',#13389);
#13389 = AXIS2_PLACEMENT_3D('',#13390,#13391,#13392);
#13390 = CARTESIAN_POINT('',(7.368908078985,4.919387370395,
    0.329734170046));
#13391 = DIRECTION('',(0.872493871374,0.488625055042,0.));
#13392 = DIRECTION('',(-0.488625055042,0.872493871374,0.));
#13393 = ADVANCED_FACE('',(#13394),#13404,.T.);
#13394 = FACE_BOUND('',#13395,.T.);
#13395 = EDGE_LOOP('',(#13396,#13402,#13403));
#13396 = ORIENTED_EDGE('',*,*,#13397,.T.);
#13397 = EDGE_CURVE('',#5266,#8935,#13398,.T.);
#13398 = LINE('',#13399,#13400);
#13399 = CARTESIAN_POINT('',(7.41626739502,4.820951938629,0.699999988079
    ));
#13400 = VECTOR('',#13401,1.);
#13401 = DIRECTION('',(-5.126833788497E-02,0.111210640601,
    -0.992473551762));
#13402 = ORIENTED_EDGE('',*,*,#13383,.F.);
#13403 = ORIENTED_EDGE('',*,*,#5297,.F.);
#13404 = PLANE('',#13405);
#13405 = AXIS2_PLACEMENT_3D('',#13406,#13407,#13408);
#13406 = CARTESIAN_POINT('',(7.38970300707,4.878575078426,0.370265749692
    ));
#13407 = DIRECTION('',(0.908144632,0.418656574497,0.));
#13408 = DIRECTION('',(-0.418656574497,0.908144632,0.));
#13409 = ADVANCED_FACE('',(#13410),#13420,.T.);
#13410 = FACE_BOUND('',#13411,.T.);
#13411 = EDGE_LOOP('',(#13412,#13413,#13414));
#13412 = ORIENTED_EDGE('',*,*,#8934,.F.);
#13413 = ORIENTED_EDGE('',*,*,#13397,.F.);
#13414 = ORIENTED_EDGE('',*,*,#13415,.T.);
#13415 = EDGE_CURVE('',#5266,#8912,#13416,.T.);
#13416 = LINE('',#13417,#13418);
#13417 = CARTESIAN_POINT('',(7.41626739502,4.820951938629,0.699999988079
    ));
#13418 = VECTOR('',#13419,1.);
#13419 = DIRECTION('',(0.,0.,-1.));
#13420 = PLANE('',#13421);
#13421 = AXIS2_PLACEMENT_3D('',#13422,#13423,#13424);
#13422 = CARTESIAN_POINT('',(7.406671790751,4.841766604008,
    0.329734238387));
#13423 = DIRECTION('',(0.908144632,0.418656574497,0.));
#13424 = DIRECTION('',(-0.418656574497,0.908144632,0.));
#13425 = ADVANCED_FACE('',(#13426),#13436,.T.);
#13426 = FACE_BOUND('',#13427,.T.);
#13427 = EDGE_LOOP('',(#13428,#13434,#13435));
#13428 = ORIENTED_EDGE('',*,*,#13429,.T.);
#13429 = EDGE_CURVE('',#5244,#8912,#13430,.T.);
#13430 = LINE('',#13431,#13432);
#13431 = CARTESIAN_POINT('',(7.446162223816,4.739918708801,
    0.699999988079));
#13432 = VECTOR('',#13433,1.);
#13433 = DIRECTION('',(-4.238546557859E-02,0.114890478115,-0.99247350108
    ));
#13434 = ORIENTED_EDGE('',*,*,#13415,.F.);
#13435 = ORIENTED_EDGE('',*,*,#5274,.F.);
#13436 = PLANE('',#13437);
#13437 = AXIS2_PLACEMENT_3D('',#13438,#13439,#13440);
#13438 = CARTESIAN_POINT('',(7.424200444374,4.79944853361,0.370265814217
    ));
#13439 = DIRECTION('',(0.938190989964,0.346117994838,0.));
#13440 = DIRECTION('',(-0.346117994838,0.938190989964,0.));
#13441 = ADVANCED_FACE('',(#13442),#13452,.T.);
#13442 = FACE_BOUND('',#13443,.T.);
#13443 = EDGE_LOOP('',(#13444,#13445,#13446));
#13444 = ORIENTED_EDGE('',*,*,#8911,.F.);
#13445 = ORIENTED_EDGE('',*,*,#13429,.F.);
#13446 = ORIENTED_EDGE('',*,*,#13447,.T.);
#13447 = EDGE_CURVE('',#5244,#8889,#13448,.T.);
#13448 = LINE('',#13449,#13450);
#13449 = CARTESIAN_POINT('',(7.446162223816,4.739918708801,
    0.699999988079));
#13450 = VECTOR('',#13451,1.);
#13451 = DIRECTION('',(0.,0.,-1.));
#13452 = PLANE('',#13453);
#13453 = AXIS2_PLACEMENT_3D('',#13454,#13455,#13456);
#13454 = CARTESIAN_POINT('',(7.438229174461,4.76142211382,0.329734173862
    ));
#13455 = DIRECTION('',(0.938190989964,0.346117994838,0.));
#13456 = DIRECTION('',(-0.346117994838,0.938190989964,0.));
#13457 = ADVANCED_FACE('',(#13458),#13468,.T.);
#13458 = FACE_BOUND('',#13459,.T.);
#13459 = EDGE_LOOP('',(#13460,#13466,#13467));
#13460 = ORIENTED_EDGE('',*,*,#13461,.T.);
#13461 = EDGE_CURVE('',#5220,#8889,#13462,.T.);
#13462 = LINE('',#13463,#13464);
#13463 = CARTESIAN_POINT('',(7.469606876373,4.656789779663,
    0.699999988079));
#13464 = VECTOR('',#13465,1.);
#13465 = DIRECTION('',(-3.324028163048E-02,0.11786180279,-0.992473515576
    ));
#13466 = ORIENTED_EDGE('',*,*,#13447,.F.);
#13467 = ORIENTED_EDGE('',*,*,#5243,.F.);
#13468 = PLANE('',#13469);
#13469 = AXIS2_PLACEMENT_3D('',#13470,#13471,#13472);
#13470 = CARTESIAN_POINT('',(7.452383620055,4.717859179201,
    0.370265795762));
#13471 = DIRECTION('',(0.962455630237,0.271439053609,0.));
#13472 = DIRECTION('',(-0.271439053609,0.962455630237,0.));
#13473 = ADVANCED_FACE('',(#13474),#13484,.T.);
#13474 = FACE_BOUND('',#13475,.T.);
#13475 = EDGE_LOOP('',(#13476,#13477,#13478));
#13476 = ORIENTED_EDGE('',*,*,#8888,.F.);
#13477 = ORIENTED_EDGE('',*,*,#13461,.F.);
#13478 = ORIENTED_EDGE('',*,*,#13479,.T.);
#13479 = EDGE_CURVE('',#5220,#8866,#13480,.T.);
#13480 = LINE('',#13481,#13482);
#13481 = CARTESIAN_POINT('',(7.469606876373,4.656789779663,
    0.699999988079));
#13482 = VECTOR('',#13483,1.);
#13483 = DIRECTION('',(0.,0.,-1.));
#13484 = PLANE('',#13485);
#13485 = AXIS2_PLACEMENT_3D('',#13486,#13487,#13488);
#13486 = CARTESIAN_POINT('',(7.463385480135,4.678849309264,
    0.329734192318));
#13487 = DIRECTION('',(0.962455630237,0.271439053609,0.));
#13488 = DIRECTION('',(-0.271439053609,0.962455630237,0.));
#13489 = ADVANCED_FACE('',(#13490),#13500,.T.);
#13490 = FACE_BOUND('',#13491,.T.);
#13491 = EDGE_LOOP('',(#13492,#13498,#13499));
#13492 = ORIENTED_EDGE('',*,*,#13493,.T.);
#13493 = EDGE_CURVE('',#5197,#8866,#13494,.T.);
#13494 = LINE('',#13495,#13496);
#13495 = CARTESIAN_POINT('',(7.48645734787,4.57207775116,0.699999988079)
  );
#13496 = VECTOR('',#13497,1.);
#13497 = DIRECTION('',(-2.389092434943E-02,0.120106352209,
    -0.992473519996));
#13498 = ORIENTED_EDGE('',*,*,#13479,.F.);
#13499 = ORIENTED_EDGE('',*,*,#5228,.F.);
#13500 = PLANE('',#13501);
#13501 = AXIS2_PLACEMENT_3D('',#13502,#13503,#13504);
#13502 = CARTESIAN_POINT('',(7.474078405987,4.634310150877,
    0.370265790135));
#13503 = DIRECTION('',(0.980784834319,0.195092564621,0.));
#13504 = DIRECTION('',(-0.195092564621,0.980784834319,0.));
#13505 = ADVANCED_FACE('',(#13506),#13516,.T.);
#13506 = FACE_BOUND('',#13507,.T.);
#13507 = EDGE_LOOP('',(#13508,#13509,#13510));
#13508 = ORIENTED_EDGE('',*,*,#8865,.F.);
#13509 = ORIENTED_EDGE('',*,*,#13493,.F.);
#13510 = ORIENTED_EDGE('',*,*,#13511,.T.);
#13511 = EDGE_CURVE('',#5197,#8827,#13512,.T.);
#13512 = LINE('',#13513,#13514);
#13513 = CARTESIAN_POINT('',(7.48645734787,4.57207775116,0.699999988079)
  );
#13514 = VECTOR('',#13515,1.);
#13515 = DIRECTION('',(0.,0.,-1.));
#13516 = PLANE('',#13517);
#13517 = AXIS2_PLACEMENT_3D('',#13518,#13519,#13520);
#13518 = CARTESIAN_POINT('',(7.481985818256,4.594557379946,
    0.329734197944));
#13519 = DIRECTION('',(0.980784834319,0.195092564621,0.));
#13520 = DIRECTION('',(-0.195092564621,0.980784834319,0.));
#13521 = ADVANCED_FACE('',(#13522),#13532,.T.);
#13522 = FACE_BOUND('',#13523,.T.);
#13523 = EDGE_LOOP('',(#13524,#13530,#13531));
#13524 = ORIENTED_EDGE('',*,*,#13525,.T.);
#13525 = EDGE_CURVE('',#5175,#8827,#13526,.T.);
#13526 = LINE('',#13527,#13528);
#13527 = CARTESIAN_POINT('',(7.496609210968,4.486305236816,
    0.699999988079));
#13528 = VECTOR('',#13529,1.);
#13529 = DIRECTION('',(-1.439350900241E-02,0.121609939518,
    -0.992473601417));
#13530 = ORIENTED_EDGE('',*,*,#13511,.F.);
#13531 = ORIENTED_EDGE('',*,*,#5205,.F.);
#13532 = PLANE('',#13533);
#13533 = AXIS2_PLACEMENT_3D('',#13534,#13535,#13536);
#13534 = CARTESIAN_POINT('',(7.489151298732,4.549316713437,
    0.370265686475));
#13535 = DIRECTION('',(0.993068433939,0.117537591915,0.));
#13536 = DIRECTION('',(-0.117537591915,0.993068433939,0.));
#13537 = ADVANCED_FACE('',(#13538),#13548,.T.);
#13538 = FACE_BOUND('',#13539,.T.);
#13539 = EDGE_LOOP('',(#13540,#13541,#13542));
#13540 = ORIENTED_EDGE('',*,*,#8826,.F.);
#13541 = ORIENTED_EDGE('',*,*,#13525,.F.);
#13542 = ORIENTED_EDGE('',*,*,#13543,.T.);
#13543 = EDGE_CURVE('',#5175,#8804,#13544,.T.);
#13544 = LINE('',#13545,#13546);
#13545 = CARTESIAN_POINT('',(7.496609210968,4.486305236816,
    0.699999988079));
#13546 = VECTOR('',#13547,1.);
#13547 = DIRECTION('',(0.,0.,-1.));
#13548 = PLANE('',#13549);
#13549 = AXIS2_PLACEMENT_3D('',#13550,#13551,#13552);
#13550 = CARTESIAN_POINT('',(7.493915260106,4.509066274539,
    0.329734301605));
#13551 = DIRECTION('',(0.993068433939,0.117537591915,0.));
#13552 = DIRECTION('',(-0.117537591915,0.993068433939,0.));
#13553 = ADVANCED_FACE('',(#13554),#13564,.T.);
#13554 = FACE_BOUND('',#13555,.T.);
#13555 = EDGE_LOOP('',(#13556,#13557,#13558));
#13556 = ORIENTED_EDGE('',*,*,#8803,.F.);
#13557 = ORIENTED_EDGE('',*,*,#13543,.F.);
#13558 = ORIENTED_EDGE('',*,*,#13559,.T.);
#13559 = EDGE_CURVE('',#5175,#8691,#13560,.T.);
#13560 = LINE('',#13561,#13562);
#13561 = CARTESIAN_POINT('',(7.496609210968,4.486305236816,
    0.699999988079));
#13562 = VECTOR('',#13563,1.);
#13563 = DIRECTION('',(4.80752621989E-03,-0.122365097478,-0.992473511289
    ));
#13564 = PLANE('',#13565);
#13565 = AXIS2_PLACEMENT_3D('',#13566,#13567,#13568);
#13566 = CARTESIAN_POINT('',(7.497509008584,4.463402850442,0.32973418686
    ));
#13567 = DIRECTION('',(0.99922910401,3.925809087884E-02,0.));
#13568 = DIRECTION('',(-3.925809087884E-02,0.99922910401,0.));
#13569 = ADVANCED_FACE('',(#13570),#13575,.T.);
#13570 = FACE_BOUND('',#13571,.T.);
#13571 = EDGE_LOOP('',(#13572,#13573,#13574));
#13572 = ORIENTED_EDGE('',*,*,#12930,.F.);
#13573 = ORIENTED_EDGE('',*,*,#13559,.F.);
#13574 = ORIENTED_EDGE('',*,*,#5174,.F.);
#13575 = PLANE('',#13576);
#13576 = AXIS2_PLACEMENT_3D('',#13577,#13578,#13579);
#13577 = CARTESIAN_POINT('',(7.499100202384,4.422902481741,
    0.370265801219));
#13578 = DIRECTION('',(0.99922910401,3.925809087884E-02,0.));
#13579 = DIRECTION('',(-3.925809087884E-02,0.99922910401,0.));
#13580 = ADVANCED_FACE('',(#13581),#13596,.T.);
#13581 = FACE_BOUND('',#13582,.T.);
#13582 = EDGE_LOOP('',(#13583,#13589,#13590));
#13583 = ORIENTED_EDGE('',*,*,#13584,.T.);
#13584 = EDGE_CURVE('',#8579,#22,#13585,.T.);
#13585 = LINE('',#13586,#13587);
#13586 = CARTESIAN_POINT('',(-6.400000095367,5.5,0.));
#13587 = VECTOR('',#13588,1.);
#13588 = DIRECTION('',(0.,0.,1.));
#13589 = ORIENTED_EDGE('',*,*,#53,.F.);
#13590 = ORIENTED_EDGE('',*,*,#13591,.T.);
#13591 = EDGE_CURVE('',#54,#8579,#13592,.T.);
#13592 = LINE('',#13593,#13594);
#13593 = CARTESIAN_POINT('',(-6.156902313232,5.5,0.699999988079));
#13594 = VECTOR('',#13595,1.);
#13595 = DIRECTION('',(-0.328062547487,0.,-0.944656003494));
#13596 = PLANE('',#13597);
#13597 = AXIS2_PLACEMENT_3D('',#13598,#13599,#13600);
#13598 = CARTESIAN_POINT('',(-6.334923623807,5.5,0.484585481307));
#13599 = DIRECTION('',(0.,1.,0.));
#13600 = DIRECTION('',(0.,-0.,1.));
#13601 = ADVANCED_FACE('',(#13602),#13612,.T.);
#13602 = FACE_BOUND('',#13603,.T.);
#13603 = EDGE_LOOP('',(#13604,#13605,#13606));
#13604 = ORIENTED_EDGE('',*,*,#9295,.F.);
#13605 = ORIENTED_EDGE('',*,*,#13591,.F.);
#13606 = ORIENTED_EDGE('',*,*,#13607,.T.);
#13607 = EDGE_CURVE('',#54,#9257,#13608,.T.);
#13608 = LINE('',#13609,#13610);
#13609 = CARTESIAN_POINT('',(-6.156902313232,5.5,0.699999988079));
#13610 = VECTOR('',#13611,1.);
#13611 = DIRECTION('',(0.998449791026,0.,-5.565981315082E-02));
#13612 = PLANE('',#13613);
#13613 = AXIS2_PLACEMENT_3D('',#13614,#13615,#13616);
#13614 = CARTESIAN_POINT('',(-0.11960416025,5.5,0.178466900121));
#13615 = DIRECTION('',(0.,1.,0.));
#13616 = DIRECTION('',(0.,-0.,1.));
#13617 = ADVANCED_FACE('',(#13618),#13623,.T.);
#13618 = FACE_BOUND('',#13619,.T.);
#13619 = EDGE_LOOP('',(#13620,#13621,#13622));
#13620 = ORIENTED_EDGE('',*,*,#12945,.F.);
#13621 = ORIENTED_EDGE('',*,*,#13607,.F.);
#13622 = ORIENTED_EDGE('',*,*,#3271,.F.);
#13623 = PLANE('',#13624);
#13624 = AXIS2_PLACEMENT_3D('',#13625,#13626,#13627);
#13625 = CARTESIAN_POINT('',(0.291674876651,5.5,0.520125979623));
#13626 = DIRECTION('',(0.,1.,0.));
#13627 = DIRECTION('',(0.,-0.,1.));
#13628 = ADVANCED_FACE('',(#13629),#13639,.T.);
#13629 = FACE_BOUND('',#13630,.T.);
#13630 = EDGE_LOOP('',(#13631,#13632,#13633));
#13631 = ORIENTED_EDGE('',*,*,#21,.F.);
#13632 = ORIENTED_EDGE('',*,*,#13584,.F.);
#13633 = ORIENTED_EDGE('',*,*,#13634,.T.);
#13634 = EDGE_CURVE('',#8579,#24,#13635,.T.);
#13635 = LINE('',#13636,#13637);
#13636 = CARTESIAN_POINT('',(-6.400000095367,5.5,0.));
#13637 = VECTOR('',#13638,1.);
#13638 = DIRECTION('',(-6.201315468681E-02,-1.752808465807E-03,
    0.998073793017));
#13639 = PLANE('',#13640);
#13640 = AXIS2_PLACEMENT_3D('',#13641,#13642,#13643);
#13641 = CARTESIAN_POINT('',(-6.416686651609,5.499528352699,
    0.50601554351));
#13642 = DIRECTION('',(-2.8253823246E-02,0.999600781048,0.));
#13643 = DIRECTION('',(0.999600781048,2.8253823246E-02,0.));
#13644 = ADVANCED_FACE('',(#13645),#13655,.T.);
#13645 = FACE_BOUND('',#13646,.T.);
#13646 = EDGE_LOOP('',(#13647,#13653,#13654));
#13647 = ORIENTED_EDGE('',*,*,#13648,.T.);
#13648 = EDGE_CURVE('',#10658,#24,#13649,.T.);
#13649 = LINE('',#13650,#13651);
#13650 = CARTESIAN_POINT('',(-6.486305236816,5.496609210968,0.));
#13651 = VECTOR('',#13652,1.);
#13652 = DIRECTION('',(2.416521494543E-02,1.634118257608E-03,
    0.999706642993));
#13653 = ORIENTED_EDGE('',*,*,#13634,.F.);
#13654 = ORIENTED_EDGE('',*,*,#10665,.F.);
#13655 = PLANE('',#13656);
#13656 = AXIS2_PLACEMENT_3D('',#13657,#13658,#13659);
#13657 = CARTESIAN_POINT('',(-6.452233437944,5.498276128407,
    0.479323008712));
#13658 = DIRECTION('',(-3.925808168509E-02,0.999228870003,
    -6.843789250892E-04));
#13659 = DIRECTION('',(0.99922910401,3.925809087884E-02,
    -3.388131789017E-21));
#13660 = ADVANCED_FACE('',(#13661),#13671,.T.);
#13661 = FACE_BOUND('',#13662,.T.);
#13662 = EDGE_LOOP('',(#13663,#13664,#13665));
#13663 = ORIENTED_EDGE('',*,*,#2710,.F.);
#13664 = ORIENTED_EDGE('',*,*,#13648,.F.);
#13665 = ORIENTED_EDGE('',*,*,#13666,.T.);
#13666 = EDGE_CURVE('',#10658,#2711,#13667,.T.);
#13667 = LINE('',#13668,#13669);
#13668 = CARTESIAN_POINT('',(-6.486305236816,5.496609210968,0.));
#13669 = VECTOR('',#13670,1.);
#13670 = DIRECTION('',(-6.294046106116E-02,-6.784631549353E-03,
    0.997994221995));
#13671 = PLANE('',#13672);
#13672 = AXIS2_PLACEMENT_3D('',#13673,#13674,#13675);
#13673 = CARTESIAN_POINT('',(-6.496454591266,5.495262425188,
    0.520968427315));
#13674 = DIRECTION('',(-9.621515334546E-02,0.995360314683,
    6.987283753437E-04));
#13675 = DIRECTION('',(0.995360557661,9.621517683261E-02,0.));
#13676 = ADVANCED_FACE('',(#13677),#13687,.T.);
#13677 = FACE_BOUND('',#13678,.T.);
#13678 = EDGE_LOOP('',(#13679,#13685,#13686));
#13679 = ORIENTED_EDGE('',*,*,#13680,.T.);
#13680 = EDGE_CURVE('',#10634,#2711,#13681,.T.);
#13681 = LINE('',#13682,#13683);
#13682 = CARTESIAN_POINT('',(-6.57207775116,5.48645734787,0.));
#13683 = VECTOR('',#13684,1.);
#13684 = DIRECTION('',(2.26995768076E-02,3.352712764094E-03,
    0.999736709604));
#13685 = ORIENTED_EDGE('',*,*,#13666,.F.);
#13686 = ORIENTED_EDGE('',*,*,#10657,.F.);
#13687 = PLANE('',#13688);
#13688 = AXIS2_PLACEMENT_3D('',#13689,#13690,#13691);
#13689 = CARTESIAN_POINT('',(-6.538846651286,5.490709845334,
    0.479323621763));
#13690 = DIRECTION('',(-0.117537566192,0.993068216603,
    -6.615936651261E-04));
#13691 = DIRECTION('',(0.993068433939,0.117537591915,0.));
#13692 = ADVANCED_FACE('',(#13693),#13703,.T.);
#13693 = FACE_BOUND('',#13694,.T.);
#13694 = EDGE_LOOP('',(#13695,#13696,#13697));
#13695 = ORIENTED_EDGE('',*,*,#2734,.F.);
#13696 = ORIENTED_EDGE('',*,*,#13680,.F.);
#13697 = ORIENTED_EDGE('',*,*,#13698,.T.);
#13698 = EDGE_CURVE('',#10634,#2655,#13699,.T.);
#13699 = LINE('',#13700,#13701);
#13700 = CARTESIAN_POINT('',(-6.57207775116,5.48645734787,0.));
#13701 = VECTOR('',#13702,1.);
#13702 = DIRECTION('',(-6.345258075118E-02,-1.197313673142E-02,
    0.997913029273));
#13703 = PLANE('',#13704);
#13704 = AXIS2_PLACEMENT_3D('',#13705,#13706,#13707);
#13705 = CARTESIAN_POINT('',(-6.582745131659,5.484202216578,
    0.520967888582));
#13706 = DIRECTION('',(-0.175156935264,0.984540294766,6.752852885064E-04
    ));
#13707 = DIRECTION('',(0.984540519247,0.1751569752,0.));
#13708 = ADVANCED_FACE('',(#13709),#13719,.T.);
#13709 = FACE_BOUND('',#13710,.T.);
#13710 = EDGE_LOOP('',(#13711,#13717,#13718));
#13711 = ORIENTED_EDGE('',*,*,#13712,.T.);
#13712 = EDGE_CURVE('',#10611,#2655,#13713,.T.);
#13713 = LINE('',#13714,#13715);
#13714 = CARTESIAN_POINT('',(-6.656789779663,5.469606876373,0.));
#13715 = VECTOR('',#13716,1.);
#13716 = DIRECTION('',(2.112178531744E-02,4.851155315088E-03,
    0.999765140659));
#13717 = ORIENTED_EDGE('',*,*,#13698,.F.);
#13718 = ORIENTED_EDGE('',*,*,#10642,.F.);
#13719 = PLANE('',#13720);
#13720 = AXIS2_PLACEMENT_3D('',#13721,#13722,#13723);
#13721 = CARTESIAN_POINT('',(-6.624590640597,5.476323259841,
    0.479324038787));
#13722 = DIRECTION('',(-0.195092524992,0.980784635092,
    -6.373858615932E-04));
#13723 = DIRECTION('',(0.980784834319,0.195092564621,0.));
#13724 = ADVANCED_FACE('',(#13725),#13735,.T.);
#13725 = FACE_BOUND('',#13726,.T.);
#13726 = EDGE_LOOP('',(#13727,#13728,#13729));
#13727 = ORIENTED_EDGE('',*,*,#2654,.F.);
#13728 = ORIENTED_EDGE('',*,*,#13712,.F.);
#13729 = ORIENTED_EDGE('',*,*,#13730,.T.);
#13730 = EDGE_CURVE('',#10611,#2548,#13731,.T.);
#13731 = LINE('',#13732,#13733);
#13732 = CARTESIAN_POINT('',(-6.656789779663,5.469606876373,0.));
#13733 = VECTOR('',#13734,1.);
#13734 = DIRECTION('',(-6.352963392975E-02,-1.728257647284E-02,
    0.997830295272));
#13735 = PLANE('',#13736);
#13736 = AXIS2_PLACEMENT_3D('',#13737,#13738,#13739);
#13737 = CARTESIAN_POINT('',(-6.667890692637,5.466354058757,
    0.520967265981));
#13738 = DIRECTION('',(-0.252978805446,0.967471602314,6.501617092763E-04
    ));
#13739 = DIRECTION('',(0.967471806795,0.252978858914,0.));
#13740 = ADVANCED_FACE('',(#13741),#13751,.T.);
#13741 = FACE_BOUND('',#13742,.T.);
#13742 = EDGE_LOOP('',(#13743,#13749,#13750));
#13743 = ORIENTED_EDGE('',*,*,#13744,.T.);
#13744 = EDGE_CURVE('',#10589,#2548,#13745,.T.);
#13745 = LINE('',#13746,#13747);
#13746 = CARTESIAN_POINT('',(-6.739918708801,5.446162223816,0.));
#13747 = VECTOR('',#13748,1.);
#13748 = DIRECTION('',(1.945710588772E-02,6.123222209146E-03,
    0.999791941946));
#13749 = ORIENTED_EDGE('',*,*,#13730,.F.);
#13750 = ORIENTED_EDGE('',*,*,#10619,.F.);
#13751 = PLANE('',#13752);
#13752 = AXIS2_PLACEMENT_3D('',#13753,#13754,#13755);
#13753 = CARTESIAN_POINT('',(-6.708929339982,5.455206890221,
    0.479324589942));
#13754 = DIRECTION('',(-0.27143900277,0.962455449974,-6.120385071857E-04
    ));
#13755 = DIRECTION('',(0.962455630237,0.271439053609,0.));
#13756 = ADVANCED_FACE('',(#13757),#13767,.T.);
#13757 = FACE_BOUND('',#13758,.T.);
#13758 = EDGE_LOOP('',(#13759,#13760,#13761));
#13759 = ORIENTED_EDGE('',*,*,#2578,.F.);
#13760 = ORIENTED_EDGE('',*,*,#13744,.F.);
#13761 = ORIENTED_EDGE('',*,*,#13762,.T.);
#13762 = EDGE_CURVE('',#10589,#2570,#13763,.T.);
#13763 = LINE('',#13764,#13765);
#13764 = CARTESIAN_POINT('',(-6.739918708801,5.446162223816,0.));
#13765 = VECTOR('',#13766,1.);
#13766 = DIRECTION('',(-6.315649950871E-02,-2.267768784149E-02,
    0.997745949149));
#13767 = PLANE('',#13768);
#13768 = AXIS2_PLACEMENT_3D('',#13769,#13770,#13771);
#13769 = CARTESIAN_POINT('',(-6.751358089011,5.441829968868,
    0.520966768878));
#13770 = DIRECTION('',(-0.329204583212,0.944258414589,6.235940826571E-04
    ));
#13771 = DIRECTION('',(0.944258598186,0.329204647221,0.));
#13772 = ADVANCED_FACE('',(#13773),#13783,.T.);
#13773 = FACE_BOUND('',#13774,.T.);
#13774 = EDGE_LOOP('',(#13775,#13781,#13782));
#13775 = ORIENTED_EDGE('',*,*,#13776,.T.);
#13776 = EDGE_CURVE('',#10565,#2570,#13777,.T.);
#13777 = LINE('',#13778,#13779);
#13778 = CARTESIAN_POINT('',(-6.820951938629,5.41626739502,0.));
#13779 = VECTOR('',#13780,1.);
#13780 = DIRECTION('',(1.773080766765E-02,7.164598360612E-03,
    0.999817126774));
#13781 = ORIENTED_EDGE('',*,*,#13762,.F.);
#13782 = ORIENTED_EDGE('',*,*,#10588,.F.);
#13783 = PLANE('',#13784);
#13784 = AXIS2_PLACEMENT_3D('',#13785,#13786,#13787);
#13785 = CARTESIAN_POINT('',(-6.791335443599,5.427492366715,
    0.479325159834));
#13786 = DIRECTION('',(-0.34611793563,0.938190829473,-5.849168974472E-04
    ));
#13787 = DIRECTION('',(0.938190989964,0.346117994838,0.));
#13788 = ADVANCED_FACE('',(#13789),#13799,.T.);
#13789 = FACE_BOUND('',#13790,.T.);
#13790 = EDGE_LOOP('',(#13791,#13792,#13793));
#13791 = ORIENTED_EDGE('',*,*,#2617,.F.);
#13792 = ORIENTED_EDGE('',*,*,#13776,.F.);
#13793 = ORIENTED_EDGE('',*,*,#13794,.T.);
#13794 = EDGE_CURVE('',#10565,#2609,#13795,.T.);
#13795 = LINE('',#13796,#13797);
#13796 = CARTESIAN_POINT('',(-6.820951938629,5.41626739502,0.));
#13797 = VECTOR('',#13798,1.);
#13798 = DIRECTION('',(-6.2319975983E-02,-2.811893909515E-02,
    0.997660035211));
#13799 = PLANE('',#13800);
#13800 = AXIS2_PLACEMENT_3D('',#13801,#13802,#13803);
#13801 = CARTESIAN_POINT('',(-6.832624635157,5.410783162784,
    0.52096610069));
#13802 = DIRECTION('',(-0.403337933975,0.915050903625,5.956440557442E-04
    ));
#13803 = DIRECTION('',(0.915051065951,0.403338005526,2.710505431214E-20)
  );
#13804 = ADVANCED_FACE('',(#13805),#13815,.T.);
#13805 = FACE_BOUND('',#13806,.T.);
#13806 = EDGE_LOOP('',(#13807,#13813,#13814));
#13807 = ORIENTED_EDGE('',*,*,#13808,.T.);
#13808 = EDGE_CURVE('',#10542,#2609,#13809,.T.);
#13809 = LINE('',#13810,#13811);
#13810 = CARTESIAN_POINT('',(-6.899389743805,5.380107402802,0.));
#13811 = VECTOR('',#13812,1.);
#13812 = DIRECTION('',(1.596911616851E-02,7.973830957408E-03,
    0.999840689984));
#13813 = ORIENTED_EDGE('',*,*,#13794,.F.);
#13814 = ORIENTED_EDGE('',*,*,#10573,.F.);
#13815 = PLANE('',#13816);
#13816 = AXIS2_PLACEMENT_3D('',#13817,#13818,#13819);
#13817 = CARTESIAN_POINT('',(-6.871293322886,5.393353322544,
    0.479325848286));
#13818 = DIRECTION('',(-0.418656509808,0.908144491678,-5.55904782909E-04
    ));
#13819 = DIRECTION('',(0.908144632,0.418656574497,2.710505431214E-20));
#13820 = ADVANCED_FACE('',(#13821),#13831,.T.);
#13821 = FACE_BOUND('',#13822,.T.);
#13822 = EDGE_LOOP('',(#13823,#13824,#13825));
#13823 = ORIENTED_EDGE('',*,*,#2640,.F.);
#13824 = ORIENTED_EDGE('',*,*,#13808,.F.);
#13825 = ORIENTED_EDGE('',*,*,#13826,.T.);
#13826 = EDGE_CURVE('',#10542,#2632,#13827,.T.);
#13827 = LINE('',#13828,#13829);
#13828 = CARTESIAN_POINT('',(-6.899389743805,5.380107402802,0.));
#13829 = VECTOR('',#13830,1.);
#13830 = DIRECTION('',(-6.101162021019E-02,-3.356680849942E-02,
    0.997572479355));
#13831 = PLANE('',#13832);
#13832 = AXIS2_PLACEMENT_3D('',#13833,#13834,#13835);
#13833 = CARTESIAN_POINT('',(-6.91118152989,5.373408605782,
    0.520965558846));
#13834 = DIRECTION('',(-0.474905438993,0.880036648626,5.666469244031E-04
    ));
#13835 = DIRECTION('',(0.880036789911,0.474905515237,0.));
#13836 = ADVANCED_FACE('',(#13837),#13847,.T.);
#13837 = FACE_BOUND('',#13838,.T.);
#13838 = EDGE_LOOP('',(#13839,#13845,#13846));
#13839 = ORIENTED_EDGE('',*,*,#13840,.T.);
#13840 = EDGE_CURVE('',#10520,#2632,#13841,.T.);
#13841 = LINE('',#13842,#13843);
#13842 = CARTESIAN_POINT('',(-6.97474861145,5.33790397644,0.));
#13843 = VECTOR('',#13844,1.);
#13844 = DIRECTION('',(1.419682960424E-02,8.553760282421E-03,
    0.999862632172));
#13845 = ORIENTED_EDGE('',*,*,#13826,.F.);
#13846 = ORIENTED_EDGE('',*,*,#10550,.F.);
#13847 = PLANE('',#13848);
#13848 = AXIS2_PLACEMENT_3D('',#13849,#13850,#13851);
#13849 = CARTESIAN_POINT('',(-6.948303368083,5.353003284315,
    0.479326430264));
#13850 = DIRECTION('',(-0.488624987382,0.872493750561,
    -5.262489936512E-04));
#13851 = DIRECTION('',(0.872493871374,0.488625055042,0.));
#13852 = ADVANCED_FACE('',(#13853),#13863,.T.);
#13853 = FACE_BOUND('',#13854,.T.);
#13854 = EDGE_LOOP('',(#13855,#13856,#13857));
#13855 = ORIENTED_EDGE('',*,*,#2773,.F.);
#13856 = ORIENTED_EDGE('',*,*,#13840,.F.);
#13857 = ORIENTED_EDGE('',*,*,#13858,.T.);
#13858 = EDGE_CURVE('',#10520,#2765,#13859,.T.);
#13859 = LINE('',#13860,#13861);
#13860 = CARTESIAN_POINT('',(-6.97474861145,5.33790397644,0.));
#13861 = VECTOR('',#13862,1.);
#13862 = DIRECTION('',(-5.922443351385E-02,-3.897941449554E-02,
    0.997483369145));
#13863 = PLANE('',#13864);
#13864 = AXIS2_PLACEMENT_3D('',#13865,#13866,#13867);
#13865 = CARTESIAN_POINT('',(-6.986536916138,5.329939727022,
    0.520964849744));
#13866 = DIRECTION('',(-0.543467289373,0.839430175079,5.353015444547E-04
    ));
#13867 = DIRECTION('',(0.839430295348,0.543467367238,0.));
#13868 = ADVANCED_FACE('',(#13869),#13879,.T.);
#13869 = FACE_BOUND('',#13870,.T.);
#13870 = EDGE_LOOP('',(#13871,#13877,#13878));
#13871 = ORIENTED_EDGE('',*,*,#13872,.T.);
#13872 = EDGE_CURVE('',#10496,#2765,#13873,.T.);
#13873 = LINE('',#13874,#13875);
#13874 = CARTESIAN_POINT('',(-7.046563625336,5.289918899536,0.));
#13875 = VECTOR('',#13876,1.);
#13876 = DIRECTION('',(1.243970217135E-02,8.906275595446E-03,
    0.999882959183));
#13877 = ORIENTED_EDGE('',*,*,#13858,.F.);
#13878 = ORIENTED_EDGE('',*,*,#10519,.F.);
#13879 = PLANE('',#13880);
#13880 = AXIS2_PLACEMENT_3D('',#13881,#13882,#13883);
#13881 = CARTESIAN_POINT('',(-7.021883502033,5.30669449652,
    0.479327280403));
#13882 = DIRECTION('',(-0.55556871433,0.831470480156,-4.942537516294E-04
    ));
#13883 = DIRECTION('',(0.831470581715,0.555568782189,2.710505431214E-20)
  );
#13884 = ADVANCED_FACE('',(#13885),#13895,.T.);
#13885 = FACE_BOUND('',#13886,.T.);
#13886 = EDGE_LOOP('',(#13887,#13888,#13889));
#13887 = ORIENTED_EDGE('',*,*,#2812,.F.);
#13888 = ORIENTED_EDGE('',*,*,#13872,.F.);
#13889 = ORIENTED_EDGE('',*,*,#13890,.T.);
#13890 = EDGE_CURVE('',#10496,#2804,#13891,.T.);
#13891 = LINE('',#13892,#13893);
#13892 = CARTESIAN_POINT('',(-7.046563625336,5.289918899536,0.));
#13893 = VECTOR('',#13894,1.);
#13894 = DIRECTION('',(-5.69566468338E-02,-4.431536164569E-02,
    0.997392645403));
#13895 = PLANE('',#13896);
#13896 = AXIS2_PLACEMENT_3D('',#13897,#13898,#13899);
#13897 = CARTESIAN_POINT('',(-7.058218664082,5.280649635021,
    0.520964054995));
#13898 = DIRECTION('',(-0.608570801439,0.793499417927,5.033739344939E-04
    ));
#13899 = DIRECTION('',(0.793499518458,0.608570878541,-2.710505431214E-20
    ));
#13900 = ADVANCED_FACE('',(#13901),#13911,.T.);
#13901 = FACE_BOUND('',#13902,.T.);
#13902 = EDGE_LOOP('',(#13903,#13909,#13910));
#13903 = ORIENTED_EDGE('',*,*,#13904,.T.);
#13904 = EDGE_CURVE('',#10473,#2804,#13905,.T.);
#13905 = LINE('',#13906,#13907);
#13906 = CARTESIAN_POINT('',(-7.114392757416,5.236446380615,0.));
#13907 = VECTOR('',#13908,1.);
#13908 = DIRECTION('',(1.07225361232E-02,9.040420091248E-03,
    0.999901644175));
#13909 = ORIENTED_EDGE('',*,*,#13890,.F.);
#13910 = ORIENTED_EDGE('',*,*,#10504,.F.);
#13911 = PLANE('',#13912);
#13912 = AXIS2_PLACEMENT_3D('',#13913,#13914,#13915);
#13913 = CARTESIAN_POINT('',(-7.091573849829,5.254717057037,
    0.479327815063));
#13914 = DIRECTION('',(-0.619096330953,0.78531491783,-4.6133936413E-04)
  );
#13915 = DIRECTION('',(0.785315001401,0.619096396836,2.710505431214E-20)
  );
#13916 = ADVANCED_FACE('',(#13917),#13927,.T.);
#13917 = FACE_BOUND('',#13918,.T.);
#13918 = EDGE_LOOP('',(#13919,#13920,#13921));
#13919 = ORIENTED_EDGE('',*,*,#2851,.F.);
#13920 = ORIENTED_EDGE('',*,*,#13904,.F.);
#13921 = ORIENTED_EDGE('',*,*,#13922,.T.);
#13922 = EDGE_CURVE('',#10473,#2843,#13923,.T.);
#13923 = LINE('',#13924,#13925);
#13924 = CARTESIAN_POINT('',(-7.114392757416,5.236446380615,0.));
#13925 = VECTOR('',#13926,1.);
#13926 = DIRECTION('',(-5.420935703471E-02,-4.953089735291E-02,
    0.997300373918));
#13927 = PLANE('',#13928);
#13928 = AXIS2_PLACEMENT_3D('',#13929,#13930,#13931);
#13929 = CARTESIAN_POINT('',(-7.12577852907,5.225846345594,
    0.520963379736));
#13930 = DIRECTION('',(-0.669812459237,0.742530167173,4.69349811567E-04)
  );
#13931 = DIRECTION('',(0.742530248958,0.669812533013,0.));
#13932 = ADVANCED_FACE('',(#13933),#13943,.T.);
#13933 = FACE_BOUND('',#13934,.T.);
#13934 = EDGE_LOOP('',(#13935,#13941,#13942));
#13935 = ORIENTED_EDGE('',*,*,#13936,.T.);
#13936 = EDGE_CURVE('',#10451,#2843,#13937,.T.);
#13937 = LINE('',#13938,#13939);
#13938 = CARTESIAN_POINT('',(-7.177817344666,5.177817344666,0.));
#13939 = VECTOR('',#13940,1.);
#13940 = DIRECTION('',(9.067751933175E-03,8.963333084013E-03,
    0.999918713964));
#13941 = ORIENTED_EDGE('',*,*,#13922,.F.);
#13942 = ORIENTED_EDGE('',*,*,#10481,.F.);
#13943 = PLANE('',#13944);
#13944 = AXIS2_PLACEMENT_3D('',#13945,#13946,#13947);
#13945 = CARTESIAN_POINT('',(-7.156938947251,5.197395727211,
    0.479328642797));
#13946 = DIRECTION('',(-0.678800375033,0.734322727878,
    -4.268204827318E-04));
#13947 = DIRECTION('',(0.734322794766,0.678800436864,0.));
#13948 = ADVANCED_FACE('',(#13949),#13959,.T.);
#13949 = FACE_BOUND('',#13950,.T.);
#13950 = EDGE_LOOP('',(#13951,#13952,#13953));
#13951 = ORIENTED_EDGE('',*,*,#2890,.F.);
#13952 = ORIENTED_EDGE('',*,*,#13936,.F.);
#13953 = ORIENTED_EDGE('',*,*,#13954,.T.);
#13954 = EDGE_CURVE('',#10451,#2882,#13955,.T.);
#13955 = LINE('',#13956,#13957);
#13956 = CARTESIAN_POINT('',(-7.177817344666,5.177817344666,0.));
#13957 = VECTOR('',#13958,1.);
#13958 = DIRECTION('',(-5.09879376612E-02,-5.458418282372E-02,
    0.997206496769));
#13959 = PLANE('',#13960);
#13960 = AXIS2_PLACEMENT_3D('',#13961,#13962,#13963);
#13961 = CARTESIAN_POINT('',(-7.188793364312,5.165873605785,
    0.52096259679));
#13962 = DIRECTION('',(-0.726801970696,0.686846931264,4.340574349732E-04
    ));
#13963 = DIRECTION('',(-0.686846995967,-0.726802039163,0.));
#13964 = ADVANCED_FACE('',(#13965),#13975,.T.);
#13965 = FACE_BOUND('',#13966,.T.);
#13966 = EDGE_LOOP('',(#13967,#13973,#13974));
#13967 = ORIENTED_EDGE('',*,*,#13968,.T.);
#13968 = EDGE_CURVE('',#10427,#2882,#13969,.T.);
#13969 = LINE('',#13970,#13971);
#13970 = CARTESIAN_POINT('',(-7.236446380615,5.114392757416,0.));
#13971 = VECTOR('',#13972,1.);
#13972 = DIRECTION('',(7.497770613708E-03,8.686924185129E-03,
    0.999934158224));
#13973 = ORIENTED_EDGE('',*,*,#13954,.F.);
#13974 = ORIENTED_EDGE('',*,*,#10450,.F.);
#13975 = PLANE('',#13976);
#13976 = AXIS2_PLACEMENT_3D('',#13977,#13978,#13979);
#13977 = CARTESIAN_POINT('',(-7.217569843894,5.135089348923,
    0.479329423929));
#13978 = DIRECTION('',(-0.734322738654,0.678800384995,
    -3.909297699336E-04));
#13979 = DIRECTION('',(-0.678800436864,-0.734322794766,
    -2.710505431214E-20));
#13980 = ADVANCED_FACE('',(#13981),#13991,.T.);
#13981 = FACE_BOUND('',#13982,.T.);
#13982 = EDGE_LOOP('',(#13983,#13984,#13985));
#13983 = ORIENTED_EDGE('',*,*,#2965,.F.);
#13984 = ORIENTED_EDGE('',*,*,#13968,.F.);
#13985 = ORIENTED_EDGE('',*,*,#13986,.T.);
#13986 = EDGE_CURVE('',#10427,#2966,#13987,.T.);
#13987 = LINE('',#13988,#13989);
#13988 = CARTESIAN_POINT('',(-7.236446380615,5.114392757416,0.));
#13989 = VECTOR('',#13990,1.);
#13990 = DIRECTION('',(-4.730109826714E-02,-5.943197449157E-02,
    0.99711105024));
#13991 = PLANE('',#13992);
#13992 = AXIS2_PLACEMENT_3D('',#13993,#13994,#13995);
#13993 = CARTESIAN_POINT('',(-7.246868556829,5.101106814946,
    0.520961753301));
#13994 = DIRECTION('',(-0.779179077347,0.626801250549,3.971571958194E-04
    ));
#13995 = DIRECTION('',(-0.626801299983,-0.779179138799,
    -2.710505431214E-20));
#13996 = ADVANCED_FACE('',(#13997),#14007,.T.);
#13997 = FACE_BOUND('',#13998,.T.);
#13998 = EDGE_LOOP('',(#13999,#14005,#14006));
#13999 = ORIENTED_EDGE('',*,*,#14000,.T.);
#14000 = EDGE_CURVE('',#10404,#2966,#14001,.T.);
#14001 = LINE('',#14002,#14003);
#14002 = CARTESIAN_POINT('',(-7.289918899536,5.046563625336,0.));
#14003 = VECTOR('',#14004,1.);
#14004 = DIRECTION('',(6.034060281886E-03,8.224536215113E-03,
    0.999947972207));
#14005 = ORIENTED_EDGE('',*,*,#13986,.F.);
#14006 = ORIENTED_EDGE('',*,*,#10435,.F.);
#14007 = PLANE('',#14008);
#14008 = AXIS2_PLACEMENT_3D('',#14009,#14010,#14011);
#14009 = CARTESIAN_POINT('',(-7.273087472943,5.068187483284,
    0.479330158154));
#14010 = DIRECTION('',(-0.785314952427,0.619096358228,
    -3.531610298658E-04));
#14011 = DIRECTION('',(-0.619096396836,-0.785315001401,0.));
#14012 = ADVANCED_FACE('',(#14013),#14023,.T.);
#14013 = FACE_BOUND('',#14014,.T.);
#14014 = EDGE_LOOP('',(#14015,#14016,#14017));
#14015 = ORIENTED_EDGE('',*,*,#2996,.F.);
#14016 = ORIENTED_EDGE('',*,*,#14000,.F.);
#14017 = ORIENTED_EDGE('',*,*,#14018,.T.);
#14018 = EDGE_CURVE('',#10404,#2988,#14019,.T.);
#14019 = LINE('',#14020,#14021);
#14020 = CARTESIAN_POINT('',(-7.289918899536,5.046563625336,0.));
#14021 = VECTOR('',#14022,1.);
#14022 = DIRECTION('',(-4.316135114931E-02,-6.403199689655E-02,
    0.997014042599));
#14023 = PLANE('',#14024);
#14024 = AXIS2_PLACEMENT_3D('',#14025,#14026,#14027);
#14025 = CARTESIAN_POINT('',(-7.299640780003,5.031951536502,
    0.520960930055));
#14026 = DIRECTION('',(-0.826608779383,0.562776862343,3.592472098057E-04
    ));
#14027 = DIRECTION('',(-0.562776898658,-0.826608832723,
    -2.710505431214E-20));
#14028 = ADVANCED_FACE('',(#14029),#14039,.T.);
#14029 = FACE_BOUND('',#14030,.T.);
#14030 = EDGE_LOOP('',(#14031,#14037,#14038));
#14031 = ORIENTED_EDGE('',*,*,#14032,.T.);
#14032 = EDGE_CURVE('',#10382,#2988,#14033,.T.);
#14033 = LINE('',#14034,#14035);
#14034 = CARTESIAN_POINT('',(-7.33790397644,4.97474861145,0.));
#14035 = VECTOR('',#14036,1.);
#14036 = DIRECTION('',(4.694274841505E-03,7.590945198248E-03,
    0.999960169874));
#14037 = ORIENTED_EDGE('',*,*,#14018,.F.);
#14038 = ORIENTED_EDGE('',*,*,#10412,.F.);
#14039 = PLANE('',#14040);
#14040 = AXIS2_PLACEMENT_3D('',#14041,#14042,#14043);
#14041 = CARTESIAN_POINT('',(-7.32314464149,4.997108644392,
    0.479331185561));
#14042 = DIRECTION('',(-0.831470540685,0.555568754774,-3.1415324352E-04)
  );
#14043 = DIRECTION('',(-0.555568782189,-0.831470581715,0.));
#14044 = ADVANCED_FACE('',(#14045),#14055,.T.);
#14045 = FACE_BOUND('',#14046,.T.);
#14046 = EDGE_LOOP('',(#14047,#14048,#14049));
#14047 = ORIENTED_EDGE('',*,*,#3019,.F.);
#14048 = ORIENTED_EDGE('',*,*,#14032,.F.);
#14049 = ORIENTED_EDGE('',*,*,#14050,.T.);
#14050 = EDGE_CURVE('',#10382,#3011,#14051,.T.);
#14051 = LINE('',#14052,#14053);
#14052 = CARTESIAN_POINT('',(-7.33790397644,4.97474861145,0.));
#14053 = VECTOR('',#14054,1.);
#14054 = DIRECTION('',(-3.858690876574E-02,-6.834293775445E-02,
    0.996915389254));
#14055 = PLANE('',#14056);
#14056 = AXIS2_PLACEMENT_3D('',#14057,#14058,#14059);
#14057 = CARTESIAN_POINT('',(-7.346779232544,4.958841117458,
    0.520960074395));
#14058 = DIRECTION('',(-0.868788296779,0.495183595591,3.194322299914E-04
    ));
#14059 = DIRECTION('',(-0.495183620854,-0.868788341104,0.));
#14060 = ADVANCED_FACE('',(#14061),#14071,.T.);
#14061 = FACE_BOUND('',#14062,.T.);
#14062 = EDGE_LOOP('',(#14063,#14069,#14070));
#14063 = ORIENTED_EDGE('',*,*,#14064,.T.);
#14064 = EDGE_CURVE('',#10358,#3011,#14065,.T.);
#14065 = LINE('',#14066,#14067);
#14066 = CARTESIAN_POINT('',(-7.380107402802,4.899389743805,0.));
#14067 = VECTOR('',#14068,1.);
#14068 = DIRECTION('',(3.497021378318E-03,6.804267121434E-03,
    0.999970735967));
#14069 = ORIENTED_EDGE('',*,*,#14050,.F.);
#14070 = ORIENTED_EDGE('',*,*,#10381,.F.);
#14071 = PLANE('',#14072);
#14072 = AXIS2_PLACEMENT_3D('',#14073,#14074,#14075);
#14073 = CARTESIAN_POINT('',(-7.367428654807,4.92229745509,
    0.479331897769));
#14074 = DIRECTION('',(-0.872493838715,0.488625036751,
    -2.736136728792E-04));
#14075 = DIRECTION('',(-0.488625055042,-0.872493871374,0.));
#14076 = ADVANCED_FACE('',(#14077),#14087,.T.);
#14077 = FACE_BOUND('',#14078,.T.);
#14078 = EDGE_LOOP('',(#14079,#14080,#14081));
#14079 = ORIENTED_EDGE('',*,*,#3034,.F.);
#14080 = ORIENTED_EDGE('',*,*,#14064,.F.);
#14081 = ORIENTED_EDGE('',*,*,#14082,.T.);
#14082 = EDGE_CURVE('',#10358,#3035,#14083,.T.);
#14083 = LINE('',#14084,#14085);
#14084 = CARTESIAN_POINT('',(-7.380107402802,4.899389743805,0.));
#14085 = VECTOR('',#14086,1.);
#14086 = DIRECTION('',(-3.359599009165E-02,-7.232351919702E-02,
    0.996815237655));
#14087 = PLANE('',#14088);
#14088 = AXIS2_PLACEMENT_3D('',#14089,#14090,#14091);
#14089 = CARTESIAN_POINT('',(-7.387989581892,4.882233143265,
    0.520959100589));
#14090 = DIRECTION('',(-0.905454980523,0.424442223097,2.783853071065E-04
    ));
#14091 = DIRECTION('',(-0.424442239543,-0.905455015609,
    -1.355252715607E-20));
#14092 = ADVANCED_FACE('',(#14093),#14103,.T.);
#14093 = FACE_BOUND('',#14094,.T.);
#14094 = EDGE_LOOP('',(#14095,#14101,#14102));
#14095 = ORIENTED_EDGE('',*,*,#14096,.T.);
#14096 = EDGE_CURVE('',#10335,#3035,#14097,.T.);
#14097 = LINE('',#14098,#14099);
#14098 = CARTESIAN_POINT('',(-7.41626739502,4.820951938629,0.));
#14099 = VECTOR('',#14100,1.);
#14100 = DIRECTION('',(2.456615112008E-03,5.883097292692E-03,
    0.999979676898));
#14101 = ORIENTED_EDGE('',*,*,#14082,.F.);
#14102 = ORIENTED_EDGE('',*,*,#10366,.F.);
#14103 = PLANE('',#14104);
#14104 = AXIS2_PLACEMENT_3D('',#14105,#14106,#14107);
#14105 = CARTESIAN_POINT('',(-7.405662441093,4.844221742794,
    0.479332877627));
#14106 = DIRECTION('',(-0.908144607552,0.418656563226,
    -2.320402426621E-04));
#14107 = DIRECTION('',(-0.418656574497,-0.908144632,0.));
#14108 = ADVANCED_FACE('',(#14109),#14119,.T.);
#14109 = FACE_BOUND('',#14110,.T.);
#14110 = EDGE_LOOP('',(#14111,#14112,#14113));
#14111 = ORIENTED_EDGE('',*,*,#3065,.F.);
#14112 = ORIENTED_EDGE('',*,*,#14096,.F.);
#14113 = ORIENTED_EDGE('',*,*,#14114,.T.);
#14114 = EDGE_CURVE('',#10335,#3057,#14115,.T.);
#14115 = LINE('',#14116,#14117);
#14116 = CARTESIAN_POINT('',(-7.41626739502,4.820951938629,0.));
#14117 = VECTOR('',#14118,1.);
#14118 = DIRECTION('',(-2.821440411103E-02,-7.593579048994E-02,
    0.996713450859));
#14119 = PLANE('',#14120);
#14120 = AXIS2_PLACEMENT_3D('',#14121,#14122,#14123);
#14121 = CARTESIAN_POINT('',(-7.423013035753,4.802607327702,0.5209582716
    ));
#14122 = DIRECTION('',(-0.936373860418,0.351004185371,2.353231858088E-04
    ));
#14123 = DIRECTION('',(-0.35100419509,-0.936373886345,
    -1.355252715607E-20));
#14124 = ADVANCED_FACE('',(#14125),#14135,.T.);
#14125 = FACE_BOUND('',#14126,.T.);
#14126 = EDGE_LOOP('',(#14127,#14133,#14134));
#14127 = ORIENTED_EDGE('',*,*,#14128,.T.);
#14128 = EDGE_CURVE('',#10313,#3057,#14129,.T.);
#14129 = LINE('',#14130,#14131);
#14130 = CARTESIAN_POINT('',(-7.446162223816,4.739918708801,0.));
#14131 = VECTOR('',#14132,1.);
#14132 = DIRECTION('',(1.587370253105E-03,4.846986669514E-03,
    0.999986993403));
#14133 = ORIENTED_EDGE('',*,*,#14114,.F.);
#14134 = ORIENTED_EDGE('',*,*,#10343,.F.);
#14135 = PLANE('',#14136);
#14136 = AXIS2_PLACEMENT_3D('',#14137,#14138,#14139);
#14137 = CARTESIAN_POINT('',(-7.437606973077,4.763369537463,
    0.479333751024));
#14138 = DIRECTION('',(-0.938190973318,0.346117988697,
    -1.883752846386E-04));
#14139 = DIRECTION('',(-0.346117994838,-0.938190989964,
    -1.355252715607E-20));
#14140 = ADVANCED_FACE('',(#14141),#14151,.T.);
#14141 = FACE_BOUND('',#14142,.T.);
#14142 = EDGE_LOOP('',(#14143,#14144,#14145));
#14143 = ORIENTED_EDGE('',*,*,#3088,.F.);
#14144 = ORIENTED_EDGE('',*,*,#14128,.F.);
#14145 = ORIENTED_EDGE('',*,*,#14146,.T.);
#14146 = EDGE_CURVE('',#10313,#3080,#14147,.T.);
#14147 = LINE('',#14148,#14149);
#14148 = CARTESIAN_POINT('',(-7.446162223816,4.739918708801,0.));
#14149 = VECTOR('',#14150,1.);
#14150 = DIRECTION('',(-2.246891238136E-02,-7.914136317638E-02,
    0.996610150767));
#14151 = PLANE('',#14152);
#14152 = AXIS2_PLACEMENT_3D('',#14153,#14154,#14155);
#14153 = CARTESIAN_POINT('',(-7.451631096604,4.720462379166,
    0.520957193178));
#14154 = DIRECTION('',(-0.961345525005,0.275344774622,1.914213269747E-04
    ));
#14155 = DIRECTION('',(-0.275344779667,-0.961345542617,0.));
#14156 = ADVANCED_FACE('',(#14157),#14167,.T.);
#14157 = FACE_BOUND('',#14158,.T.);
#14158 = EDGE_LOOP('',(#14159,#14165,#14166));
#14159 = ORIENTED_EDGE('',*,*,#14160,.T.);
#14160 = EDGE_CURVE('',#10289,#3080,#14161,.T.);
#14161 = LINE('',#14162,#14163);
#14162 = CARTESIAN_POINT('',(-7.469606876373,4.656789779663,0.));
#14163 = VECTOR('',#14164,1.);
#14164 = DIRECTION('',(8.993082996669E-04,3.718348950585E-03,
    0.999992682536));
#14165 = ORIENTED_EDGE('',*,*,#14146,.F.);
#14166 = ORIENTED_EDGE('',*,*,#10312,.F.);
#14167 = PLANE('',#14168);
#14168 = AXIS2_PLACEMENT_3D('',#14169,#14170,#14171);
#14169 = CARTESIAN_POINT('',(-7.463062876222,4.680247052107,
    0.479334742467));
#14170 = DIRECTION('',(-0.962455620292,0.271439050804,
    -1.437618342878E-04));
#14171 = DIRECTION('',(-0.271439053609,-0.962455630237,
    -6.776263578034E-21));
#14172 = ADVANCED_FACE('',(#14173),#14183,.T.);
#14173 = FACE_BOUND('',#14174,.T.);
#14174 = EDGE_LOOP('',(#14175,#14176,#14177));
#14175 = ORIENTED_EDGE('',*,*,#3103,.F.);
#14176 = ORIENTED_EDGE('',*,*,#14160,.F.);
#14177 = ORIENTED_EDGE('',*,*,#14178,.T.);
#14178 = EDGE_CURVE('',#10289,#3104,#14179,.T.);
#14179 = LINE('',#14180,#14181);
#14180 = CARTESIAN_POINT('',(-7.469606876373,4.656789779663,0.));
#14181 = VECTOR('',#14182,1.);
#14182 = DIRECTION('',(-1.639101444484E-02,-8.190612963866E-02,
    0.996505253661));
#14183 = PLANE('',#14184);
#14184 = AXIS2_PLACEMENT_3D('',#14185,#14186,#14187);
#14185 = CARTESIAN_POINT('',(-7.473664356523,4.636312814619,
    0.520956248286));
#14186 = DIRECTION('',(-0.980215935978,0.19793104272,1.455407066946E-04)
  );
#14187 = DIRECTION('',(-0.197931044816,-0.98021594636,3.388131789017E-21
    ));
#14188 = ADVANCED_FACE('',(#14189),#14199,.T.);
#14189 = FACE_BOUND('',#14190,.T.);
#14190 = EDGE_LOOP('',(#14191,#14197,#14198));
#14191 = ORIENTED_EDGE('',*,*,#14192,.T.);
#14192 = EDGE_CURVE('',#10266,#3104,#14193,.T.);
#14193 = LINE('',#14194,#14195);
#14194 = CARTESIAN_POINT('',(-7.48645734787,4.57207775116,0.));
#14195 = VECTOR('',#14196,1.);
#14196 = DIRECTION('',(4.019724169118E-04,2.518645677495E-03,
    0.999996747416));
#14197 = ORIENTED_EDGE('',*,*,#14178,.F.);
#14198 = ORIENTED_EDGE('',*,*,#10297,.F.);
#14199 = PLANE('',#14200);
#14200 = AXIS2_PLACEMENT_3D('',#14201,#14202,#14203);
#14201 = CARTESIAN_POINT('',(-7.481870885882,4.595373799857,
    0.47933575258));
#14202 = DIRECTION('',(-0.980784829693,0.195092563701,
    -9.712090970808E-05));
#14203 = DIRECTION('',(-0.195092564621,-0.980784834319,0.));
#14204 = ADVANCED_FACE('',(#14205),#14215,.T.);
#14205 = FACE_BOUND('',#14206,.T.);
#14206 = EDGE_LOOP('',(#14207,#14208,#14209));
#14207 = ORIENTED_EDGE('',*,*,#3134,.F.);
#14208 = ORIENTED_EDGE('',*,*,#14192,.F.);
#14209 = ORIENTED_EDGE('',*,*,#14210,.T.);
#14210 = EDGE_CURVE('',#10266,#3126,#14211,.T.);
#14211 = LINE('',#14212,#14213);
#14212 = CARTESIAN_POINT('',(-7.48645734787,4.57207775116,0.));
#14213 = VECTOR('',#14214,1.);
#14214 = DIRECTION('',(-1.001457843115E-02,-8.419743275075E-02,
    0.996398765825));
#14215 = PLANE('',#14216);
#14216 = AXIS2_PLACEMENT_3D('',#14217,#14218,#14219);
#14217 = CARTESIAN_POINT('',(-7.488975156598,4.550685425713,
    0.520955258641));
#14218 = DIRECTION('',(-0.992862925312,0.119261065705,9.872746323886E-05
    ));
#14219 = DIRECTION('',(-0.119261066286,-0.992862930151,0.));
#14220 = ADVANCED_FACE('',(#14221),#14231,.T.);
#14221 = FACE_BOUND('',#14222,.T.);
#14222 = EDGE_LOOP('',(#14223,#14229,#14230));
#14223 = ORIENTED_EDGE('',*,*,#14224,.T.);
#14224 = EDGE_CURVE('',#10244,#3126,#14225,.T.);
#14225 = LINE('',#14226,#14227);
#14226 = CARTESIAN_POINT('',(-7.496609210968,4.486305236816,0.));
#14227 = VECTOR('',#14228,1.);
#14228 = DIRECTION('',(1.010893954E-04,1.270769994062E-03,0.999999187462
    ));
#14229 = ORIENTED_EDGE('',*,*,#14210,.F.);
#14230 = ORIENTED_EDGE('',*,*,#10274,.F.);
#14231 = PLANE('',#14232);
#14232 = AXIS2_PLACEMENT_3D('',#14233,#14234,#14235);
#14233 = CARTESIAN_POINT('',(-7.49391351682,4.509280729626,
    0.479336897208));
#14234 = DIRECTION('',(-0.993068432748,0.117537591774,
    -4.897459713763E-05));
#14235 = DIRECTION('',(-0.117537591915,-0.993068433939,
    -8.470329472543E-22));
#14236 = ADVANCED_FACE('',(#14237),#14247,.T.);
#14237 = FACE_BOUND('',#14238,.T.);
#14238 = EDGE_LOOP('',(#14239,#14240,#14241));
#14239 = ORIENTED_EDGE('',*,*,#3125,.F.);
#14240 = ORIENTED_EDGE('',*,*,#14224,.F.);
#14241 = ORIENTED_EDGE('',*,*,#14242,.T.);
#14242 = EDGE_CURVE('',#10244,#2921,#14243,.T.);
#14243 = LINE('',#14244,#14245);
#14244 = CARTESIAN_POINT('',(-7.496609210968,4.486305236816,0.));
#14245 = VECTOR('',#14246,1.);
#14246 = DIRECTION('',(-3.378211589833E-03,-8.598501008324E-02,
    0.996290703423));
#14247 = PLANE('',#14248);
#14248 = AXIS2_PLACEMENT_3D('',#14249,#14250,#14251);
#14249 = CARTESIAN_POINT('',(-7.497467655935,4.464116767458,
    0.52095409332));
#14250 = DIRECTION('',(-0.999206033562,3.984093315787E-02,
    5.038051235649E-05));
#14251 = DIRECTION('',(-3.984093320844E-02,-0.99920603483,0.));
#14252 = ADVANCED_FACE('',(#14253),#14263,.T.);
#14253 = FACE_BOUND('',#14254,.T.);
#14254 = EDGE_LOOP('',(#14255,#14261,#14262));
#14255 = ORIENTED_EDGE('',*,*,#14256,.T.);
#14256 = EDGE_CURVE('',#8459,#2921,#14257,.T.);
#14257 = LINE('',#14258,#14259);
#14258 = CARTESIAN_POINT('',(-7.5,4.400000095367,0.));
#14259 = VECTOR('',#14260,1.);
#14260 = DIRECTION('',(0.,0.,1.));
#14261 = ORIENTED_EDGE('',*,*,#14242,.F.);
#14262 = ORIENTED_EDGE('',*,*,#10243,.F.);
#14263 = PLANE('',#14264);
#14264 = AXIS2_PLACEMENT_3D('',#14265,#14266,#14267);
#14265 = CARTESIAN_POINT('',(-7.499115762227,4.422506439869,
    0.479337845405));
#14266 = DIRECTION('',(-0.99922910401,3.925809087884E-02,-0.));
#14267 = DIRECTION('',(-3.925809087884E-02,-0.99922910401,0.));
#14268 = ADVANCED_FACE('',(#14269),#14279,.T.);
#14269 = FACE_BOUND('',#14270,.T.);
#14270 = EDGE_LOOP('',(#14271,#14272,#14273));
#14271 = ORIENTED_EDGE('',*,*,#2148,.F.);
#14272 = ORIENTED_EDGE('',*,*,#2950,.F.);
#14273 = ORIENTED_EDGE('',*,*,#14274,.T.);
#14274 = EDGE_CURVE('',#2921,#2140,#14275,.T.);
#14275 = LINE('',#14276,#14277);
#14276 = CARTESIAN_POINT('',(-7.5,4.400000095367,1.));
#14277 = VECTOR('',#14278,1.);
#14278 = DIRECTION('',(0.,-0.993605255064,-0.112909685628));
#14279 = PLANE('',#14280);
#14280 = AXIS2_PLACEMENT_3D('',#14281,#14282,#14283);
#14281 = CARTESIAN_POINT('',(-7.5,-0.235841017756,0.735841017756));
#14282 = DIRECTION('',(-1.,-0.,-0.));
#14283 = DIRECTION('',(0.,0.,-1.));
#14284 = ADVANCED_FACE('',(#14285),#14290,.T.);
#14285 = FACE_BOUND('',#14286,.T.);
#14286 = EDGE_LOOP('',(#14287,#14288,#14289));
#14287 = ORIENTED_EDGE('',*,*,#8497,.F.);
#14288 = ORIENTED_EDGE('',*,*,#14274,.F.);
#14289 = ORIENTED_EDGE('',*,*,#14256,.F.);
#14290 = PLANE('',#14291);
#14291 = AXIS2_PLACEMENT_3D('',#14292,#14293,#14294);
#14292 = CARTESIAN_POINT('',(-7.5,0.235841017756,0.264158982244));
#14293 = DIRECTION('',(-1.,-0.,-0.));
#14294 = DIRECTION('',(0.,0.,-1.));
#14295 = ( GEOMETRIC_REPRESENTATION_CONTEXT(3) 
GLOBAL_UNCERTAINTY_ASSIGNED_CONTEXT((#14299)) 
GLOBAL_UNIT_ASSIGNED_CONTEXT((#14296,#14297,#14298)) 
REPRESENTATION_CONTEXT('Context #1',
  '3D Context with UNIT and UNCERTAINTY') );
#14296 = ( LENGTH_UNIT() NAMED_UNIT(*) SI_UNIT(.MILLI.,.METRE.) );
#14297 = ( NAMED_UNIT(*) PLANE_ANGLE_UNIT() SI_UNIT($,.RADIAN.) );
#14298 = ( NAMED_UNIT(*) SI_UNIT($,.STERADIAN.) SOLID_ANGLE_UNIT() );
#14299 = UNCERTAINTY_MEASURE_WITH_UNIT(LENGTH_MEASURE(1.E-07),#14296,
  'distance_accuracy_value','confusion accuracy');
#14300 = PRODUCT_RELATED_PRODUCT_CATEGORY('part',$,(#7));
#14301 = MECHANICAL_DESIGN_GEOMETRIC_PRESENTATION_REPRESENTATION('',(
    #14302),#14295);
#14302 = STYLED_ITEM('color',(#14303),#15);
#14303 = PRESENTATION_STYLE_ASSIGNMENT((#14304,#14310));
#14304 = SURFACE_STYLE_USAGE(.BOTH.,#14305);
#14305 = SURFACE_SIDE_STYLE('',(#14306));
#14306 = SURFACE_STYLE_FILL_AREA(#14307);
#14307 = FILL_AREA_STYLE('',(#14308));
#14308 = FILL_AREA_STYLE_COLOUR('',#14309);
#14309 = COLOUR_RGB('',0.2,0.2,0.2);
#14310 = CURVE_STYLE('',#14311,POSITIVE_LENGTH_MEASURE(0.1),#14312);
#14311 = DRAUGHTING_PRE_DEFINED_CURVE_FONT('continuous');
#14312 = COLOUR_RGB('',9.803921802644E-02,9.803921802644E-02,
  9.803921802644E-02);
ENDSEC;
END-ISO-10303-21;
